slug;name;name_short;dev_id;developer;class;class_declared;class_disputed;okrug;district;address;lat;lon;geo_precision;type;units_total;units_per_floor;floors;ceilings_m;parking;stage;deadline_initial;deadline;price_from_m2;price_median_m2;price_check;penthouses;penthouse_flag;architect;facade;energy_class;escrow;maintenance_rub_m2;website;sources;updated;p01;p02;p03;p04;p05;p06;p07;p08;p09;pasport;pasport_why;school_min;school_name;nota_school_min;nota_school_name;nota_15;marked_min;marked_name;marked_20;lots;lot_min_m2;lot_min_price;lots_median_m2;lots_date;has_foto
republic;Republic (Репаблик);Republic;forma;FORMA;премиум;бизнес / премиум;да;ЦАО;Пресненский;Пресненский Вал, вл. 21-27;55.77157;37.56888;адрес;квартиры;2651;;;;1687;строится;;IV кв. 2027;747000;;;да;да;;;;;;https://republic.forma.ru/;https://novostroev.ru/novostroyki/moskva/cao/presnenskiy/republic/ https://mskguru.ru/novostroyki/1468-zhk-presnenskij-val-17 approx-coords;21.09.2026;да;;;нет;нет;;нет данных;нет данных;да;Без отметки;нет: 04;6;Романовская школа;6;Романовская школа;1;;;0;;;;;;да
stoun-rayz;СТОУН Райз (STONE Rise);СТОУН Райз;stone;STONE;бизнес;бизнес / бизнес;да;ЦАО;Таганский;Золоторожский Вал, вл. 11;55.75166;37.68688;адрес;квартиры;545;;;;257;строится;;IV кв. 2028;520000;;;;;;;;;;https://stone.ru/;https://novostroev.ru/novostroyki/moskva/cao/taganskiy/rise/;21.09.2026;да;;;да;нет;;нет данных;нет данных;да;Присмотреться;нет данных: 02, 03, 06, 07, 08;7;Лицей №1303;18;Школа «Содружество»;0;;;0;;;;;;
paveletskaya-ot-granel;Павелецкая от Гранель (MYPRIORITY Paveletskaya);Павелецкая от Гранель;gk-granel;ГК Гранель;бизнес;бизнес;;ЦАО;Замоскворечье;Дубининская ул., 17;55.72726;37.63898;адрес;квартиры;377;;;;104;строится;;III кв. 2028;653000;;;;;;;;;;;https://mskguru.ru/novostroyki/4746-zhk-mypriority-paveletskaya https://novostroev.ru/novostroyki/moskva/cao/zamoskvoreche/mypriority-paveletskaya/;21.09.2026;да;;;да;нет;;нет данных;нет данных;да;Присмотреться;нет данных: 02, 03, 06, 07, 08;7;Школа № 627 им. Д.Д. Лелюшенко;7;Школа № 627 им. Д.Д. Лелюшенко;3;;;0;;;;;;
voxhall;Voxhall (Воксхолл);Voxhall;gruppa-etalon;Группа Эталон;бизнес;бизнес;;ЦАО;Замоскворечье;Летниковская ул., 4;55.72770;37.64439;адрес;квартиры+апартаменты;3776;;;;596;строится;;I кв. 2026;592000;;;;;;;;;;;https://mskguru.ru/novostroyki/4806-zhk-voxhall https://www.cian.ru/novostroyki-biznes-klassa-moskva-cao-044/;21.09.2026;да;;;нет;нет;;нет данных;нет данных;да;Без отметки;нет: 04;14;Школа № 1553 им. В.И. Вернадского;14;Школа № 1553 им. В.И. Вернадского;2;;;0;;;;;;
intelligent;Интеллигент;Интеллигент;mosrealstroy;Мосреалстрой (УЭЗ);бизнес;бизнес;;ЦАО;Басманный;Семёновская наб., 3;55.78089;37.70362;адрес;квартиры;813;;;;161;строится;;I кв. 2026;452000;;;;;;;;;;;https://mskguru.ru/novostroyki/4589-zhk-intelligent https://novostroev.ru/novostroyki/moskva/cao/basmannyy/intelligent/;21.09.2026;да;;;да;нет;;нет данных;нет данных;да;Присмотреться;нет данных: 02, 03, 06, 07, 08;6;Школа на Яузе;6;Школа на Яузе;2;;;0;;;;;;
shelepikha;Шелепиха;Шелепиха;uez;УЭЗ;бизнес;бизнес;;ЦАО;Пресненский;Шмитовский пр-д, 40;55.75606;37.52679;адрес;квартиры;653;;;;234;строится;;2026;410000;;;;;;;;;;;https://mskguru.ru/novostroyki/1430-zhk-shelepihinskoe-shosse https://www.cian.ru/novostroyki-biznes-klassa-moskva-cao-044/;21.09.2026;да;;;да;нет;;нет данных;нет данных;да;Присмотреться;нет данных: 02, 03, 06, 07, 08;10;Романовская школа;10;Романовская школа;2;;;0;;;;;;
kostomarovskiy-15;Костомаровский, 15;Костомаровский, 15;tsentr-invest;Центр-Инвест;бизнес;бизнес;;ЦАО;Таганский;Костомаровский пер., вл. 15;55.75195;37.66462;адрес;апартаменты;143;;;;164;анонс;;I кв. 2027;;;;;;;;;;;;https://novostroev.ru/novostroyki/moskva/cao/taganskiy/kostomarovskiy-15/ https://www.cian.ru/novostroyki-biznes-klassa-moskva-cao-044/;21.09.2026;да;;;да;да;;нет данных;нет данных;нет данных;Присмотреться;нет данных: 02, 03, 06, 07, 08, 09;2;Инженерная школа № 1581;2;Инженерная школа № 1581;6;13;Школа Центра педагогического мастерства (ЦПМ);1;;;;;;да
scala;Scala (Скала);Scala;stenoy;STENOY;бизнес;бизнес;;ЦАО;Красносельский;ул. Гаврикова, вл. 11;55.78038;37.67451;адрес;квартиры;160;;;;;анонс;;II кв. 2028;;;;;;;;;;;;https://novostroev.ru/novostroyki/moskva/cao/krasnoselskiy/scala-skala/;21.09.2026;да;;;да;нет данных;;нет данных;нет данных;нет данных;Присмотреться;нет данных: 02, 03, 05, 06, 07, 08, 09;5;Школа № 315;5;Школа № 315;2;;;0;;;;;;да
red7;RED7;RED7;gk-osnova;ГК Основа;премиум;бизнес-премиум;да;ЦАО;Красносельский;просп. Академика Сахарова, вл. 7;55.77117;37.64369;адрес;апартаменты;;;;;;сдан, есть остатки;;сдан;;;;;;;;;;;;https://novostroev.ru/novostroyki/moskva/cao/krasnoselskiy/siluet-na-uglu-sadovogo-koltsa-i-prospekta-akademika-sakharova/ https://ama.ru/msk/moskva/tsao/biznes;21.09.2026;да;;;нет данных;нет данных;;нет данных;нет данных;нет данных;Присмотреться;нет данных: 02, 03, 04, 05, 06, 07, 08, 09;5;Пушкинская школа № 1500;5;Пушкинская школа № 1500;4;15;Лицей НИУ ВШЭ;2;;;;;;
chkalov;Chkalov;Chkalov;ikon-development;Ikon Development;элитный;бизнес / премиум (Метриум), элит (kvadroom);да;ЦАО;Басманный;Земляной Вал, 24/32;55.75783;37.65612;адрес;квартиры+апартаменты;396;;;;;сдан, есть остатки;;сдан;669000;;цена не бьётся с классом;;;;;;;;;https://mskguru.ru/novostroyki/1301-zhk-chkalov https://novostroev.ru/novostroyki/moskva/cao/basmannyy/dom-chkalov/;21.09.2026;да;;;нет;нет данных;;нет данных;нет данных;нет;Без отметки;нет: 04;6;Школа «Покровский квартал»;6;Школа «Покровский квартал»;5;8;Школа Центра педагогического мастерства (ЦПМ);2;;;;;;
rezidentsii-arkhitektorov;Резиденции архитекторов;Резиденции архитекторов;afi-development;AFI Development;бизнес;бизнес;;ЦАО;Басманный;Бауманская ул., 47/1;55.76920;37.68090;адрес;квартиры;;;;;;сдан, есть остатки;;сдан;441000;;;;;;;;;;;https://mskguru.ru/novostroyki/1064-mzhk-rezidentsii-arhitektorov https://novostroev.ru/novostroyki/moskva/cao/basmannyy/rezidentsii-arkhitektorov/;21.09.2026;да;;;нет данных;нет данных;;нет данных;нет данных;да;Присмотреться;нет данных: 02, 03, 04, 05, 06, 07, 08;4;Школа № 354 им. Д.М. Карбышева;4;Школа № 354 им. Д.М. Карбышева;1;;;0;;;;;;
headliner;HeadLiner;HeadLiner;gk-kortros;ГК КОРТРОС;бизнес;бизнес;;ЦАО;Пресненский;Шмитовский пр-д, 39;55.75226;37.52663;адрес;квартиры;;;;;;сдан, есть остатки;;сдан;425000;;;;;;;;;;;https://mskguru.ru/novostroyki/1015-zhk-tsentr-siti https://novostroev.ru/novostroyki/moskva/cao/presnenskiy/tsentr-siti/;21.09.2026;да;;;нет данных;нет данных;;нет данных;нет данных;да;Присмотреться;нет данных: 02, 03, 04, 05, 06, 07, 08;4;Романовская школа;4;Романовская школа;1;;;0;;;;;;
soul;СОУЛ (SOUL);СОУЛ;forma;FORMA;премиум;бизнес-премиум;да;САО;Аэропорт;Часовая ул., 28;55.81155;37.52312;адрес;квартиры;1284;;;;567;строится;;I кв. 2029;519000;;;да;да;;;;;;https://soul.forma.ru/;https://mskguru.ru/novostroyki/4915-zhk-soul https://novostroev.ru/novostroyki/moskva/sao/aeroport/soul/;21.09.2026;нет;;;нет;нет;;нет данных;нет данных;да;Без отметки;нет: 01, 04;12;Инженерно-техническая школа им. П.Р. Поповича;12;Инженерно-техническая школа им. П.Р. Поповича;2;16;Школа № 1575;1;;;;;;
amber-siti;Амбер Сити (AMBER CITY);Амбер Сити;gk-fsk;ГК ФСК;премиум;бизнес-премиум / премиум;да;САО;Хорошёвский;3-й Хорошёвский пр-д;55.77330;37.53875;адрес;квартиры;3500;;;;;строится;;2028-2029;491000;;;;;;;;;;https://fsk.ru/amber-city;https://mskguru.ru/novostroyki/5104-zhk-amber-city https://www.cian.ru/novostroyki-biznes-klassa-moskva-sao-045/;21.09.2026;нет;;;нет;нет данных;;нет данных;нет данных;да;Без отметки;нет: 01, 04;4;Школа № 1288 им. Н.В. Троян;4;Школа № 1288 им. Н.В. Троян;2;29;Школа № 1409;0;;;;;;
indy-towers;INDY Towers;INDY Towers;gruppa-akvilon;Группа Аквилон;бизнес;бизнес;;САО;Хорошёвский;ул. Куусинена, вл. 21;55.78982;37.50960;адрес;квартиры;959;;;;487;строится;;2026-2029;470000;;;;;;;;;;;https://mskguru.ru/novostroyki/4959-zhk-indy-towers https://www.cian.ru/novostroyki-biznes-klassa-moskva-sao-045/;21.09.2026;да;;;нет;нет;;нет данных;нет данных;да;Без отметки;нет: 04;9;Школа № 1251 им. Шарля де Голля;9;Школа № 1251 им. Шарля де Голля;1;18;Курчатовская школа;1;;;;;;
sezar-siti;Сезар Сити (SEZAR CITY);Сезар Сити;sezar-group;Sezar Group;бизнес;бизнес;;САО;Хорошёвский;2-й Хорошёвский пр-д, 7;55.77234;37.53169;адрес;квартиры;605;;;;696;строится;;2027;510000;;;;;;;;;;https://sezar-group.ru/projects/sezarcity;https://mskguru.ru/novostroyki/5095-zhk-sezar-city https://www.cian.ru/novostroyki-biznes-klassa-moskva-sao-045/;21.09.2026;да;;;да;да;;нет данных;нет данных;да;Присмотреться;нет данных: 02, 03, 06, 07, 08;12;Школа № 1288 им. Н.В. Троян;12;Школа № 1288 им. Н.В. Троян;1;;;0;;;;;;
seliger-siti;Селигер Сити;Селигер Сити;mr-group;MR Group;бизнес;бизнес;;САО;Западное Дегунино;Ильменский пр-д, вл. 14;55.86066;37.54529;адрес;квартиры;4666;;;;2278;строится;;2026;497000;;;да;да;;;;;;;https://mskguru.ru/novostroyki/1069-zhk-seliger-siti https://mskguru.ru/rayon/sao;21.09.2026;да;;;нет;нет;;нет данных;нет данных;да;Без отметки;нет: 04;10;Лицей №1594;19;Школа № 656 им. А.С. Макаренко;0;;;0;;;;;;
mangazeya-na-rechnom;Мангазея на Речном;Мангазея на Речном;gk-mangazeya;ГК Мангазея;бизнес;бизнес;;САО;Левобережный;Ленинградское ш., 57;55.85506;37.46422;адрес;квартиры;;;;;2500;строится;;III кв. 2027;503000;;;;;;;;;;;https://mskguru.ru/novostroyki/5067-zhk-mangazeya-na-rechnom https://novostroev.ru/novostroyki/moskva/sao/levoberezhnyy/mangazeya-na-rechnom/;21.09.2026;да;;;нет данных;нет данных;;нет данных;нет данных;да;Присмотреться;нет данных: 02, 03, 04, 05, 06, 07, 08;10;Cambridge International School (CIS);10;Cambridge International School (CIS);1;;;0;;;;;;
severnyy-port-beregovye-kvartaly;Северный порт. Береговые кварталы;Северный порт. Береговые кварталы;legenda-intelligent-development;LEGENDA Intelligent Development;бизнес;бизнес;;САО;Левобережный;Ленинградское ш., 57-63;55.86559;37.46222;адрес;квартиры;2124;;;;;строится;;IV кв. 2030;462000;;;;;;;;;;;https://mskguru.ru/novostroyki/4668-zhk-severnyyjj-rechnojj-port https://novostroev.ru/novostroyki/moskva/sao/levoberezhnyy/severnyy-port-beregovye-kvartaly/;21.09.2026;да;;;нет;нет данных;;нет данных;нет данных;да;Без отметки;нет: 04;12;Школа № 158;12;Школа № 158;1;;;0;;;;;;
indzhoy;Инджой (INJOY);Инджой;talan;Талан;бизнес;бизнес;;САО;Войковский;ул. Адмирала Макарова;55.83014;37.49399;адрес;квартиры;1506;;;;673;строится;;2027;486000;;;24;да;;;;;;;https://mskguru.ru/novostroyki/5002-zhk-injoy https://www.cian.ru/novostroyki-biznes-klassa-moskva-sao-045/ approx-coords;21.09.2026;да;;;нет;нет;;нет данных;нет данных;да;Без отметки;нет: 04;4;Школа № 224;4;Школа № 224;2;;;0;;;;;;
level-voykovskaya;Level Войковская;Level Войковская;level-group;Level Group;бизнес;бизнес;;САО;Войковский;Старопетровский пр-д, 11;55.82413;37.50454;адрес;квартиры;539;;;;261;строится;;III кв. 2028;463000;;;;;;;;;;;https://mskguru.ru/novostroyki/5195-zhk-level-vojjkovskaya https://www.cian.ru/novostroyki-biznes-klassa-moskva-sao-045/;21.09.2026;да;;;да;нет;;нет данных;нет данных;да;Присмотреться;нет данных: 02, 03, 06, 07, 08;7;Школа №90 им;8;Школа № 201;1;;;0;;;;;;
dom-na-chasovoy;Дом на Часовой (DD:OO:MM);Дом на Часовой;dar;DAR;бизнес;бизнес;;САО;Аэропорт;Часовая ул.;55.80700;37.53597;адрес;квартиры;255;;;;170;строится;;II кв. 2028;599000;;;да;да;;;;;;;https://mskguru.ru/novostroyki/5218-zhk-ddoomm-dom-na-chasovojj https://www.cian.ru/novostroyki-biznes-klassa-moskva-sao-045/ approx-coords;21.09.2026;да;;;да;нет;;нет данных;нет данных;да;Присмотреться;нет данных: 02, 03, 06, 07, 08;6;Школа-интернат № 2;6;Школа-интернат № 2;6;7;Школа № 1575;2;;;;;;
svet;СВЕТ;СВЕТ;dominanta;Dominanta;бизнес;бизнес;;САО;Западное Дегунино;Дмитровское ш., 82;55.86506;37.54940;адрес;квартиры;662;;;;;строится;;I кв. 2028;526000;;;;;;;;;;;https://mskguru.ru/novostroyki/5191-zhk-svet https://www.cian.ru/novostroyki-biznes-klassa-moskva-sao-045/ approx-coords;21.09.2026;да;;;да;нет данных;;нет данных;нет данных;да;Присмотреться;нет данных: 02, 03, 05, 06, 07, 08;9;Школа № 656 им. А.С. Макаренко;9;Школа № 656 им. А.С. Макаренко;1;;;0;;;;;;
aktsenty;Акценты;Акценты;plus-development;Plus Development;бизнес;бизнес;;САО;Восточное Дегунино;Дубнинская ул., 79;55.88859;37.55647;адрес;квартиры;673;;;;494;строится;;2027;403000;;;;;;;;;;;https://mskguru.ru/novostroyki/5190-zhk-akcentyy https://www.cian.ru/novostroyki-biznes-klassa-moskva-sao-045/;21.09.2026;да;;;да;нет;;нет данных;нет данных;да;Присмотреться;нет данных: 02, 03, 06, 07, 08;8;Школа №1678;19;Школа № 1449 им. М.В. Водопьянова;0;;;0;;;;;;
dmitrovskoe-nebo;Дмитровское небо;Дмитровское небо;gruppa-lsr;Группа ЛСР;бизнес;бизнес;;САО;Западное Дегунино;Ильменский пр-д;55.85815;37.54707;адрес;квартиры;2401;;;;549;строится;;II кв. 2027;412000;;;;;;;;;;;https://mskguru.ru/novostroyki/4893-zhk-dmitrovskoe-nebo https://www.cian.ru/novostroyki-biznes-klassa-moskva-sao-045/;21.09.2026;да;;;нет;нет;;нет данных;нет данных;да;Без отметки;нет: 04;12;Лицей №1594;14;Школа № 656 им. А.С. Макаренко;1;;;0;;;;;;
kronshtadtskiy-9;Кронштадтский 9;Кронштадтский 9;pik;ПИК;бизнес;бизнес;;САО;Головинский;Кронштадтский б-р, 9;55.84270;37.48794;адрес;квартиры;;;;;700;строится;;2027-2028;415000;;;;;;;;;;;https://mskguru.ru/novostroyki/4587-zhk-kronshtadskijj-9 https://www.cian.ru/novostroyki-biznes-klassa-moskva-sao-045/;21.09.2026;да;;;нет данных;нет данных;;нет данных;нет данных;да;Присмотреться;нет данных: 02, 03, 04, 05, 06, 07, 08;10;Школа № 1315;10;Школа № 1315;3;;;0;;;;;;
narvin;Нарвин;Нарвин;pik;ПИК;бизнес;бизнес;;САО;Головинский;ул. Кронштадтская, 16-18;55.84041;37.48892;адрес;квартиры;1174;;;;207;строится;;2028;402000;;;;;;;;;;;https://mskguru.ru/novostroyki/5140-zhk-narvin https://mskguru.ru/rayon/sao;21.09.2026;да;;;нет;нет;;нет данных;нет данных;да;Без отметки;нет: 04;7;Школа № 224;7;Школа № 224;3;;;0;;;;;;
businovskiy-park;Бусиновский парк;Бусиновский парк;pik;ПИК;бизнес;бизнес;;САО;Западное Дегунино;ул. Ижорская, 6с5;55.89457;37.51947;адрес;квартиры;;;;;;строится;;2026-2027;343000;;;;;;;;;;;https://mskguru.ru/novostroyki/4576-zhk-businovskijj-park https://mskguru.ru/rayon/sao;21.09.2026;да;;;нет данных;нет данных;;нет данных;нет данных;да;Присмотреться;нет данных: 02, 03, 04, 05, 06, 07, 08;13;Школа №683;22;Школа «Дмитровский»;0;;;0;;;;;;
dius;DIUS (Диус);DIUS;gk-sever;ГК Север;бизнес;бизнес;;САО;Аэропорт;ул. Академика Ильюшина, 21;55.80702;37.54800;адрес;апартаменты;451;;;;667;строится;;IV кв. 2027;447000;;;;;;;;;;;https://novostroev.ru/novostroyki/moskva/sao/aeroport/na-ul-akademika-ilyushina-21/ https://mskguru.ru/rayon/sao;21.09.2026;да;;;да;да;;нет данных;нет данных;да;Присмотреться;нет данных: 02, 03, 06, 07, 08;3;Инженерно-техническая школа им. П.Р. Поповича;3;Инженерно-техническая школа им. П.Р. Поповича;6;12;Школа № 1575;2;;;;;;
festival-park-2;Фестиваль парк-2;Фестиваль парк-2;tsentr-invest;Центр-Инвест;бизнес;бизнес;;САО;Левобережный;Фестивальная ул., 15;55.85952;37.47490;адрес;квартиры;1595;;;;1050;сдан, есть остатки;;сдан;380000;;;;;;;;;;;https://mskguru.ru/novostroyki/4611-zhk-festivaly-park2 https://ama.ru/msk/moskva/sao/biznes;21.09.2026;да;;;нет;нет;;нет данных;нет данных;да;Без отметки;нет: 04;6;Школа № 167 им. Л.А. Говорова;6;Школа № 167 им. Л.А. Говорова;3;;;0;;;;;;
leningradka-58;Ленинградка 58;Ленинградка 58;gruppa-lsr;Группа ЛСР;бизнес;бизнес;;САО;Головинский;Ленинградское ш., 58;55.84239;37.48059;адрес;квартиры;;;;;;сдан, есть остатки;;сдан;386000;;;;;;;;;;;https://mskguru.ru/rayon/sao https://ama.ru/msk/moskva/sao/biznes;21.09.2026;да;;;нет данных;нет данных;;нет данных;нет данных;да;Присмотреться;нет данных: 02, 03, 04, 05, 06, 07, 08;8;Школа № 1315;8;Школа № 1315;2;;;0;;;;;;
dom-na-zorge;Дом на Зорге;Дом на Зорге;a101;А101;бизнес;бизнес;;САО;Сокол;ул. Зорге;55.78255;37.51126;адрес;квартиры;;;;;;сдан, есть остатки;;2026;472000;;;;;;;;;;;https://mskguru.ru/rayon/sao https://ama.ru/msk/moskva/sao/biznes;21.09.2026;да;;;нет данных;нет данных;;нет данных;нет данных;да;Присмотреться;нет данных: 02, 03, 04, 05, 06, 07, 08;3;Центр образования №1865;7;Школа № 141 им. Рихарда Зорге;1;22;Курчатовская школа;0;;;;;;
l67;L67;L67;forma;FORMA;бизнес;бизнес;;САО;Левобережный;Ленинградское ш. (Левобережный);55.85850;37.46790;адрес;квартиры;;;;;;анонс;;;;;;;;;;;;;;https://novostroev.ru/novostroyki/moskva/sao/levoberezhnyy/l67/;21.09.2026;да;;;нет данных;нет данных;;нет данных;нет данных;нет данных;Присмотреться;нет данных: 02, 03, 04, 05, 06, 07, 08, 09;8;Cambridge International School (CIS);8;Cambridge International School (CIS);2;;;0;;;;;;
veri;ВЭРИ (Very) на Ботанической;ВЭРИ;gk-osnova;ГК Основа;бизнес;бизнес;;СВАО;Марфино;Ботаническая ул., 29;55.83422;37.59314;адрес;квартиры;;;;;;строится;;IV кв. 2027;447000;;;;;;;;;;;https://mskguru.ru/novostroyki/4544-zhk-botanicheskaya-29 https://www.cian.ru/novostroyki-biznes-klassa-moskva-svao-046/ approx-coords;21.09.2026;да;;;нет данных;нет данных;;нет данных;нет данных;да;Присмотреться;нет данных: 02, 03, 04, 05, 06, 07, 08;8;Школа № 296;14;Школа № 1494;1;;;0;;;;;;
mirapolis;Мираполис;Мираполис;gk-osnova;ГК Основа;бизнес;бизнес;;СВАО;Ярославский;просп. Мира, 222;55.84067;37.66814;адрес;апартаменты;1941;;;;608;строится;;IV кв. 2027;328000;;;;;;;;;;;https://mskguru.ru/novostroyki/4671-zhk-mira-222 https://novostroev.ru/novostroyki/moskva/svao/yaroslavskiy/mirapolis/;21.09.2026;да;;;нет;нет;;нет данных;нет данных;да;Без отметки;нет: 04;14;Школа № 1499 им. И.А. Докукина;14;Школа № 1499 им. И.А. Докукина;1;;;0;;;;;;
kvartal-mons;Квартал МОНС;Квартал МОНС;brusnika;Брусника;бизнес;бизнес;;СВАО;Бутырский;Огородный пр-д, 20;55.81794;37.59449;адрес;квартиры;730;;;;875;строится;;III кв. 2027;356000;;;;;;;;;;;https://mskguru.ru/novostroyki/5081-zhk-mons https://novostroev.ru/novostroyki/moskva/svao/butyrskiy/mons-ogorodnyy-proekt/;21.09.2026;да;;;да;да;;нет данных;нет данных;да;Присмотреться;нет данных: 02, 03, 06, 07, 08;6;Школа № 252;9;Школа № 1236 им. С.В. Милашенкова;1;26;Школа № 218;0;;;;;;
polar;Полар;Полар;pik;ПИК;бизнес;бизнес;;СВАО;Северное Медведково;Полярная ул., 39А;55.89340;37.64468;адрес;квартиры;2702;;;;639;строится;;II кв. 2027;361000;;;;;;;;;;;https://mskguru.ru/novostroyki/4988-zhk-polar https://www.cian.ru/novostroyki-biznes-klassa-moskva-svao-046/;21.09.2026;да;;;нет;нет;;нет данных;нет данных;да;Без отметки;нет: 04;10;Школа № 1506;10;Школа № 1506;1;;;0;;;;;;
rustaveli-14;Руставели, 14;Руставели, 14;pik;ПИК;бизнес;бизнес;;СВАО;Бутырский;ул. Руставели, 14;55.81211;37.59786;адрес;квартиры;;;;;;строится;;I кв. 2029;461000;;;;;;;;;;;https://mskguru.ru/novostroyki/4516-zhk-rustaveli-14 https://ama.ru/msk/moskva/svao/biznes;21.09.2026;да;;;нет данных;нет данных;;нет данных;нет данных;да;Присмотреться;нет данных: 02, 03, 04, 05, 06, 07, 08;8;Школа № 252;18;Школа № 1236 им. С.В. Милашенкова;0;26;Школа № 218;0;;;;;;
altufevskoe-53;Алтуфьевское 53;Алтуфьевское 53;pik;ПИК;бизнес;бизнес;;СВАО;Алтуфьевский;Алтуфьевское ш., 53;55.87126;37.58278;адрес;квартиры;;;;;;строится;;IV кв. 2028;367000;;;;;;;;;;;https://mskguru.ru/novostroyki/5071-zhk-altufevskoe-53 https://www.cian.ru/novostroyki-biznes-klassa-moskva-svao-046/;21.09.2026;да;;;нет данных;нет данных;;нет данных;нет данных;да;Присмотреться;нет данных: 02, 03, 04, 05, 06, 07, 08;10;Школа №970;14;Школа № 1411;2;;;0;;;;;;
apsayd-tauers;Апсайд Тауэрс (Upside Towers);Апсайд Тауэрс;upside-development;UPSIDE DEVELOPMENT;бизнес;бизнес;;СВАО;Бутырский;Огородный пр-д, 2;55.81189;37.60162;адрес;квартиры;731;;;;;строится;;II кв. 2027;501000;;;;;;;;;;;https://mskguru.ru/novostroyki/4849-zhk-ogorodnyyjj-proezd-2 https://novostroev.ru/novostroyki/moskva/svao/butyrskiy/upside-towers-apsayd-tauers/;21.09.2026;да;;;да;нет данных;;нет данных;нет данных;да;Присмотреться;нет данных: 02, 03, 05, 06, 07, 08;11;Школа № 252;21;Школа № 1236 им. С.В. Милашенкова;0;29;Школа № 218;0;;;;;;
tate;ТАТЕ (Tate);ТАТЕ;gk-kortros;ГК КОРТРОС;бизнес;бизнес;;СВАО;Марьина Роща;ул. Веткина, 2с1;55.80457;37.62083;адрес;квартиры;1104;;;;567;строится;;II кв. 2027;576000;;;да;да;;;;;;;https://mskguru.ru/novostroyki/5086-zhk-tate https://novostroev.ru/novostroyki/moskva/svao/marina-roshcha/tate-teyt/;21.09.2026;да;;;нет;нет;;нет данных;нет данных;да;Без отметки;нет: 04;12;Школа №1956;23;Школа «Марьина Роща» им. В.Ф. Орлова;0;29;Школа Центра педагогического мастерства (ЦПМ);0;;;;;;
mariinn-park;Mariinn Park;Mariinn Park;gruppa-etalon;Группа Эталон;бизнес;бизнес;;СВАО;Марьина Роща;Октябрьская ул., 103;55.79888;37.61224;адрес;квартиры;135;;;;64;строится;;IV кв. 2027;;;;;;;;;;;;https://novostroev.ru/novostroyki/moskva/svao/marina-roshcha/oktyabrskaya/ https://ama.ru/msk/moskva/svao/biznes;21.09.2026;да;;;да;нет;;нет данных;нет данных;нет данных;Присмотреться;нет данных: 02, 03, 06, 07, 08, 09;5;Школа №237;13;Школа «Марьина Роща» им. В.Ф. Орлова;1;20;Школа Центра педагогического мастерства (ЦПМ);1;;;;;;
om-botanicheskiy;ОМ Ботанический;ОМ Ботанический;om-development;ОМ Девелопмент;бизнес;бизнес;;СВАО;Свиблово;ул. Сельскохозяйственная, 42;55.84980;37.62716;адрес;квартиры;428;;;;194;анонс;;IV кв. 2029;;;;;;;;;;;;https://novostroev.ru/novostroyki/moskva/svao/sviblovo/om-botanicheskiy/ https://novostroev.ru/novostroyki/moskva/svao/biznes-class/;21.09.2026;да;;;да;нет;;нет данных;нет данных;нет данных;Присмотреться;нет данных: 02, 03, 06, 07, 08, 09;12;Школа «Свиблово»;12;Школа «Свиблово»;2;;;0;;;;;;
afi-tower;AFI Tower;AFI Tower;afi-development;AFI Development;бизнес;бизнес;;СВАО;Свиблово;пр-д Серебрякова, 11к1;55.84861;37.65145;адрес;квартиры;1169;;;;864;сдан, есть остатки;;сдан;;;;;;;;;;;;https://novostroev.ru/novostroyki/moskva/svao/sviblovo/afi-tower/ https://www.cian.ru/novostroyki-biznes-klassa-moskva-svao-046/;21.09.2026;да;;;нет;нет;;нет данных;нет данных;нет данных;Без отметки;нет: 04;8;Школа «Свиблово»;8;Школа «Свиблово»;1;;;0;;;;;;
dom-malevich;Дом Малевич;Дом Малевич;krost-nedvizhimost;Крост Недвижимость;бизнес;бизнес;;СВАО;Отрадное;Отрадная ул., 8А;55.85720;37.60840;адрес;квартиры;590;;;;110;сдан, есть остатки;;сдан;370000;;;;;;;;;;;https://mskguru.ru/novostroyki/4883-zhk-malevich https://www.cian.ru/novostroyki-biznes-klassa-moskva-svao-046/;21.09.2026;да;;;да;нет;;нет данных;нет данных;да;Присмотреться;нет данных: 02, 03, 06, 07, 08;6;Школа № 950;6;Школа № 950;2;;;0;;;;;;
mod;MOD;MOD;mr-group;MR Group;премиум;бизнес / премиум;да;СВАО;Марьина Роща;4-я ул. Марьиной Рощи, 12;55.79683;37.62435;адрес;квартиры;2104;;;;739;сдан, есть остатки;;сдан;587000;;;да;да;;;;;;;https://mskguru.ru/novostroyki/4542-zhk-mod https://novostroev.ru/novostroyki/moskva/svao/biznes-class/;21.09.2026;нет;;;нет;нет;;нет данных;нет данных;да;Без отметки;нет: 01, 04;6;Школа «Марьина Роща» им. В.Ф. Орлова;6;Школа «Марьина Роща» им. В.Ф. Орлова;2;13;Школа Центра педагогического мастерства (ЦПМ);2;;;;;;
ilove;iLove;iLove;gk-kortros;ГК КОРТРОС;бизнес;бизнес;;СВАО;Останкинский;ул. Бочкова, 11А;55.81028;37.62937;адрес;квартиры;2370;;;;1305;сдан, есть остатки;;сдан;422000;;;;;;;;;;;https://mskguru.ru/novostroyki/1236-zhk-ilove-ajlav https://www.cian.ru/novostroyki-biznes-klassa-moskva-svao-046/;21.09.2026;да;;;нет;нет;;нет данных;нет данных;да;Без отметки;нет: 04;4;Школа № 1531 им. С.К. Годовикова;4;Школа № 1531 им. С.К. Годовикова;4;13;Школа № 1518;1;;;;;;
laym;Лайм;Лайм;ezks;ЭЗКС;бизнес;бизнес;;СВАО;Алексеевский;Староалексеевская ул., 5А;55.81049;37.64503;адрес;квартиры;826;;;;332;сдан, есть остатки;;сдан;;;;;;;;;;;;https://novostroev.ru/novostroyki/moskva/svao/alekseevskiy/laym-staroalekseevskaya/ https://www.cian.ru/novostroyki-biznes-klassa-moskva-svao-046/;21.09.2026;да;;;да;нет;;нет данных;нет данных;нет данных;Присмотреться;нет данных: 02, 03, 06, 07, 08, 09;4;Школа № 1539;4;Школа № 1539;3;16;Школа № 1518;1;;;;;;
oktyabrskaya-98;Октябрьская 98 (Mirror);Октябрьская 98;gk-samolet;ГК Самолёт;бизнес;бизнес;;СВАО;Марьина Роща;Октябрьская ул., вл. 98;55.79960;37.61403;адрес;апартаменты;645;;;;121;сдан, есть остатки;;сдан;413000;;;;;;;;;;;https://mskguru.ru/novostroyki/4888-apartamentyy-mirrorzdanie https://ama.ru/msk/moskva/svao/biznes;21.09.2026;да;;;да;нет;;нет данных;нет данных;да;Присмотреться;нет данных: 02, 03, 06, 07, 08;7;Школа №237;14;Школа «Марьина Роща» им. В.Ф. Орлова;1;20;Школа Центра педагогического мастерства (ЦПМ);1;;;;;;
fiztekhsiti;ФизтехСити;ФизтехСити;gk-osnova;ГК Основа;бизнес;бизнес;;СВАО;Северный;Долгопрудненское ш., 3А;55.92114;37.53494;адрес;апартаменты;;;;;;сдан, есть остатки;;сдан;;;;;;;;;;;;https://www.cian.ru/novostroyki-biznes-klassa-moskva-svao-046/ https://ama.ru/msk/moskva/svao/biznes;21.09.2026;да;;;нет данных;нет данных;;нет данных;нет данных;нет данных;Присмотреться;нет данных: 02, 03, 04, 05, 06, 07, 08, 09;17;Школа № 2044 им. А.М. Серебрякова;17;Школа № 2044 им. А.М. Серебрякова;0;;;0;;;;;;
kasatkina-11;Касаткина, 11;Касаткина, 11;forma;FORMA;бизнес;бизнес;;СВАО;Алексеевский;ул. Касаткина, 11;55.82447;37.66157;адрес;квартиры;;;;;;анонс;;;;;;;;;;;;;;https://novostroev.ru/novostroyki/moskva/svao/alekseevskiy/kasatkina-11/;21.09.2026;да;;;нет данных;нет данных;;нет данных;нет данных;нет данных;Присмотреться;нет данных: 02, 03, 04, 05, 06, 07, 08, 09;9;Школа № 293 им. А.Т. Твардовского;9;Школа № 293 им. А.Т. Твардовского;1;;;0;;;;;;
sobytie;Событие;Событие;donstroy;Донстрой;премиум;бизнес и премиум;да;ЗАО;Раменки;ул. Лобачевского, 114;55.69089;37.47823;адрес;квартиры;3987;;;;2512;строится;;4 кв. 2029;519300;;;да;да;;;;;;https://donstroy.moscow/objects/sobytie/;novostroev.ru/novostroyki/moskva/zao/ramenki/sobytie/, mskguru.ru/novostroyki/1284-zhk-sobytie, donstroy.moscow, coords approx;21.09.2026;нет;;;нет;нет;;нет данных;нет данных;да;Без отметки;нет: 01, 04;12;Классический пансион МГУ;12;Классический пансион МГУ;1;12;Классический пансион МГУ;1;;;;;;
innovator;Инноватор;Инноватор;mosrealstroy;Мосреалстрой;бизнес;бизнес;;ЗАО;Раменки;Мичуринский пр-т, 45;55.68779;37.48280;адрес;квартиры;587;;;;236;сдан, есть остатки;;1 кв. 2026;477800;;;;;;;;;;;novostroev.ru/novostroyki/moskva/zao/ramenki/innovator/, coords approx;21.09.2026;да;;;да;нет;;нет данных;нет данных;да;Присмотреться;нет данных: 02, 03, 06, 07, 08;7;ЦОиС «Москва-98»;7;ЦОиС «Москва-98»;1;22;Классический пансион МГУ;0;;;;;;
stories-na-mosfilmovskoy;Stories на Мосфильмовской;Stories на Мосфильмовской;october-group;October Group;бизнес;бизнес;;ЗАО;Раменки;ул. Лобачевского, 124/3А;55.68746;37.47570;адрес;квартиры;440;;;;115;строится;;1 кв. 2026;520400;;;;;;;;;;;novostroev.ru/novostroyki/moskva/zao/ramenki/stories-na-mosfilmovskoy/, mskguru.ru/novostroyki/4910, координаты не уточнены;21.09.2026;да;;;да;нет;;нет данных;нет данных;да;Присмотреться;нет данных: 02, 03, 06, 07, 08;11;ЦОиС «Москва-98»;11;ЦОиС «Москва-98»;2;13;Классический пансион МГУ;1;;;;;;
level-michurinskiy;Level Мичуринский;Level Мичуринский;level-group;Level Group;бизнес;бизнес;;ЗАО;Очаково-Матвеевское;ул. Лобачевского / ул. Озёрная;55.67800;37.46500;квартал (каталог);квартиры;3500;;;;2000;строится;;3 кв. 2027;405600;;;да;да;;;;;;;novostroev.ru/novostroyki/moskva/zao/ochakovo-matveevskoe/level-michurinskiy/, mskguru.ru/novostroyki/1349, coords approx;21.09.2026;да;;;нет;нет;;нет данных;нет данных;да;Без отметки;нет: 04;12;Школа № 1329;12;Школа № 1329;3;12;Школа № 1329;1;;;;;;
sreda-na-lobachevskogo;Среда на Лобачевского;Среда на Лобачевского;sreda;Среда;бизнес;бизнес;;ЗАО;Очаково-Матвеевское;Очаковское шоссе, 5;55.69561;37.46035;адрес;квартиры;525;;;;221;старт продаж;;2 кв. 2027;511200;;;;;;;;;;;novostroev.ru/novostroyki/moskva/zao/ochakovo-matveevskoe/sreda-na-lobachevskogo/, coords approx;21.09.2026;да;;;да;нет;;нет данных;нет данных;да;Присмотреться;нет данных: 02, 03, 06, 07, 08;14;Классический пансион МГУ;14;Классический пансион МГУ;1;14;Классический пансион МГУ;1;;;;;;
strana-ozernaya;Страна.Озерная;Страна.Озерная;strana-development;Страна Девелопмент;бизнес;бизнес;;ЗАО;Очаково-Матвеевское;ул. Озёрная, 42-44;55.67163;37.44601;адрес;квартиры;1241;;;;367;сдан, есть остатки;;сдан;541600;;;;;;;;;;;novostroev.ru/novostroyki/moskva/zao/ochakovo-matveevskoe/strana-ozernaya/, coords approx;21.09.2026;да;;;нет;нет;;нет данных;нет данных;да;Без отметки;нет: 04;10;Школа № 2025;10;Школа № 2025;2;20;Школа № 1329;1;;;;;;
matveevskiy-park;Матвеевский парк;Матвеевский парк;pik;ПИК;бизнес;комфорт (novostroev), в ряде каталогов комфорт+/бизнес;да;ЗАО;Очаково-Матвеевское;Очаковское шоссе, вл. 3, 5А;55.68070;37.44047;адрес;квартиры;3452;;;;;строится;;2 кв. 2028;413900;;;;;;;;;;;novostroev.ru/novostroyki/moskva/zao/ochakovo-matveevskoe/matveevskiy-park/, класс спорный, coords approx;21.09.2026;да;;;нет;нет данных;;нет данных;нет данных;да;Без отметки;нет: 04;29;Школа № 2025;29;Школа № 2025;0;;;0;;;;;;
barklaya-6;Барклая 6;Барклая 6;pik;ПИК;бизнес;бизнес;;ЗАО;Филёвский парк;ул. Барклая, 6;55.73917;37.50822;адрес;квартиры;;;;;;строится;;4 кв. 2025;417100;;;;;;;;;;;novostroev.ru/novostroyki/moskva/zao/filyevskiy-park/na-ulitse-barklaya/, mskguru.ru/novostroyki/4736, coords approx;21.09.2026;да;;;нет данных;нет данных;;нет данных;нет данных;да;Присмотреться;нет данных: 02, 03, 04, 05, 06, 07, 08;7;Школа «Интеграл»;7;Школа «Интеграл»;2;;;0;;;;;;
grand-fili;Гранд Фили;Гранд Фили;granard;Granard;бизнес;бизнес;;ЗАО;Филёвский парк;ул. Большая Филёвская, 2;55.73902;37.46197;адрес (OSM, уточнено 21.09);квартиры;;;;;152;строится;;2 кв. 2029;707500;;;;;;;;;;;novostroev.ru/novostroyki/moskva/zao/filyevskiy-park/grand-fili/, coords approx;21.09.2026;да;;;нет данных;нет данных;;нет данных;нет данных;да;Присмотреться;нет данных: 02, 03, 04, 05, 06, 07, 08;6;Школа № 2101;6;Школа № 2101;1;;;0;;;;;;
beregovoy-2;Береговой 2;Береговой 2;glavstroy;Главстрой;премиум;премиум (novostroev), проект линейки Береговой заявлялся как бизнес / премиум;да;ЗАО;Филёвский парк;Береговой проезд, вл. 2;55.75991;37.50315;адрес;квартиры;1983;;;;558;строится;;2 кв. 2028;533600;;;;;;;;;;;novostroev.ru/novostroyki/moskva/zao/filyevskiy-park/beregovoy-2/, класс спорный, coords approx;21.09.2026;нет;;;нет;нет;;нет данных;нет данных;да;Без отметки;нет: 01, 04;11;Академическая Гимназия;16;Образовательный центр «Протон»;0;;;0;;;;;;
famous;Famous;Famous;mr-group;MR Group;премиум;премиум (novostroev), бизнес+ в каталогах;да;ЗАО;Филёвский парк;Багратионовский проезд, вл. 5;55.74397;37.50799;адрес;квартиры;81;;;;;сдан, есть остатки;;3 кв. 2025;747000;;;;;;;;;;;novostroev.ru/novostroyki/moskva/zao/filyevskiy-park/famous-feymos/, класс спорный, coords approx;21.09.2026;нет;;;да;нет данных;;нет данных;нет данных;да;Без отметки;нет: 01;12;Школа №590;13;Образовательный центр «Протон»;2;;;0;;;;;;
kutuzovskiy-kvartal;Кутузовский квартал;Кутузовский квартал;pik;ПИК+;бизнес;бизнес;;ЗАО;Кунцево;ул. Ивана Франко;55.72796;37.44956;адрес;квартиры;;;;;71;старт продаж;;2 кв. 2026;441400;;;;;;;;;;;novostroev.ru/novostroyki/moskva/zao/kuntsevo/kutuzovskiy-kvartal/, coords approx;21.09.2026;да;;;нет данных;нет данных;;нет данных;нет данных;да;Присмотреться;нет данных: 02, 03, 04, 05, 06, 07, 08;11;Школа №888;14;Школа № 887;1;26;Ломоносовская школа;0;;;;;;
indivo;Индиво;Индиво;forma;Forma (ПИК);бизнес;бизнес;;ЗАО;Кунцево;ул. Ивана Франко;55.72824;37.43506;адрес;квартиры;831;;;;347;старт продаж;;4 кв. 2027;537100;;;;;;;;;;;novostroev.ru/novostroyki/moskva/zao/kuntsevo/indivo/, coords approx;21.09.2026;да;;;да;нет;;нет данных;нет данных;да;Присмотреться;нет данных: 02, 03, 06, 07, 08;4;спецшкола № 6;9;Школа № 887;2;29;Ломоносовская школа;0;;;;;;
nexus-by-akvilon;NEXUS by Akvilon;NEXUS by Akvilon;gruppa-akvilon;Группа Аквилон;бизнес;бизнес;;ЗАО;Кунцево;ул. Ярцевская, 21/1;55.74355;37.42015;адрес;квартиры;639;;;;216;старт продаж;;3 кв. 2029;474500;;;;;;;;;;;novostroev.ru/novostroyki/moskva/zao/kuntsevo/nexus-by-akvilon/, coords approx;21.09.2026;да;;;да;нет;;нет данных;нет данных;да;Присмотреться;нет данных: 02, 03, 06, 07, 08;7;Школа №659;11;Школа № 1293;4;;;0;;;;;;
set;SET;SET;mr-group;MR Group;бизнес;бизнес;;ЗАО;Можайский;ул. Верейская, 29/32Б;55.70870;37.44390;адрес;квартиры;2579;;;;495;строится;;3 кв. 2028;467900;;;;;;;;;;;novostroev.ru/novostroyki/moskva/zao/mozhayskiy-rayon/set/, coords approx;21.09.2026;да;;;нет;нет;;нет данных;нет данных;да;Без отметки;нет: 04;16;Школа № 97;16;Школа № 97;0;17;Ломоносовская школа;2;;;;;;
veer;Veer;Veer;mr-group;MR Group;бизнес;бизнес;;ЗАО;Можайский;ул. Верейская, 29;55.70870;37.44390;адрес;квартиры;3720;;;;685;старт продаж;;3 кв. 2028 (1 оч.), 3 кв. 2029 (2 оч.);429600;;;;;;;;;;;novostroev.ru/novostroyki/moskva/zao/mozhayskiy-rayon/veer/, coords approx;21.09.2026;да;;;нет;нет;;нет данных;нет данных;да;Без отметки;нет: 04;16;Школа № 97;16;Школа № 97;0;17;Ломоносовская школа;2;;;;;;
vereyskaya-41;Верейская 41;Верейская 41;gk-samolet;ГК Самолёт;бизнес;бизнес;;ЗАО;Можайский;ул. Верейская, 41;55.71120;37.43298;адрес;квартиры+апартаменты;;;;;;строится;;3 кв. 2025;347100;;;;;;;;;;;novostroev.ru/novostroyki/moskva/zao/mozhayskiy-rayon/vereyskaya-41/, coords approx;21.09.2026;да;;;нет данных;нет данных;;нет данных;нет данных;да;Присмотреться;нет данных: 02, 03, 04, 05, 06, 07, 08;12;Классический пансион МГУ;12;Классический пансион МГУ;1;12;Классический пансион МГУ;2;;;;;;
stellar-siti;Стеллар Сити;Стеллар Сити;gk-tashir;ГК Ташир;бизнес;комфорт/бизнес / бизнес;да;ЗАО;Можайский;Москва, Сколковское шоссе, 40к3;55.70023;37.39471;адрес;квартиры;;;;;;строится;;4 кв. 2026;305000;;;;;;;;;;https://stellarcity.ru/;novostroev.ru/novostroyki/moskva/zao/mozhayskiy-rayon/stellar-siti/, класс спорный;21.09.2026;да;;;нет данных;нет данных;;нет данных;нет данных;да;Присмотреться;нет данных: 02, 03, 04, 05, 06, 07, 08;15;Кембриджская международная школа, Кампус Сколково;18;Школа № 384;0;;;0;;;;;;
sitimiks;СИТИМИКС;СИТИМИКС;apsis-globe;Apsis Globe;бизнес;комфорт/бизнес;да;ЗАО;Тропарёво-Никулино;;55.65800;37.47700;район (ориентир);апартаменты;;;;;;строится;;3 кв. 2026;484100;;;;;;;;;;;novostroev.ru/novostroyki/moskva/zao/troparyevo-nikulino/, класс спорный;21.09.2026;да;;;нет данных;нет данных;;нет данных;нет данных;да;Присмотреться;нет данных: 02, 03, 04, 05, 06, 07, 08;11;Школа на проспекте Вернадского;11;Школа на проспекте Вернадского;3;12;Школа № 1543;1;;;;;;
kutuzov-siti;Кутузов Сити;Кутузов Сити;plato-development;PLATO Development;элитный;элит (novostroev), в каталогах премиум/бизнес+ / премиум;да;ЗАО;Можайский;ул. Гродненская, 18;55.71913;37.43474;адрес;квартиры;220;;;;73;строится;;3 кв. 2027;639500;;цена не бьётся с классом;да;да;;;;;;;novostroev.ru/novostroyki/moskva/zao/mozhayskiy-rayon/kutuzov-siti/, класс спорный, coords approx;21.09.2026;нет;;;нет;нет;;нет данных;нет данных;нет;Без отметки;нет: 01, 04;6;Классический пансион МГУ;6;Классический пансион МГУ;1;6;Классический пансион МГУ;2;;;;;;
molodogvardeyskaya-54;Молодогвардейская 54 (М54);Молодогвардейская 54;glavstroy-moskva;Главстрой Москва;бизнес;не заявлен;;ЗАО;Кунцево;ул. Молодогвардейская, 54;55.73660;37.39909;адрес;квартиры;;;;;;анонс;;;;;;;;;;;;;;novostroev.ru/novostroyki/moskva/zao/kuntsevo/, продажи не начаты, coords approx;21.09.2026;да;;;нет данных;нет данных;;нет данных;нет данных;нет данных;Присмотреться;нет данных: 02, 03, 04, 05, 06, 07, 08, 09;6;"Центр внешкольной работы ""Синегория""";8;Школа № 1293;1;;;0;;;;;;
fenomen-goroda;Феномен города;Феномен города;bms-development;BMS Development;премиум;эко-прайм (заявлено девелопером) / премиум;да;ЗАО;Фили-Давыдково;Староволынская ул.;55.71557;37.47919;адрес;квартиры;;;;;;анонс;;2031;;;;;;;;;;;;novostroev.ru/novostroyki/moskva/zao/fili-davydkovo/;21.09.2026;нет;;;нет данных;нет данных;;нет данных;нет данных;нет данных;Без отметки;нет: 01;9;Школа № 814;9;Школа № 814;1;23;Школа № 1589;0;;;;;;
na-kutuzovskom-prospekte-36;На Кутузовском проспекте, 36;На Кутузовском проспекте, 36;glavstroy-moskva;Главстрой Москва;бизнес;не заявлен;;ЗАО;Дорогомилово;Кутузовский пр-т, 36;55.74092;37.52443;адрес;квартиры;;;;;;анонс;;;;;;;;;;;;;;novostroev.ru/novostroyki/moskva/zao/dorogomilovo/, coords approx;21.09.2026;да;;;нет данных;нет данных;;нет данных;нет данных;нет данных;Присмотреться;нет данных: 02, 03, 04, 05, 06, 07, 08, 09;2;Школа № 67;2;Школа № 67;1;;;0;;;;;;
u-poklonnoy-gory;У Поклонной горы;У Поклонной горы;gk-samolet;ГК Самолёт;бизнес;не заявлен;;ЗАО;Дорогомилово;;55.73987;37.53653;адрес;квартиры;;;;;;анонс;;;;;;;;;;;;;;novostroev.ru/novostroyki/moskva/zao/dorogomilovo/;21.09.2026;да;;;нет данных;нет данных;;нет данных;нет данных;нет данных;Присмотреться;нет данных: 02, 03, 04, 05, 06, 07, 08, 09;7;Школа №1232;10;Школа № 67;3;;;0;;;;;;
poklonnaya-7;Поклонная 7;Поклонная 7;spetsstroy-1;Спецстрой-1;премиум;бизнес (апартаменты) / премиум;да;ЗАО;Дорогомилово;ул. Поклонная, 7;55.73515;37.52719;адрес;апартаменты;;;;;;строится;;2 кв. 2026;465300;;;;;;;;;;;novostroev.ru/novostroyki/moskva/zao/dorogomilovo/, coords approx;21.09.2026;нет;;;нет данных;нет данных;;нет данных;нет данных;да;Без отметки;нет: 01;4;Школа № 67;4;Школа № 67;1;;;0;;;;;;
ostrov;Остров;Остров;donstroy;Донстрой;премиум;бизнес / бизнес и премиум;да;СЗАО;Хорошёво-Мнёвники;ул. Нижние Мнёвники, уч. 37Б;55.75327;37.45489;адрес;квартиры;12000;;;;556;строится;;2 кв. 2029;581000;;;да;да;;;;;;https://donstroy.moscow/objects/ostrov/;mskguru.ru/novostroyki/4633-zhk-ostrov, novostroev.ru/novostroyki/moskva/szao/khoroshyevo-mnyevniki/ostrov/, coords approx;21.09.2026;нет;;;нет;нет;;нет данных;нет данных;да;Без отметки;нет: 01, 04;8;Школа № 2030;;;0;;;0;;;;;;
sidney-siti;Сидней Сити (Sydney City);Сидней Сити;gk-fsk;ГК ФСК;премиум;бизнес (mskguru), премиум (novostroev) / премиум;да;СЗАО;Хорошёво-Мнёвники;ул. Шеногина, 2;55.76473;37.50994;адрес;квартиры;6500;;;;;строится;;3 кв. 2027;461000;;;да;да;;;;;;;mskguru.ru/novostroyki/1373-zhk-viewpolis, novostroev.ru/novostroyki/moskva/szao/khoroshyevo-mnyevniki/sydney-city-sidney-siti/, coords approx;21.09.2026;нет;;;нет;нет данных;;нет данных;нет данных;да;Без отметки;нет: 01, 04;3;Школа 1253;15;Школа № 2048;1;;;0;;;;;;
sydney-prime;Sydney Prime;Sydney Prime;gk-fsk;ГК ФСК;премиум;премиум;;СЗАО;Хорошёво-Мнёвники;ул. Шеногина, 2;55.76410;37.50511;адрес;квартиры;127;;;;259;строится;;3 кв. 2027;1000000;;;;;;;;;;;novostroev.ru/novostroyki/moskva/szao/khoroshyevo-mnyevniki/sydney-prime/, coords approx;21.09.2026;нет;;;да;да;;нет данных;нет данных;да;Без отметки;нет: 01;7;Школа 1253;14;Школа № 2048;1;;;0;;;;;;
mypriority-mnevniki;MYPRIORITY Мнёвники;MYPRIORITY Мнёвники;gk-granel;ГК Гранель;бизнес;бизнес;;СЗАО;Хорошёво-Мнёвники;ул. Народного Ополчения, 34;55.77800;37.47600;квартал (каталог);квартиры;1899;;;;675;строится;;4 кв. 2028 (к.1), 4 кв. 2029 (к.2);479200;;;;;;;;;;;novostroev.ru/novostroyki/moskva/szao/khoroshyevo-mnyevniki/mypriority-mnevniki/, coords approx;21.09.2026;да;;;нет;нет;;нет данных;нет данных;да;Без отметки;нет: 04;2;Школа № 1515;2;Школа № 1515;5;17;Школа № 1517;1;;;;;;
emoushen;Эмоушен;Эмоушен;gk-osnova;ГК Основа;бизнес;бизнес;;СЗАО;Хорошёво-Мнёвники;2-й Силикатный проезд, 8;55.76858;37.50687;адрес;апартаменты;551;;;;380;строится;;2 кв. 2027;395000;;;да;да;;;;;;;novostroev.ru/novostroyki/moskva/szao/khoroshyevo-mnyevniki/emotion/, coords approx;21.09.2026;да;;;да;нет;;нет данных;нет данных;да;Присмотреться;нет данных: 02, 03, 06, 07, 08;13;Школа 1253;16;Школа № 1560 «Лидер»;0;;;0;;;;;;
kvartal-serebryanyy-bor;Квартал Серебряный Бор;Квартал Серебряный Бор;st-michael;St Michael;бизнес;бизнес;;СЗАО;Хорошёво-Мнёвники;ул. Берзарина, 37;55.78907;37.47195;адрес;квартиры;504;;;;110;старт продаж;;2 кв. 2027;595100;;;;;;;;;;;novostroev.ru/novostroyki/moskva/szao/khoroshyevo-mnyevniki/kvartal-serebryanyy-bor/, coords approx;21.09.2026;да;;;да;нет;;нет данных;нет данных;да;Присмотреться;нет данных: 02, 03, 06, 07, 08;7;Школа № 138;7;Школа № 138;2;7;Курчатовская школа;2;;;;;;
crystal-trilogiya;Crystal Трилогия;Crystal Трилогия;kontsern-krost;Концерн КРОСТ;бизнес;бизнес;;СЗАО;Хорошёво-Мнёвники;ул. Генерала Глаголева, 16с1;55.78240;37.46533;адрес;квартиры;978;;;;;строится;;3 кв. 2025;441300;;;;;;;;;;;novostroev.ru/novostroyki/moskva/szao/khoroshyevo-mnyevniki/crystal-kristall/, coords approx;21.09.2026;да;;;нет;нет данных;;нет данных;нет данных;да;Без отметки;нет: 04;2;Школа № 138;2;Школа № 138;3;10;Школа № 1517;1;;;;;;
veresk;Вереск;Вереск;gk-samolet;ГК Самолёт;бизнес;бизнес;;СЗАО;Хорошёво-Мнёвники;3-я Хорошевская, 19к3с2;55.78475;37.49814;адрес;апартаменты;;;;;;сдан, есть остатки;;сдан;352400;;;;;;;;;;;novostroev.ru/novostroyki/moskva/szao/khoroshyevo-mnyevniki/v-khoroshyevo-mnyevnikakh/, coords approx;21.09.2026;да;;;нет данных;нет данных;;нет данных;нет данных;да;Присмотреться;нет данных: 02, 03, 04, 05, 06, 07, 08;13;Курчатовская школа;13;Курчатовская школа;1;13;Курчатовская школа;1;;;;;;
jois;JOIS;JOIS;mr-group;MR Group;премиум;премиум (novostroev), позиционируется в верхнем бизнесе / премиум;да;СЗАО;Хорошёво-Мнёвники;3-й Силикатный проезд, 10;55.77170;37.50588;адрес;квартиры;1306;;;;235;строится;;4 кв. 2027;492200;;;да;да;;;;;;;novostroev.ru/novostroyki/moskva/szao/khoroshyevo-mnyevniki/jois-dzhoys/, класс спорный, coords approx;21.09.2026;нет;;;нет;нет;;нет данных;нет данных;да;Без отметки;нет: 01, 04;15;Школа № 1560 «Лидер»;15;Школа № 1560 «Лидер»;1;;;0;;;;;;
sezar-silika;Сезар Силика;Сезар Силика;sezar-group;Sezar Group;премиум;бизнес (novostroev, фильтр), премиум (карточка);да;СЗАО;Хорошёво-Мнёвники;3-й Силикатный проезд, 3;55.76952;37.49831;адрес;квартиры;666;;;;;старт продаж;;1 кв. 2030;452700;;;;;;;;;;;novostroev.ru/novostroyki/moskva/szao/khoroshyevo-mnyevniki/sezar-silica/, класс спорный, coords approx;21.09.2026;нет;;;нет;нет данных;;нет данных;нет данных;да;Без отметки;нет: 01, 04;11;Школа № 1560 «Лидер»;11;Школа № 1560 «Лидер»;1;;;0;;;;;;
vysotka-na-zhukova;Высотка на Жукова (Демьяна Бедного, 24);Высотка на Жукова;kontsern-krost;Концерн КРОСТ;премиум;премиум / премиум;да;СЗАО;Хорошёво-Мнёвники;ул. Демьяна Бедного, 24;55.78025;37.48802;адрес;квартиры+апартаменты;346;;;;167;строится;;3 кв. 2029;734000;;;;;;;;;;;novostroev.ru/novostroyki/moskva/szao/khoroshyevo-mnyevniki/demyana-bednogo-24/, coords approx;21.09.2026;нет;;;да;нет;;нет данных;нет данных;да;Без отметки;нет: 01;7;Школа № 1560 «Лидер»;7;Школа № 1560 «Лидер»;2;24;Курчатовская школа;0;;;;;;
moments;МОМЕНТС;МОМЕНТС;forma;Forma (ПИК);бизнес;бизнес;;СЗАО;Покровское-Стрешнево;3-й Красногорский проезд;55.81385;37.48113;адрес;квартиры;1656;;;;476;строится;;1 кв. 2027;539000;;;да;да;;;;;;;novostroev.ru/novostroyki/moskva/szao/shchukino/moments/, coords approx;21.09.2026;да;;;нет;нет;;нет данных;нет данных;да;Без отметки;нет: 04;14;"Школа ""Ювенес"". Начальные классы";16;Курчатовская школа;0;16;Курчатовская школа;2;;;;;;
rakurs;Ракурс;Ракурс;dar;DAR (Дар Девелопмент);бизнес;бизнес;;СЗАО;Щукино;ул. Маршала Бирюзова, 1;55.80008;37.47684;адрес;квартиры;915;;;;;строится;;2 кв. 2026 (к.1), 1 кв. 2028 (к.2-4);457400;;;;;;;;;;;novostroev.ru/novostroyki/moskva/szao/shchukino/rakurs-rakurs/, mskguru.ru/novostroyki/5136-zhk-rakurs, coords approx;21.09.2026;да;;;нет;нет данных;;нет данных;нет данных;да;Без отметки;нет: 04;9;Центр образования №1854;10;Курчатовская школа;4;10;Курчатовская школа;1;;;;;;
intonatsiya;Интонация;Интонация;gk-mangazeya;ГК Мангазея;бизнес;бизнес;;СЗАО;Щукино;ул. Щукинская, 7;55.80759;37.47952;адрес;квартиры;;;;;186;сдан, есть остатки;;сдан;507800;;;;;;;;;;;novostroev.ru/novostroyki/moskva/szao/shchukino/intonatsiya/, coords approx;21.09.2026;да;;;нет данных;нет данных;;нет данных;нет данных;да;Присмотреться;нет данных: 02, 03, 04, 05, 06, 07, 08;5;"Школа ""Ювенес"". Начальные классы";8;Курчатовская школа;2;8;Курчатовская школа;2;;;;;;
zhivopisnaya-27;Живописная, 27;Живописная, 27;struktura-development;Struktura Development;бизнес;не заявлен;;СЗАО;Щукино;ул. Живописная, 27;55.79887;37.45004;адрес;квартиры;;;;;;анонс;;;;;;;;;;;;;;novostroev.ru/novostroyki/moskva/szao/shchukino/zhivopisnaya-27/, продажи не начаты, coords approx;21.09.2026;да;;;нет данных;нет данных;;нет данных;нет данных;нет данных;Присмотреться;нет данных: 02, 03, 04, 05, 06, 07, 08, 09;8;Школа № 1210;8;Школа № 1210;1;20;Курчатовская школа;1;;;;;;
strogino-360;Строгино 360;Строгино 360;pik;ПИК;бизнес;бизнес;;СЗАО;Строгино;ул. Маршала Прошлякова, 12 / ул. Маршала Воробьева, 12;55.79025;37.39242;адрес;квартиры;436;;;;169;строится;;4 кв. 2028 (к.1.1), 2 кв. 2029 (к.1.2);379000;;;;;;;;;;;novostroev.ru/novostroyki/moskva/szao/strogino/strogino-360/, coords approx;21.09.2026;да;;;да;нет;;нет данных;нет данных;да;Присмотреться;нет данных: 02, 03, 06, 07, 08;17;Школа №58;23;Школа № 1155;0;;;0;;;;;;
siti-bey;Сити Бэй (City Bay);Сити Бэй;mr-group;MR Group;премиум;бизнес / премиум;да;СЗАО;Покровское-Стрешнево;Волоколамское шоссе, 95-97;55.82957;37.40435;адрес;квартиры;;;;;710;строится;;2 кв. 2027;344800;;цена не бьётся с классом;да;да;;;;;;;novostroev.ru/novostroyki/moskva/szao/pokrovskoe-streshnevo/city-bay/, coords approx;21.09.2026;нет;;;нет данных;нет данных;;нет данных;нет данных;нет;Без отметки;нет: 01;3;Курчатовская школа;3;Курчатовская школа;1;3;Курчатовская школа;1;;;;;;
sitizen;Ситизен (CityZen);Ситизен;mr-group;MR Group;бизнес;бизнес;;СЗАО;Покровское-Стрешнево;ул. Вишневая;55.81800;37.45500;квартал (каталог);квартиры;1574;;;;594;старт продаж;;3 кв. 2027;410900;;;;;;;;;;;novostroev.ru/novostroyki/moskva/szao/pokrovskoe-streshnevo/cityzen/, coords approx;21.09.2026;да;;;нет;нет;;нет данных;нет данных;да;Без отметки;нет: 04;10;Школа № 830;10;Школа № 830;1;;;0;;;;;;
alia;АЛИА;АЛИА;asterus;Asterus;премиум;бизнес / премиум;да;СЗАО;Покровское-Стрешнево;ул. Лётная, 95Б;55.82347;37.41579;адрес;квартиры;;;;;;строится;;2 кв. 2028;501700;;;да;да;;;;;;;novostroev.ru/novostroyki/moskva/szao/pokrovskoe-streshnevo/alia/, coords approx;21.09.2026;нет;;;нет данных;нет данных;;нет данных;нет данных;да;Без отметки;нет: 01;17;Школа № 727;17;Школа № 727;0;29;Курчатовская школа;0;;;;;;
skay-garden;Скай Гарден (Sky Garden);Скай Гарден;gk-fsk;ГК ФСК;бизнес;бизнес;;СЗАО;Покровское-Стрешнево;Строительный проезд, 9;55.83658;37.42190;адрес;квартиры;2975;;;;798;строится;;3 кв. 2025 (к.1), 2 кв. 2027 (к.2-3);350200;;;;;;;;;;;novostroev.ru/novostroyki/moskva/szao/pokrovskoe-streshnevo/sky-garden/, coords approx;21.09.2026;да;;;нет;нет;;нет данных;нет данных;да;Без отметки;нет: 04;7;Школа № 1285;7;Школа № 1285;1;25;Курчатовская школа;0;;;;;;
level-streshnevo;Level Стрешнево;Level Стрешнево;level-group;Level Group;бизнес;бизнес;;СЗАО;Покровское-Стрешнево;Волоколамское шоссе, 81;55.82655;37.41524;адрес;квартиры;747;;;;970;сдан, есть остатки;;сдан;273800;;;;;;;;;;;novostroev.ru/novostroyki/moskva/szao/pokrovskoe-streshnevo/level-streshnevo/, coords approx;21.09.2026;да;;;да;да;;нет данных;нет данных;да;Присмотреться;нет данных: 02, 03, 06, 07, 08;16;Школа № 727;16;Школа № 727;0;18;Курчатовская школа;1;;;;;;
u2;U2 (ЮТУ);U2;gk-tochno;ГК ТОЧНО;бизнес;бизнес;;СЗАО;Южное Тушино;ул. Лодочная, 27;55.83692;37.46239;адрес;квартиры;996;;;;198;строится;;1 кв. 2028;422700;;;;;;;;;;;novostroev.ru/novostroyki/moskva/szao/yuzhnoe-tushino/u2/, coords approx;21.09.2026;да;;;нет;нет;;нет данных;нет данных;да;Без отметки;нет: 04;9;Школа № 1551;9;Школа № 1551;2;;;0;;;;;;
level-svobody;Level Свободы;Level Свободы;level-group;Level Group;бизнес;не заявлен;;СЗАО;Северное Тушино;ул. Свободы, 35;55.84124;37.45252;адрес;квартиры;;;;;;анонс;;;;;;;;;;;;;;novostroev.ru/novostroyki/moskva/szao/severnoe-tushino/, продажи не начаты, coords approx;21.09.2026;да;;;нет данных;нет данных;;нет данных;нет данных;нет данных;Присмотреться;нет данных: 02, 03, 04, 05, 06, 07, 08, 09;13;Школа № 1551;13;Школа № 1551;1;;;0;;;;;;
level-prichalnyy;Level Причальный;Level Причальный;level-group;Level Group;премиум;премиум (novostroev), в фильтре бизнес;да;СЗАО;Хорошёво-Мнёвники;Причальный проезд;55.76065;37.51797;адрес;квартиры;;;;;;сдан, есть остатки;;сдан;656800;;;;;;;;;;;novostroev.ru/novostroyki/moskva/szao/khoroshyevo-mnyevniki/level-prichalnyy/, класс спорный, coords approx;21.09.2026;нет;;;нет данных;нет данных;;нет данных;нет данных;да;Без отметки;нет: 01;2;Школа № 2048;2;Школа № 2048;1;;;0;;;;;;
zilart;ЗИЛАРТ;ЗИЛАРТ;gruppa-lsr;Группа ЛСР;бизнес;бизнес;;ЮАО;Даниловский;ул. Автозаводская, вл. 23;55.69692;37.65748;адрес;квартиры;;;;;12500;строится;;4 кв. 2027;596000;;;;;;;;;;;mskguru.ru/novostroyki/795-zhk-zilart | novostroev.ru/novostroyki/moskva/uao/biznes-class/ | irn.ru/novostroyki/moskva/danilovskijj/ (координаты approx);21.09.2026;да;;;нет данных;нет данных;;нет данных;нет данных;да;Присмотреться;нет данных: 02, 03, 04, 05, 06, 07, 08;17;Школа № 463 им. Д.Н. Медведева;17;Школа № 463 им. Д.Н. Медведева;0;;;0;;;;;;
mark;МАРК;МАРК;gruppa-lsr;Группа ЛСР;бизнес;бизнес;;ЮАО;Даниловский;ул. Автозаводская (ЗИЛ);55.70259;37.63062;адрес;квартиры;844;;;;211;строится;;2 кв. 2028;564000;;;;;;;;;;;mskguru.ru/novostroyki/5202-zhk-mark | novostroev.ru/novostroyki/moskva/uao/biznes-class/ (координаты approx);21.09.2026;да;;;нет;нет;;нет данных;нет данных;да;Без отметки;нет: 04;11;Школа № 548 «Царицыно»;26;Школа № 547;0;;;0;;;;;;
shagal;Shagal (Шагал);Shagal;gruppa-etalon;Группа Эталон;бизнес;бизнес (mskguru) / комфорт (novostroev);да;ЮАО;Даниловский;наб. Марка Шагала (ЗИЛ-Юг);55.69988;37.63060;адрес;квартиры;;;;;;строится;;4 кв. 2026 - 2028;555000;;;;;;;;;;;mskguru.ru/novostroyki/1371-zhk-zil-jug | novostroev.ru/novostroyki/moskva/uao/biznes-class/;21.09.2026;да;;;нет данных;нет данных;;нет данных;нет данных;да;Присмотреться;нет данных: 02, 03, 04, 05, 06, 07, 08;12;Школа № 548 «Царицыно»;28;Школа № 547;0;;;0;;;;;;
nagatino-ay-lend;Нагатино Ай-Лэнд;Нагатино Ай-Лэнд;gruppa-etalon;Группа Эталон;бизнес;бизнес;;ЮАО;Даниловский;ул. Автозаводская, 23/184;55.69692;37.65748;адрес;квартиры;;;;;1500;строится;;2 кв. 2027;425100;;;;;;;;;;;mskguru.ru/novostroyki/1262-zhk-central-park-tsentral-park | novostroev.ru/novostroyki/moskva/uao/biznes-class/ (координаты approx);21.09.2026;да;;;нет данных;нет данных;;нет данных;нет данных;да;Присмотреться;нет данных: 02, 03, 04, 05, 06, 07, 08;17;Школа № 463 им. Д.Н. Медведева;17;Школа № 463 им. Д.Н. Медведева;0;;;0;;;;;;
a22;А22;А22;konsol;Консоль;бизнес;бизнес;;ЮАО;Даниловский;ул. Автозаводская, 22;55.70556;37.63540;адрес;квартиры;907;;;;276;строится;;4 кв. 2028;451700;;;;;;;;;;;mskguru.ru/novostroyki/5167-zhk-a22 | novostroev.ru/novostroyki/moskva/uao/biznes-class/;21.09.2026;да;;;нет;нет;;нет данных;нет данных;да;Без отметки;нет: 04;14;Школа № 548 «Царицыно»;22;Школа № 547;0;;;0;;;;;;
level-paveletskaya-siti;Level Павелецкая Сити;Level Павелецкая Сити;level-group-mr-group;Level Group / MR Group;бизнес;бизнес;;ЮАО;Даниловский;ул. Дубининская, 59-69;55.71911;37.63480;адрес;квартиры;3252;;;;1411;строится;;4 кв. 2027;537900;;;;;;;;;;;mskguru.ru/novostroyki/1436-zhk-dubininskaja-59-69 | novostroev.ru/novostroyki/moskva/uao/biznes-class/;21.09.2026;да;;;нет;нет;;нет данных;нет данных;да;Без отметки;нет: 04;9;Школа № 627 им. Д.Д. Лелюшенко;9;Школа № 627 им. Д.Д. Лелюшенко;2;;;0;;;;;;
aura;АУРА (Мангазея на Тульской);АУРА;ooo-mangazeya;ООО Мангазея;премиум;бизнес / премиум;да;ЮАО;Даниловский;Тульская эстакада;55.70447;37.61773;адрес;квартиры;916;;;;563;строится;;2028;609000;;;да;да;;;;;;;mskguru.ru/novostroyki/5084-zhk-mangazeya-na-tulyskojj | irn.ru/novostroyki/moskva/danilovskijj/;21.09.2026;нет;;;нет;нет;;нет данных;нет данных;да;Без отметки;нет: 01, 04;9;Школа № 547;9;Школа № 547;2;;;0;;;;;;
insayder;Инсайдер (Insider);Инсайдер;rks-development;РКС Девелопмент;бизнес;бизнес;;ЮАО;Даниловский;ул. Автозаводская, 24;55.70554;37.63403;адрес;апартаменты;909;;;;228;строится;;3 кв. 2026;433000;;;;;;;;;;;mskguru.ru/novostroyki/4889-apartamentyy-insajjder | novostroev.ru/novostroyki/moskva/uao/biznes-class/;21.09.2026;да;;;нет;нет;;нет данных;нет данных;да;Без отметки;нет: 04;15;Школа № 548 «Царицыно»;21;Школа № 547;0;;;0;;;;;;
peyv;ПЕЙВ (PAVE);ПЕЙВ;forma;Forma;премиум;бизнес (mskguru) / премиум (novostroev);да;ЮАО;Даниловский;2-й Павелецкий пр-д, 4/6;55.71335;37.64327;адрес;квартиры;848;;;;504;строится;;4 кв. 2028;532800;;;;;;;;;;;mskguru.ru/novostroyki/5150-zhk-pave | novostroev.ru/novostroyki/moskva/uao/biznes-class/;21.09.2026;да;;;нет;нет;;нет данных;нет данных;да;Без отметки;нет: 04;9;Школа № 547;9;Школа № 547;2;;;0;;;;;;
the-lot-by-akvilon;THE LOT by Akvilon;THE LOT by Akvilon;gruppa-akvilon;Группа Аквилон;премиум;бизнес (mskguru) / премиум (novostroev);да;ЮАО;Даниловский;Жуков проезд;55.72284;37.63940;адрес;квартиры;516;;;;69;строится;;3 кв. 2029;586500;;;да;да;;;;;;;mskguru.ru/novostroyki/5217-zhk-the-lot-by-akvilon | novostroev.ru/novostroyki/moskva/uao/biznes-class/;21.09.2026;да;;;да;нет;;нет данных;нет данных;да;Присмотреться;нет данных: 02, 03, 06, 07, 08;5;Школа № 627 им. Д.Д. Лелюшенко;5;Школа № 627 им. Д.Д. Лелюшенко;3;;;0;;;;;;
five-towers;Five Towers;Five Towers;sz-5-donskoy;СЗ 5 Донской;элитный;бизнес (novostroev) / элит (mskguru) / премиум;да;ЮАО;Донской;5-й Донской пр-д, 21;55.70083;37.59384;адрес;квартиры;596;;;;188;строится;;3 кв. 2026;558000;;цена не бьётся с классом;да;да;;;;;;;mskguru.ru/novostroyki/1016-zhk-neskuchnyj-home-spa | novostroev.ru/novostroyki/moskva/start-prodazh/;21.09.2026;нет;;;нет;нет;;нет данных;нет данных;нет;Без отметки;нет: 01, 04;15;СОШ № 198;17;Школа № 630 им. Г.П. Кравченко;0;;;0;;;;;;
life-varshavskaya;LIFE-Варшавская;LIFE-Варшавская;gk-pioner;ГК Пионер;бизнес;бизнес;;ЮАО;Москворечье-Сабурово;1-й Котляковский пер., 2А;55.65391;37.63388;адрес;квартиры;;;;;2095;строится;;4 кв. 2026;472900;;;;;;;;;;;mskguru.ru/novostroyki/1217-zhk-life-varshavskaja-lajf-varshavskaja | novostroev.ru/novostroyki/moskva/uao/biznes-class/;21.09.2026;да;;;нет данных;нет данных;;нет данных;нет данных;да;Присмотреться;нет данных: 02, 03, 04, 05, 06, 07, 08;14;Школа № 1579;14;Школа № 1579;1;;;0;;;;;;
river-park;Ривер Парк;Ривер Парк;mssz-aeon;МССЗ / AEON;бизнес;бизнес;;ЮАО;Нагатинский Затон;ул. Речников;55.68171;37.69386;адрес;квартиры;;;;;2500;строится;;2026;328000;;;;;;;;;;;mskguru.ru/novostroyki/654-river-park (координаты approx);21.09.2026;да;;;нет данных;нет данных;;нет данных;нет данных;да;Присмотреться;нет данных: 02, 03, 04, 05, 06, 07, 08;3;Школа № 1770;3;Школа № 1770;2;;;0;;;;;;
tophills;TopHILLS;TopHILLS;ingrad;Ingrad;бизнес;бизнес;;ЮАО;Нагорный;ул. Ремизова;55.67713;37.59880;адрес;квартиры;1208;;;;;сдан, есть остатки;;сдан;441200;;;;;;;;;;;mskguru.ru/novostroyki/1424-zhk-highland | novostroev.ru/novostroyki/moskva/uao/biznes-class/;21.09.2026;да;;;нет;нет данных;;нет данных;нет данных;да;Без отметки;нет: 04;4;Школа 541;13;Школа № 626 им. Н.И. Сац;2;26;Академическая школа № 1534;0;;;;;;
twelve;Twelve (Твелв);Twelve;tekta-group;TEKTA GROUP;бизнес;бизнес;;ЮАО;Нагорный;Электролитный пр-д, 12;55.67329;37.61886;адрес;квартиры;934;;;;372;сдан, есть остатки;;сдан;441600;;;;;;;;;;;mskguru.ru/novostroyki/4971-zhk-twelve | novostroev.ru/novostroyki/moskva/uao/biznes-class/;21.09.2026;да;;;нет;нет;;нет данных;нет данных;да;Без отметки;нет: 04;7;Школа № 1450 «Олимп»;7;Школа № 1450 «Олимп»;1;;;0;;;;;;
rotterdam;Rotterdam;Rotterdam;gk-fsk;ГК ФСК;бизнес;бизнес;;ЮАО;Нагатино-Садовники;Варшавское ш., 37а/1;55.68730;37.62589;адрес;квартиры;803;;;;286;сдан, есть остатки;;сдан;437000;;;;;;;;;;;mskguru.ru/novostroyki/4826-zhk-rotterdam | novostroev.ru/novostroyki/moskva/uao/biznes-class/;21.09.2026;да;;;да;нет;;нет данных;нет данных;да;Присмотреться;нет данных: 02, 03, 06, 07, 08;11;Международный инновационный образовательный центр;19;Школа № 630 им. Г.П. Кравченко;0;;;0;;;;;;
wow;WOW;WOW;strana-development;Страна Девелопмент;бизнес;бизнес;;ЮАО;Даниловский;пр-т Андропова, 23;55.67831;37.66501;адрес;квартиры;668;;;;399;сдан, есть остатки;;сдан;474600;;;;;;;;;;;mskguru.ru/novostroyki/4854-zhk-andropova-23 | novostroev.ru/novostroyki/moskva/uao/biznes-class/ (координаты approx);21.09.2026;да;;;да;нет;;нет данных;нет данных;да;Присмотреться;нет данных: 02, 03, 06, 07, 08;8;Школа № 1527;8;Школа № 1527;4;;;0;;;;;;
simvol;Символ;Символ;donstroy;Донстрой;бизнес;бизнес;;ЮВАО;Лефортово;ул. Золоторожский Вал, 11;55.75166;37.68688;адрес;квартиры;4000;;;;10000;строится;;2 кв. 2029;502000;;;;;;;;;;https://simvol-kvartal.ru/;mskguru.ru/novostroyki/775-zhk-simvol | novostroev.ru/novostroyki/moskva/uvao/lefortovo/simvol/;21.09.2026;да;;;нет;да;;нет данных;нет данных;да;Без отметки;нет: 04;7;Лицей №1303;18;Школа «Содружество»;0;;;0;;;;;;
balans;баланс (balance);баланс;glavstroy;Главстрой;бизнес;бизнес;;ЮВАО;Рязанский;Рязанский пр-т, вл. 26;55.71908;37.76800;адрес;квартиры;3905;;;;799;строится;;1 кв. 2027;341000;;;;;;;;;;;mskguru.ru/novostroyki/1218-zhk-balans | novostroy-m.ru/baza/jk_balans;21.09.2026;да;;;нет;нет;;нет данных;нет данных;да;Без отметки;нет: 04;16;Школа № 777 им. Е.В. Михайлова;16;Школа № 777 им. Е.В. Михайлова;0;23;Школа на Юго-Востоке им. В.И. Чуйкова;0;;;;;;
portlend;ПОРТЛЕНД (Portland);ПОРТЛЕНД;forma;Forma;премиум;бизнес (mskguru) / премиум (novostroev);да;ЮВАО;Печатники;ул. Южнопортовая, 42;55.69253;37.71464;адрес;квартиры;1554;;;;174;строится;;1 кв. 2028;437000;;;;;;;;;;;mskguru.ru/novostroyki/4907-zhk-portland | novostroev.ru/novostroyki/moskva/uvao/biznes-class/ (parking: только наземные);21.09.2026;нет;;;нет;нет;;нет данных;нет данных;да;Без отметки;нет: 01, 04;7;Школа № 1524;7;Школа № 1524;1;;;0;;;;;;
ultima-siti;УЛЬТИМА Сити (Ultima City);УЛЬТИМА Сити;gk-kortros;ГК КОРТРОС;бизнес;бизнес;;ЮВАО;Печатники;ул. Южнопортовая, 23;55.69494;37.71502;адрес;квартиры;1079;;;;490;строится;;3 кв. 2028;361400;;;;;;;;;;;mskguru.ru/novostroyki/5182-zhk-narvin | novostroev.ru/novostroyki/moskva/uvao/pechatniki/ultimasity/;21.09.2026;да;;;нет;нет;;нет данных;нет данных;да;Без отметки;нет: 04;11;Школа № 1524;11;Школа № 1524;1;;;0;;;;;;
admiral;Адмирал;Адмирал;gals-development;Галс Девелопмент;премиум;бизнес (novostroev) / премиум;да;ЮВАО;Печатники;ул. Шоссейная (Южный порт);55.67464;37.72253;адрес;квартиры;4715;;;;1955;строится;;3 кв. 2028;505000;;;;;;;;;;;novostroev.ru/novostroyki/moskva/uvao/pechatniki/admiral/;21.09.2026;нет;;;нет;нет;;нет данных;нет данных;да;Без отметки;нет: 01, 04;7;Школа № 1041;12;Школа им. И.С. Полбина;1;;;0;;;;;;
grafika-na-vode;Графика на воде (Квартал на воде);Графика на воде;gk-samolet;ГК Самолёт;бизнес;бизнес (mskguru) / комфорт (novostroev);да;ЮВАО;Печатники;ул. Шоссейная, вл. 90;55.66686;37.70462;адрес;квартиры;;;;;;строится;;4 кв. 2028;314300;;;;;;;;;;;mskguru.ru/novostroyki/4940-zhk-grafika-na-vode | novostroev.ru/novostroyki/moskva/uvao/biznes-class/;21.09.2026;да;;;нет данных;нет данных;;нет данных;нет данных;да;Присмотреться;нет данных: 02, 03, 04, 05, 06, 07, 08;24;Школа №493;29;Школа им. Ф.М. Достоевского;0;;;0;;;;;;
dubrovka-ot-granel;Дубровка от Гранель (MYPRIORITY Dubrovka);Дубровка от Гранель;gk-granel;ГК Гранель;бизнес;бизнес;;ЮВАО;Южнопортовый;ул. Шарикоподшипниковская, 11;55.71958;37.67613;адрес;квартиры;932;;;;211;строится;;3 кв. 2028;410300;;;;;;;;;;;mskguru.ru/novostroyki/4705-zhk-mypriority-dubrovka | novostroev.ru/novostroyki/moskva/uvao/biznes-class/;21.09.2026;да;;;нет;нет;;нет данных;нет данных;да;Без отметки;нет: 04;8;Школа им. В.В. Маяковского;8;Школа им. В.В. Маяковского;1;;;0;;;;;;
nizhegorodskaya-ot-granel;Нижегородская от Гранель (MYPRIORITY Нижегородская);Нижегородская от Гранель;gk-granel;ГК Гранель;бизнес;бизнес;;ЮВАО;Нижегородский;ул. Газгольдерная, вл. 10А;55.72714;37.73593;адрес;квартиры;874;;;;304;строится;;3 кв. 2028;410900;;;;;;;;;;;mskguru.ru/novostroyki/5197-zhk-mypriority-nizhegorodskaya | novostroev.ru/novostroyki/moskva/uvao/biznes-class/;21.09.2026;да;;;нет;нет;;нет данных;нет данных;да;Без отметки;нет: 04;18;Школа-интернат №105;22;Школа № 1222 им. И.Х. Баграмяна;0;;;0;;;;;;
akvilon-beside-2-0;Аквилон BESIDE 2.0;Аквилон BESIDE 2.0;gruppa-akvilon;Группа Аквилон;бизнес;бизнес;;ЮВАО;Нижегородский;Рязанский пр-т, 2;55.71385;37.80340;адрес (расходится с каталогом >3 км — проверить);квартиры;1106;;;;216;строится;;2 кв. 2027;369900;;;;;;;;;;;mskguru.ru/novostroyki/5097-zhk-akvilon-beside-2 | novostroev.ru/novostroyki/moskva/uvao/biznes-class/;21.09.2026;да;;;нет;нет;;нет данных;нет данных;да;Без отметки;нет: 04;4;Школа № 1363;4;Школа № 1363;3;25;Школа на Юго-Востоке им. В.И. Чуйкова;0;;;;;;
voice;Voice (Войс);Voice;3s-group;3S Group;бизнес;бизнес;;ЮВАО;Текстильщики;1-й Грайвороновский пер.;55.72000;37.72800;квартал (каталог);квартиры;1075;;;;308;строится;;4 кв. 2027;326300;;;;;;;;;;;mskguru.ru/novostroyki/5099-zhk-voice | novostroev.ru/novostroyki/moskva/uvao/biznes-class/ (координаты approx);21.09.2026;да;;;нет;нет;;нет данных;нет данных;да;Без отметки;нет: 04;20;Школа № 841;23;Школа № 1367;0;;;0;;;;;;
simonovskiy-val;Симоновский вал;Симоновский вал;gk-fsk;ГК ФСК;бизнес;бизнес (novostroev-карточка) / люкс (каталог);;ЮВАО;Южнопортовый;ул. Новоостаповская, вл. 6а;55.71815;37.66798;адрес;квартиры;260;;;;249;старт продаж;;2 кв. 2030;455300;;;;;;;;;;;novostroev.ru/novostroyki/moskva/uvao/yuzhnoportovyy-rayon/simonovskiy-val/;21.09.2026;да;;;да;да;;нет данных;нет данных;да;Присмотреться;нет данных: 02, 03, 06, 07, 08;7;Школа №462;13;Школа им. В.В. Маяковского;1;;;0;;;;;;да
metropoliya;Метрополия;Метрополия;mr-group;MR Group;бизнес;бизнес;;ЮВАО;Южнопортовый;Волгоградский пр-т, 32;55.72193;37.69515;адрес;квартиры;3544;;;;1888;сдан, есть остатки;;сдан;460000;;;;;;;;;;;mskguru.ru/novostroyki/1244-zhk-metropolija | novostroev.ru/novostroyki/moskva/uvao/biznes-class/ (координаты approx);21.09.2026;да;;;нет;нет;;нет данных;нет данных;да;Без отметки;нет: 04;20;Интернат №4;26;Школа им. В.В. Маяковского;0;;;0;;;;;;
champine;Champine;Champine;touch-development;Touch Development;бизнес;бизнес;;ЮВАО;Южнопортовый;ул. Сосинская, 43;55.72605;37.67935;адрес;квартиры;244;;;;169;сдан, есть остатки;;сдан;443600;;;;;;;;;;;mskguru.ru/novostroyki/4920-zhk-champine | novostroev.ru/novostroyki/moskva/uvao/biznes-class/;21.09.2026;да;;;да;нет;;нет данных;нет данных;да;Присмотреться;нет данных: 02, 03, 06, 07, 08;4;Интернат №4;14;Школа им. В.В. Маяковского;1;;;0;;;;;;
stoun-greyn;СТОУН Грэйн (STONE Grain);СТОУН Грэйн;stone;Stone;бизнес;бизнес+;;ЮЗАО;Обручевский;Старокалужское ш., 64с1;55.66072;37.53435;адрес;квартиры;618;;;;270;строится;;4 кв. 2028;538200;;;да;да;;;;;;https://stone.ru/residential/grain;stone.ru/residential/grain | novostroev.ru/novostroyki/moskva/uzao/obruchevskiy/stone-grain/;21.09.2026;да;;;да;нет;;нет данных;нет данных;да;Присмотреться;нет данных: 02, 03, 06, 07, 08;7;Школа №1100;13;Школа № 1514;1;13;Школа № 1514;1;;;;;;
tatum;ТАТУМ (Обручева 27);ТАТУМ;forma;Forma;бизнес;бизнес;;ЮЗАО;Обручевский;ул. Обручева, 27;55.65693;37.53605;адрес;квартиры;796;;;;397;старт продаж;;1 кв. 2029;499400;;;;;;;;;;;novostroev.ru/novostroyki/moskva/uzao/obruchevskiy/obrucheva-27/ | metrium.ru/news/detail/itogi-i-kvartala-2026-goda-na-pervichnom-rynke-biznesklassa-moskvy/;21.09.2026;да;;;да;нет;;нет данных;нет данных;да;Присмотреться;нет данных: 02, 03, 06, 07, 08;18;Школа №1100;23;Школа № 170 им. А.П. Чехова;0;23;Школа № 1514;0;;;;;;
obrucheva-30;Обручева 30;Обручева 30;gruppa-lsr;Группа ЛСР;бизнес;бизнес;;ЮЗАО;Коньково;ул. Обручева, 30;55.65618;37.52859;адрес;квартиры;1805;;;;542;строится;;4 кв. 2026;450900;;;;;;;;;;;mskguru.ru/novostroyki/5040-zhk-obrucheva-30 | novostroev.ru/novostroyki/moskva/uzao/biznes-class/;21.09.2026;да;;;нет;нет;;нет данных;нет данных;да;Без отметки;нет: 04;12;Школа №115;16;Школа № 170 им. А.П. Чехова;0;18;Школа № 1514;1;;;;;;
nametkin-tauer;Наметкин Тауэр;Наметкин Тауэр;gk-osnova;ГК Основа;бизнес;бизнес;;ЮЗАО;Черёмушки;ул. Наметкина, 10с6;55.66211;37.55319;адрес;апартаменты;2071;;;;670;строится;;2 кв. 2026;322000;;;;;;;;;;;mskguru.ru/novostroyki/1392-zhk-nametkina-10 | novostroev.ru/novostroyki/moskva/uzao/biznes-class/;21.09.2026;да;;;нет;нет;;нет данных;нет данных;да;Без отметки;нет: 04;8;Школа № 1948 «Лингвист-М»;8;Школа № 1948 «Лингвист-М»;1;28;Школа № 1514;0;;;;;;
novye-akademiki;Новые Академики;Новые Академики;glavstroy-moskva;Главстрой Москва;элитный;премиум (novostroev) / элит (mskguru) / премиум;да;ЮЗАО;Котловка;ул. Кржижановского, 31;55.67347;37.57929;адрес;квартиры;784;;;;475;строится;;4 кв. 2027;419800;;цена не бьётся с классом;;;;;;;;;mskguru.ru/novostroyki/4995-zhk-novyye-akademiki | novostroev.ru/novostroyki/moskva/uzao/start-prodazh/;21.09.2026;нет;;;нет;нет;;нет данных;нет данных;нет;Без отметки;нет: 01, 04;4;Школа № 1280;7;Британская международная школа (BIS);4;14;Академическая школа № 1534;1;;;;;;
level-akademicheskaya;Level Академическая;Level Академическая;level-group;Level Group;премиум;бизнес (mskguru) / премиум (novostroev);да;ЮЗАО;Академический;ул. Профсоюзная, 2/22;55.68748;37.57226;адрес (OSM, уточнено 21.09);квартиры;295;;;;83;сдан, есть остатки;;сдан;533600;;;;;;;;;;;mskguru.ru/novostroyki/4908-zhk-level-akademicheskaya | novostroev.ru/novostroyki/moskva/uzao/biznes-class/;21.09.2026;нет;;;да;нет;;нет данных;нет данных;да;Без отметки;нет: 01;5;Академическая школа № 1534;5;Академическая школа № 1534;3;5;Академическая школа № 1534;2;;;;;;
stoun-sokolniki;СТОУН Сокольники (STONE Sokolniki);СТОУН Сокольники;stone;Stone;бизнес;бизнес+;;ВАО;Сокольники;ул. Гастелло;55.78342;37.69628;адрес;квартиры;763;;;;398;строится;;4 кв. 2027;516000;;;;;;;;;;https://stone.ru/residential/sokolniki;mskguru.ru/novostroyki/5224-zhk-stone-sokolniki | novostroev.ru/novostroyki/moskva/vao/biznes-class/;21.09.2026;да;;;да;нет;;нет данных;нет данных;да;Присмотреться;нет данных: 02, 03, 06, 07, 08;11;Инженерная школа № 1581;11;Инженерная школа № 1581;3;;;0;;;;;;
solos;Солос (Solos);Солос;dar-development;Dar Development;бизнес;бизнес;;ВАО;Сокольники;ул. Сокольнический Вал, вл. 2А;55.79315;37.65560;адрес;квартиры;1243;;;;457;строится;;1 кв. 2029;401800;;;да;да;;;;;;;mskguru.ru/novostroyki/5180-zhk-solos | novostroev.ru/novostroyki/moskva/vao/biznes-class/;21.09.2026;да;;;нет;нет;;нет данных;нет данных;да;Без отметки;нет: 04;12;Европейская гимназия;12;Европейская гимназия;2;30;Школа № 2107;0;;;;;;
kod-sokolniki;КОД Сокольники;КОД Сокольники;sz-sokolniki;СЗ Сокольники (Новая эра);бизнес;бизнес;;ВАО;Сокольники;ул. Шумкина;55.78723;37.67084;адрес;квартиры;807;;;;328;строится;;4 кв. 2029;521800;;;да;да;;;;;;;mskguru.ru/novostroyki/5221-zhk-kod-sokolyniki | novostroev.ru/novostroyki/moskva/vao/biznes-class/ (координаты approx);21.09.2026;да;;;да;нет;;нет данных;нет данных;да;Присмотреться;нет данных: 02, 03, 06, 07, 08;5;Школа № 1282 «Сокольники»;5;Школа № 1282 «Сокольники»;4;;;0;;;;;;
evopark-sokolniki;ЭВОПАРК Сокольники (EVOPARK);ЭВОПАРК Сокольники;gk-osnova;ГК Основа;бизнес;бизнес;;ВАО;Преображенское;Потешная ул.;55.79915;37.70327;адрес;апартаменты;555;;;;106;строится;;2 кв. 2026;351000;;;;;;;;;;;mskguru.ru/novostroyki/5143-apartamentyy-evopark-sokolyniki | novostroev.ru/novostroyki/moskva/vao/biznes-class/ (координаты approx);21.09.2026;да;;;да;нет;;нет данных;нет данных;да;Присмотреться;нет данных: 02, 03, 06, 07, 08;5;"Школа №1502 ""Энергия""";8;Heritage School;1;;;0;;;;;;
preobrazhenskaya-ploschad;Преображенская площадь;Преображенская площадь;regions-development;Regions Development;элитный;бизнес / премиум (Метриум), элит (kvadroom);да;ВАО;Преображенское;1-я ул. Бухвостова, 12/11;55.79813;37.71371;адрес;квартиры;603;;;;384;строится;;2 кв. 2027;422400;;цена не бьётся с классом;;;;;;;;;mskguru.ru/novostroyki/4864-zhk-preobrazhenskaya-ploshhady | novostroev.ru/novostroyki/moskva/vao/biznes-class/;21.09.2026;нет;;;нет;нет;;нет данных;нет данных;нет;Без отметки;нет: 01, 04;6;Heritage School;6;Heritage School;2;;;0;;;;;;
zikkurat-preobrazhenskiy;Зиккурат Преображенский;Зиккурат Преображенский;ziggurat-development;Ziggurat Development;бизнес;бизнес;;ВАО;Преображенское;ул. Большая Черкизовская, 4;55.79583;37.71792;адрес;квартиры;88;;;;34;старт продаж;;3 кв. 2028;;;;;;;;;;;;novostroev.ru/novostroyki/moskva/vao/preobrazhenskoe/bolshaya-cherkizovskaya-4/;21.09.2026;да;;;да;нет;;нет данных;нет данных;нет данных;Присмотреться;нет данных: 02, 03, 06, 07, 08, 09;9;"Школа №1502 ""Энергия""";11;Школа № 1505 «Преображенская»;3;;;0;;;;;;
sokolinn-park;Sokolinn Park;Sokolinn Park;gruppa-etalon;Группа Эталон;бизнес;бизнес;;ВАО;Богородское;3-я Гражданская ул., вл. 1;55.81398;37.70414;адрес;квартиры;211;;;;67;строится;;2 кв. 2028;415900;;;;;;;;;;;novostroev.ru/novostroyki/moskva/vao/bogorodskoe/grazhdanskaya/ | mskguru.ru/novostroyki/5130-sokolinn-park;21.09.2026;да;;;да;нет;;нет данных;нет данных;да;Присмотреться;нет данных: 02, 03, 06, 07, 08;4;Школа № 1360;4;Школа № 1360;2;;;0;;;;;;
nazare;Назаре;Назаре;ooo-mangazeya;ООО Мангазея;бизнес;бизнес;;ВАО;Богородское;Открытое ш., 9;55.81606;37.73633;адрес;квартиры;1833;;;;747;строится;;2 кв. 2028;481000;;;;;;;;;;;mskguru.ru/novostroyki/5035-mangazeya-v-bogorodskom | novostroev.ru/novostroyki/moskva/vao/biznes-class/;21.09.2026;да;;;нет;нет;;нет данных;нет данных;да;Без отметки;нет: 04;9;Школа №365;19;Школа № 1080;0;;;0;;;;;;
losinoostrovskiy-park;Лосиноостровский парк;Лосиноостровский парк;pik;ПИК;бизнес;бизнес;;ВАО;Метрогородок;Открытое ш., 18;55.81678;37.74402;адрес;квартиры;2491;;;;;строится;;2028;350000;;;;;;;;;;;mskguru.ru/novostroyki/4780-zhk-otkryytoe-18 | mskguru.ru/rayon/vao;21.09.2026;да;;;нет;нет данных;;нет данных;нет данных;да;Без отметки;нет: 04;14;Школа №1035;20;Школа № 1795 «Лосиноостровская»;0;;;0;;;;;;
uno-sokolinaya-gora;УНО. Соколиная гора (UNO);УНО. Соколиная гора;gk-osnova;ГК Основа;бизнес;бизнес;;ВАО;Соколиная Гора;8-я ул. Соколиной Горы, вл. 26а;55.76925;37.74216;адрес;квартиры;642;;;;129;строится;;2 кв. 2027;435000;;;;;;;;;;;mskguru.ru/novostroyki/5149-zhk-uno-sokolinaya-gora | novostroev.ru/novostroyki/moskva/vao/biznes-class/;21.09.2026;да;;;да;нет;;нет данных;нет данных;да;Присмотреться;нет данных: 02, 03, 06, 07, 08;10;Школа № 429 «Соколиная гора»;10;Школа № 429 «Соколиная гора»;1;;;0;;;;;;
evopark-izmaylovo;ЭВОПАРК Измайлово (EVOPARK);ЭВОПАРК Измайлово;gk-osnova;ГК Основа;бизнес;бизнес;;ВАО;Перово;Электродная ул.;55.75213;37.75304;адрес;апартаменты;289;;;;49;строится;;3 кв. 2026;329400;;;;;;;;;;;mskguru.ru/novostroyki/5123-apartamentyy-evopark-izmajjlovo | novostroev.ru/novostroyki/moskva/vao/biznes-class/ (координаты approx);21.09.2026;да;;;да;нет;;нет данных;нет данных;да;Присмотреться;нет данных: 02, 03, 06, 07, 08;19;Школа № 2126 «Перово»;19;Школа № 2126 «Перово»;0;;;0;;;;;;
plekhanova-11;Плеханова, 11;Плеханова, 11;pik;ПИК;бизнес;бизнес;;ВАО;Перово;ул. Плеханова, 11;55.75205;37.76766;адрес;квартиры;1509;;;;256;строится;;3 кв. 2026;400000;;;;;;;;;;;mskguru.ru/novostroyki/4495-zhk-plekhanova-11- | novostroev.ru/novostroyki/moskva/vao/biznes-class/;21.09.2026;да;;;нет;нет;;нет данных;нет данных;да;Без отметки;нет: 04;12;Школа №788;19;Школа № 1852;0;;;0;;;;;;
2-y-irtyshskiy;2-й Иртышский;2-й Иртышский;pik;ПИК;бизнес;бизнес;;ВАО;Гольяново;2-й Иртышский пр-д;55.81154;37.75920;адрес;квартиры;693;;;;166;строится;;3 кв. 2028;279500;;;;;;;;;;;mskguru.ru/novostroyki/5077-zhk-2jj-irtyyshevskijj | novostroev.ru/novostroyki/moskva/vao/biznes-class/;21.09.2026;да;;;да;нет;;нет данных;нет данных;да;Присмотреться;нет данных: 02, 03, 06, 07, 08;9;Школа № 319;9;Школа № 319;1;;;0;;;;;;
primavera;Примавера (Primavera);Примавера;sz-stadion-spartak;СЗ Стадион Спартак;премиум;премиум;;СЗАО;Покровское-Стрешнево;квартал Россини, Волоколамское шоссе;55.82410;37.42148;адрес;квартиры;;;;;;строится, есть сданные;;2028;644500;;;;;;;;;;;kvadroom.ru, realty.vbr.ru, coords approx;21.09.2026;нет;;;нет данных;нет данных;;нет данных;нет данных;да;Без отметки;нет: 01;14;Школа № 727;14;Школа № 727;1;29;Курчатовская школа;0;;;;;;
drim-riva;Дрим Рива (Dream Riva);Дрим Рива;regions-development;Regions Development;элитный;премиум (Метриум), элит (kvadroom);да;ЮАО;Нагатинский Затон;Проектируемый проезд № 4062;55.75990;37.46951;адрес (расходится с каталогом >3 км — проверить);квартиры;790;;;;363;строится;;4 кв. 2027;565600;;цена не бьётся с классом;;;;;;;;;novostroev.ru, kvadroom.ru, Метриум, coords approx;21.09.2026;нет;;;нет;нет;;нет данных;нет данных;нет;Без отметки;нет: 01, 04;19;Школа №696;23;Хорошевская школа (Хорошкола);0;;;0;;;;;;
soyuz;Союз;Союз;gruppa-rodina;Группа Родина;премиум;премиум;;СВАО;Ростокино;ул. Сельскохозяйственная;55.85178;37.62519;адрес;квартиры;133;;;;;строится, есть сданные;;2026;605200;;;да;да;;;;;;;kvadroom.ru, Метриум, coords approx;21.09.2026;нет;;;да;нет данных;;нет данных;нет данных;да;Без отметки;нет: 01;9;Центр образования № 264;11;Школа № 950;1;;;0;;;;;;
nachalo;Начало;Начало;donstroy;Донстрой;премиум;премиум;;ЦАО;Пресненский;ул. Сергея Макеева, 7;55.75915;37.54877;адрес;квартиры;962;;;;897;строится;;2030;925200;;;;;;;;;;;kvadroom.ru, cian.ru, coords approx;21.09.2026;да;;;нет;нет;;нет данных;нет данных;да;Без отметки;нет: 04;7;Школа № 2030;7;Школа № 2030;1;;;0;;;;;;
teyt;Тейт (Tate);Тейт;gk-kortros;ГК КОРТРОС;премиум;премиум;;СВАО;Марьина Роща;ул. Веткина, вл. 2;55.80457;37.62083;адрес;квартиры;1104;;;;545;строится;;2027;513700;;;да;да;;;;;;;kvadroom.ru, coords approx;21.09.2026;нет;;;нет;нет;;нет данных;нет данных;да;Без отметки;нет: 01, 04;12;Школа №1956;23;Школа «Марьина Роща» им. В.Ф. Орлова;0;29;Школа Центра педагогического мастерства (ЦПМ);0;;;;;;
khay-layf;Хай Лайф (High Life);Хай Лайф;gk-pioner;ГК Пионер;премиум;премиум;;ЮАО;Даниловский;Летниковская ул., 11к1;55.72624;37.64499;адрес;квартиры;;;;;;строится, есть сданные;;2027;656000;;;да;да;;;;;;;kvadroom.ru, realty.vbr.ru, coords approx;21.09.2026;да;;;нет данных;нет данных;;нет данных;нет данных;да;Присмотреться;нет данных: 02, 03, 04, 05, 06, 07, 08;12;Школа № 1553 им. В.И. Вернадского;12;Школа № 1553 им. В.И. Вернадского;2;;;0;;;;;;
krylatskaya-33;Крылатская 33;Крылатская 33;sz-siyanie;СЗ Сияние;премиум;премиум;;ЗАО;Крылатское;ул. Крылатская, з/у 33/1;55.76980;37.40748;адрес;квартиры;755;;;;271;строится;;2027;580000;;;;;;;;;;33krilatskaya.ru;kvadroom.ru, Метриум, coords approx;21.09.2026;нет;;;нет;нет;;нет данных;нет данных;да;Без отметки;нет: 01, 04;6;Школа № 1593;6;Школа № 1593;2;;;0;;;;;;
kollektsiya-luzhniki;Коллекция Лужники (Luzhniki Collection);Коллекция Лужники;absolyut-premium;Абсолют Премиум;элитный;премиум / элитный;да;ЦАО;Хамовники;Новолужнецкий проезд;55.71800;37.55900;квартал (каталог);квартиры+апартаменты;;;;;;строится;;2027;1412100;;;;;;;;;;;kvadroom.ru, novostroev.ru, coords approx;21.09.2026;да;;;нет данных;нет данных;;нет данных;нет данных;да;Присмотреться;нет данных: 02, 03, 04, 05, 06, 07, 08;12;Пятьдесят седьмая школа;12;Пятьдесят седьмая школа;1;12;Пятьдесят седьмая школа;3;;;;;;
rodina-park;Родина Парк;Родина Парк;gruppa-rodina;Группа Родина;премиум;премиум;;ЗАО;Можайский;ул. Толбухина;55.72298;37.39718;адрес;квартиры;;;;;;строится, есть сданные;;2028;651600;;;;;;;;;;;kvadroom.ru, novostroev.ru, coords approx;21.09.2026;нет;;;нет данных;нет данных;;нет данных;нет данных;да;Без отметки;нет: 01;7;Школа №800;17;Школа № 1400;0;28;Ломоносовская школа;0;;;;;;
dom-56;Дом 56;Дом 56;gals-development;Галс-Девелопмент;премиум;премиум;;ЦАО;Басманный;ул. Фридриха Энгельса, 56;55.77223;37.68244;адрес;квартиры;510;;;;209;строится;;2026;647500;;;;;;;;;;;kvadroom.ru, coords approx;21.09.2026;да;;;да;нет;;нет данных;нет данных;да;Присмотреться;нет данных: 02, 03, 06, 07, 08;6;Школа № 1247;7;Школа № 354 им. Д.М. Карбышева;2;;;0;;;;;;
mira;Мира;Мира;mr-group;MR Group;премиум;премиум;;СВАО;Алексеевский;проспект Мира;55.80825;37.63502;адрес;квартиры;762;;;;;строится;;2027;636900;;;;;;;;;;;kvadroom.ru, coords approx;21.09.2026;нет;;;нет;нет данных;;нет данных;нет данных;да;Без отметки;нет: 01, 04;3;Школа № 1531 им. С.К. Годовикова;3;Школа № 1531 им. С.К. Годовикова;5;8;Школа № 1518;1;;;;;;
dom-7-danilovskiy;Дом 7 Даниловский;Дом 7 Даниловский;coldy;COLDY;премиум;премиум;;ЮАО;Даниловский;район метро Тульская;55.70866;37.62209;адрес;квартиры;207;;;;;строится;;2027;957000;;;5;да;;;;;;;kvadroom.ru;21.09.2026;да;;;да;нет данных;;нет данных;нет данных;да;Присмотреться;нет данных: 02, 03, 05, 06, 07, 08;8;Школа № 547;8;Школа № 547;3;30;Лицей «Воробьёвы горы»;0;;;;;;
d-oro-mile;Д'оро Миле (D'oro Mille);Д'оро Миле;elita-eko-gk-imena;Элита-Эко / ГК Имена;элитный;премиум / элитный;да;ЗАО;Дорогомилово;1-й Можайский тупик;55.74410;37.55747;адрес;апартаменты;156;;;;;строится;;2026;1050000;;;6;да;;;;;;;kvadroom.ru, anwin.ru, coords approx;21.09.2026;нет;;;нет;нет данных;;нет данных;нет данных;да;Без отметки;нет: 01, 04;3;Школа № 1465 имени адмирала Н;10;Школа «Технологии обучения»;3;23;Частная школа «Золотое сечение»;0;;;;;;
dom-dau;Дом Дау;Дом Дау;gk-summa-elementov;ГК Сумма элементов;премиум;премиум;;ЦАО;Пресненский;1-й Красногвардейский проезд, Москва-Сити;55.74976;37.53385;адрес;квартиры;;;;;;строится;;2027;922500;;;;;;;;;;;kvadroom.ru, coords approx;21.09.2026;нет;;;нет данных;нет данных;;нет данных;нет данных;да;Без отметки;нет: 01;16;Романовская школа;16;Романовская школа;0;;;0;;;;;;
masters;Мастерс (Masters);Мастерс;capital-group;Capital Group;премиум;премиум;;САО;Хорошёвский;ул. Викторенко, 16;55.79527;37.52304;адрес;квартиры;672;;;;363;строится, новый старт 2026;;2029;582100;;;;;;;;;;;kvadroom.ru, Метриум, coords approx;21.09.2026;нет;;;нет;нет;;нет данных;нет данных;да;Без отметки;нет: 01, 04;3;Школа № 1287;3;Школа № 1287;4;14;Лицей Финансового университета;2;;;;;;
serebryanyy-bor;Серебряный Бор (квартал);Серебряный Бор;st-michael;ST Michael;премиум;премиум;;СЗАО;Хорошёво-Мнёвники;ул. Берзарина, 37;55.78907;37.47195;адрес;квартиры;;;;;;строится;;2027;727700;;;да;да;;;;;;;kvadroom.ru, realty.vbr.ru, coords approx;21.09.2026;нет;;;нет данных;нет данных;;нет данных;нет данных;да;Без отметки;нет: 01;7;Школа № 138;7;Школа № 138;2;7;Курчатовская школа;2;;;;;;
khaydaut;Хайдаут (Hideout);Хайдаут;dominanta;Dominanta;премиум;премиум;;ЗАО;Раменки;3-й Сетуньский проезд;55.73213;37.53418;адрес;квартиры;665;;;;557;строится;;2 кв. 2028;690000;;;да;да;;;;;;;kvadroom.ru, coords approx;21.09.2026;нет;;;да;нет;;нет данных;нет данных;да;Без отметки;нет: 01;4;Школа № 12;20;Школа № 67;0;;;0;;;;;;
fantom;Фантом (Phantom);Фантом;sense-development;Sense Development;элитный;премиум / элитный;да;ЦАО;Мещанский;район метро Сухаревская;55.77141;37.63720;адрес;квартиры;105;;;;;строится;;2027;1650000;;;;;;;;;;;kvadroom.ru, coords approx;21.09.2026;да;;;нет;нет данных;;нет данных;нет данных;да;Без отметки;нет: 04;5;Школа-вуз «Современное образование»;6;Школа № 1284;5;15;Школа № 2107;2;;;;;;
river-park-kutuzovskiy;Ривер Парк Кутузовский (River Park Towers);Ривер Парк Кутузовский;aeon-development;Аеон Девелопмент;премиум;премиум;;ЗАО;Дорогомилово;первая линия набережной Москвы-реки, метро Фили;55.75586;37.50902;адрес;квартиры;;;;;1134;строится;;2027;800000;;;;;;;;;;;kvadroom.ru, realty.vbr.ru, coords approx;21.09.2026;нет;;;нет данных;нет данных;;нет данных;нет данных;да;Без отметки;нет: 01;1;Академическая Гимназия;10;Образовательный центр «Протон»;1;;;0;;;;;;
layf-taym;Лайф Тайм (Life Time);Лайф Тайм;sminex;Sminex;премиум;премиум;;ЦАО;Пресненский;ул. Сергея Макеева;55.76160;37.54914;адрес;квартиры;218;;;;;строится;;2026;1090400;;;да;да;;;;;;;kvadroom.ru, realty.vbr.ru, coords approx;21.09.2026;да;;;да;нет данных;;нет данных;нет данных;да;Присмотреться;нет данных: 02, 03, 05, 06, 07, 08;6;Школа № 2055;8;Школа № 2030;1;;;0;;;;;;
praym-park;Прайм Парк (Prime Park);Прайм Парк;optima-development;Optima Development;премиум;премиум;;САО;Хорошёвский;Ленинградский проспект, вл. 37;55.79152;37.54597;адрес;квартиры;;;;;;строится, есть сданные;;2027;710000;;;;;;;;;;;kvadroom.ru, novostroev.ru, coords approx;21.09.2026;нет;;;нет данных;нет данных;;нет данных;нет данных;да;Без отметки;нет: 01;10;Школа № 152;10;Школа № 152;2;11;Школа № 1409;1;;;;;;
vesper-kutuzovskiy;Веспер Кутузовский (Vesper Кутузовский);Веспер Кутузовский;vesper;Vesper;премиум;премиум;;ЗАО;Дорогомилово;Кутузовский проспект;55.74187;37.52966;адрес;квартиры;82;;;;;строится;;2028;1403000;;;;;;;;;;;kvadroom.ru, realty.vbr.ru, coords approx;21.09.2026;нет;;;да;нет данных;;нет данных;нет данных;да;Без отметки;нет: 01;9;Школа № 67;9;Школа № 67;1;;;0;;;;;;
viktori-park-rezidensez;Виктори Парк Резиденсез (Victory Park Residences);Виктори Парк Резиденсез;ant-development;ANT Development;премиум;премиум;;ЗАО;Дорогомилово;район Поклонной горы;55.73752;37.51845;адрес;квартиры;482;;;;712;сдан, есть остатки;;сдан;1611900;;;27;да;;;;;;;kvadroom.ru, coords approx;21.09.2026;нет;;;да;нет;;нет данных;нет данных;да;Без отметки;нет: 01;4;Школа № 67;4;Школа № 67;1;;;0;;;;;;
wellton-spa-residence;Wellton Spa Residence;Wellton Spa Residence;kontsern-krost;Концерн КРОСТ;премиум;премиум;;СЗАО;Хорошёво-Мнёвники;ул. Маршала Жукова;55.77700;37.46700;квартал (каталог);апартаменты;62;;;;;сдан, есть остатки;;2023;900000;;;;;;;;;;;kvadroom.ru, Метриум, coords approx;21.09.2026;нет;;;да;нет данных;;нет данных;нет данных;да;Без отметки;нет: 01;7;Школа № 138;7;Школа № 138;4;10;Школа № 1517;1;;;;;;
dom-gorizontov;Дом Горизонтов;Дом Горизонтов;touch;Touch;премиум;премиум;;ЗАО;Крылатское;Осенний бульвар;55.75928;37.40921;адрес;квартиры;142;;;;;строится;;2027;673500;;;да;да;;;;;;;kvadroom.ru, realty.vbr.ru, coords approx;21.09.2026;нет;;;да;нет данных;;нет данных;нет данных;да;Без отметки;нет: 01;5;Школа № 1440;5;Школа № 1440;3;;;0;;;;;;
ahead;Ahead (Эхэд);Ahead;vos-hod;Vos'hod;премиум;премиум;;ЗАО;Филёвский парк;район метро Филёвский парк;55.76406;37.48740;адрес;апартаменты;62;;;;;строится;;2026;667000;;;да;да;;;;;;;kvadroom.ru, coords approx;21.09.2026;нет;;;да;нет данных;;нет данных;нет данных;да;Без отметки;нет: 01;5;Школа №696;;;0;;;0;;;;;;
forum;Форум (Forum);Форум;mr-group;MR Group;премиум;премиум;;ЦАО;Мещанский;Садовая-Сухаревская ул., вл. 14;55.77301;37.62740;адрес;квартиры;46;;;;77;строится;;2026;1910000;;;2;да;;;;;;;kvadroom.ru, coords approx;21.09.2026;да;;;да;да;;нет данных;нет данных;да;Присмотреться;нет данных: 02, 03, 06, 07, 08;5;Школа № 2054;5;Школа № 2054;5;6;Школа № 2107;3;;;;;;да
dom-franka;Дом Франка;Дом Франка;transstroyinvest;Трансстройинвест;премиум;премиум;;ЦАО;Мещанский;Мещанский переулок;55.79371;37.63630;адрес;квартиры;147;;;;;строится;;2026;1581900;;;да;да;;;;;;;kvadroom.ru, coords approx;21.09.2026;да;;;да;нет данных;;нет данных;нет данных;да;Присмотреться;нет данных: 02, 03, 05, 06, 07, 08;10;Школа № 1297;14;Школа № 2107;1;14;Школа № 2107;3;;;;;;
slava;Слава (Slava);Слава;mr-group;MR Group;элитный;премиум (Метриум), элит (kvadroom);да;САО;Беговой;Ленинградский проспект, вл. 8;55.78662;37.55950;адрес;квартиры;;;;;;строится;;2027;838900;;;;;;;;;;;kvadroom.ru, realty.vbr.ru, coords approx;21.09.2026;нет;;;нет данных;нет данных;;нет данных;нет данных;да;Без отметки;нет: 01;3;Лицей №1550;15;Школа № 1601 им. Е.К. Лютикова;1;22;Школа № 1409;0;;;;;;
badaevskiy;Бадаевский;Бадаевский;capital-group;Capital Group;элитный;премиум/элит / элитный;да;ЗАО;Дорогомилово;Кутузовский проспект, 12;55.74889;37.55715;адрес;квартиры;871;;;;;строится;;2027;1406000;;;;;;;;;;https://capitalgroup.ru;kvadroom.ru, realty.vbr.ru, coords approx;21.09.2026;нет;;;нет;нет данных;;нет данных;нет данных;да;Без отметки;нет: 01, 04;2;Школа № 67;2;Школа № 67;2;30;Частная школа «Золотое сечение»;0;;;;;;
era;Эра (Era);Эра;tekta-grupp;ТЕКТА ГРУПП;элитный;премиум (Метриум), элит (kvadroom);да;ЮАО;Даниловский;Дербеневская набережная;55.72227;37.65143;адрес;квартиры;;;;;;строится, есть сданные;;2026-2029;545200;;цена не бьётся с классом;;;;;;;;;kvadroom.ru, Метриум, anwin.ru, coords approx;21.09.2026;нет;;;нет данных;нет данных;;нет данных;нет данных;нет;Без отметки;нет: 01;4;Школа № 1553 им. В.И. Вернадского;4;Школа № 1553 им. В.И. Вернадского;1;;;0;;;;;;
shift;Шифт (SHIFT);Шифт;gk-pioner;ГК Пионер;элитный;премиум/элит;да;ЮАО;Донской;2-й Донской проезд, 10;55.71137;37.59165;адрес;квартиры;;;;;;строится;;2028;835300;;;;;;;;;;;kvadroom.ru, realty.vbr.ru, coords approx;21.09.2026;нет;;;нет данных;нет данных;;нет данных;нет данных;да;Без отметки;нет: 01;6;Бауманская инженерная школа № 1580. Корпус 3;13;Школа № 630 им. Г.П. Кравченко;1;20;Лицей «Воробьёвы горы»;1;;;;;;
tishinskiy-bulvar;Тишинский бульвар;Тишинский бульвар;sminex;Sminex;элитный;премиум/элит / элитный;да;ЦАО;Пресненский;Электрический переулок, Тишинский бульвар;55.77230;37.57596;адрес;квартиры;220;;;;;строится;;2027-2028;1240800;;;да;да;;;;;;https://www.sminex.com;kvadroom.ru, novostroev.ru, coords approx;21.09.2026;да;;;нет;нет данных;;нет данных;нет данных;да;Без отметки;нет: 04;2;Романовская школа;2;Романовская школа;2;;;0;;;;;;
muza;Муза (MUSE);Муза;gk-mangazeya;ГК Мангазея;элитный;премиум/элит, новый старт 2026;да;САО;Аэропорт;Красноармейская ул., 11;55.79900;37.55500;квартал (каталог);квартиры+апартаменты;309;;;;149;строится;;2029;857700;;;да;да;;;;;;;kvadroom.ru, cian.ru, Метриум, coords approx;21.09.2026;нет;;;нет;нет;;нет данных;нет данных;да;Без отметки;нет: 01, 04;5;Школа № 1601 им. Е.К. Лютикова;5;Школа № 1601 им. Е.К. Лютикова;6;9;Школа № 1575;1;;;;;;
nikol;Николь (Nicole);Николь;mr-group;MR Group;делюкс;премиум/элит / делюкс;да;ЦАО;Тверской;район метро Площадь Революции;55.75557;37.62349;адрес;квартиры;;;;;316;строится;;2027-2028;2325000;;;;;;;;;;https://mr-group.ru;kvadroom.ru, novostroev.ru, coords approx;21.09.2026;да;;;нет данных;нет данных;;нет данных;нет данных;да;Присмотреться;нет данных: 02, 03, 04, 05, 06, 07, 08;14;Школа № 179;14;Школа № 179;1;14;Школа № 179;2;;;;;;
kosmo-4-22;Космо 4/22;Космо 4/22;gals-development;Галс-Девелопмент;делюкс;делюкс / делюкс;да;ЦАО;Замоскворечье;Космодамианская набережная, 4/22;55.74421;37.63966;адрес;апартаменты;92;;;;;сдан, есть остатки;;сдан;1415600;;;11;да;;;;;;https://hals-development.ru;kvadroom.ru, coords approx;21.09.2026;да;;;нет;нет данных;;нет данных;нет данных;да;Без отметки;нет: 04;4;Школа № 518;8;Школа № 1259;1;19;Лицей НИУ ВШЭ;1;;;;;;
artel;Артель;Артель;stenoy;Stenoy;премиум;премиум;;ВАО;Преображенское;Электрозаводская ул.;55.78761;37.70547;адрес;квартиры;;;;;58;строится;;2027;610500;;;;;;;;;;;kvadroom.ru, coords approx;21.09.2026;нет;;;нет данных;нет данных;;нет данных;нет данных;да;Без отметки;нет: 01;10;Школа № 444;18;Школа на Яузе;0;;;0;;;;;;
reka;Река (клубный дом);Река;donstroy;Донстрой;элитный;премиум/элит;да;ЗАО;Раменки;район метро Мичуринский проспект;55.69627;37.50461;адрес;квартиры;;;;;;строится, есть сданные;;2029;842000;;;да;да;;;;;;;kvadroom.ru, coords approx;21.09.2026;нет;;;нет данных;нет данных;;нет данных;нет данных;да;Без отметки;нет: 01;4;Школа № 1498 «Московская международная школа»;4;Школа № 1498 «Московская международная школа»;4;24;Университетская гимназия МГУ имени М.В. Ломоносова;0;;;;;;
springs;Спрингс (Springs);Спрингс;uniq-development;UNIQ Development;элитный;премиум/элит;да;ЗАО;Фили-Давыдково;;55.73081;37.45908;адрес;квартиры;;;;;;строится;;2027;672600;;цена не бьётся с классом;;;;;;;;;kvadroom.ru;21.09.2026;нет;;;нет данных;нет данных;;нет данных;нет данных;нет;Без отметки;нет: 01;4;Навигацкая школа;14;Школа № 2101;1;;;0;;;;;;
dostizhenie;Достижение;Достижение;sminex;Sminex;премиум;премиум;;СВАО;Марфино;;55.84627;37.58393;адрес;квартиры;;;;;;сдан, есть остатки;;сдан;640400;;;;;;;;;;;novostroev.ru;21.09.2026;нет;;;нет данных;нет данных;;нет данных;нет данных;да;Без отметки;нет: 01;3;Школа № 1494;3;Школа № 1494;1;;;0;;;;;;
26-parkvyu;26 Парквью;26 Парквью;mr-group;MR Group;премиум;премиум;;САО;Тимирязевский;ул. Тимирязевская;55.81926;37.56231;адрес;квартиры;;;;;;строится;;2029;770000;;;;;;;;;;;novostroev.ru, anwin.ru;21.09.2026;нет;;;нет данных;нет данных;;нет данных;нет данных;да;Без отметки;нет: 01;10;Первый Московский кадетский корпус;10;Первый Московский кадетский корпус;2;19;Школа № 218;1;;;;;;
demidov-26;Демидов 26;Демидов 26;oniks-development;Оникс-Девелопмент;премиум;премиум;;ЦАО;Басманный;;55.76943;37.65707;адрес;квартиры;;;;;;строится;;2028;;;;;;;;;;;;novostroev.ru;21.09.2026;да;;;нет данных;нет данных;;нет данных;нет данных;нет данных;Присмотреться;нет данных: 02, 03, 04, 05, 06, 07, 08, 09;4;Инженерная школа № 1581;4;Инженерная школа № 1581;2;19;Лицей НИУ ВШЭ;1;;;;;;
king-end-sans;Кинг энд Санс (King & Sons);Кинг энд Санс;october-group;October Group;элитный;премиум/элит;да;ЗАО;Раменки;Мосфильмовская ул., 31А;55.71261;37.51212;адрес;квартиры;;;;;;строится;;2027;1100000;;;;;;;;;;;novostroev.ru, kvadroom.ru;21.09.2026;нет;;;нет данных;нет данных;;нет данных;нет данных;да;Без отметки;нет: 01;5;Лицей № 1586;17;Шуваловская школа № 1448;0;;;0;;;;;;
dom-a;Дом А;Дом А;brusnika;Брусника;премиум;премиум;;ЮАО;Даниловский;Дубининская ул., 59к5;55.71911;37.63480;адрес;квартиры;;;;;;строится;;2027;560100;;;;;;;;;;;novostroev.ru, cian.ru;21.09.2026;да;;;нет данных;нет данных;;нет данных;нет данных;да;Присмотреться;нет данных: 02, 03, 04, 05, 06, 07, 08;9;Школа № 627 им. Д.Д. Лелюшенко;9;Школа № 627 им. Д.Д. Лелюшенко;2;;;0;;;;;;
aurus-rezidentsii;Аурус Резиденции;Аурус Резиденции;gk-strana-development;ГК Страна Девелопмент;премиум;премиум, новый старт 2026;;ЦАО;Пресненский;2-й Красногвардейский проезд;55.75266;37.53448;адрес;квартиры;;;;;;старт продаж;;2029;;;;;;;;;;;;Метриум, anwin.ru, coords approx;21.09.2026;да;;;нет данных;нет данных;;нет данных;нет данных;нет данных;Присмотреться;нет данных: 02, 03, 04, 05, 06, 07, 08, 09;14;Романовская школа;14;Романовская школа;1;;;0;;;;;;
one;ОНЕ (ONE);ОНЕ;mr-group;MR Group;премиум;премиум, новый старт;;ЦАО;Пресненский;1-й Красногвардейский проезд, Москва-Сити;55.75050;37.53938;адрес;квартиры;;;;;;строится;;2030;;;;;;;;;;;;Метриум, anwin.ru, coords approx;21.09.2026;да;;;нет данных;нет данных;;нет данных;нет данных;нет данных;Присмотреться;нет данных: 02, 03, 04, 05, 06, 07, 08, 09;17;Школа № 340;19;Романовская школа;0;;;0;;;;;;
ays-tauers;Айс Тауэрс (ICE Towers);Айс Тауэрс;grad-development;Град Девелопмент;премиум;премиум;;ЗАО;Проспект Вернадского;;55.68160;37.51635;адрес;квартиры;;;;;;строится;;;;;;;;;;;;;;Метриум/mirkvartir.ru;21.09.2026;нет;;;нет данных;нет данных;;нет данных;нет данных;нет данных;Без отметки;нет: 01;6;Школа № 7;6;Школа № 7;2;12;Школа № 1514;1;;;;;;
deko-rezidens;Деко Резиденс;Деко Резиденс;;;премиум;премиум;;ЮАО;Даниловский;;55.71197;37.63186;адрес;апартаменты;;;;;;строится;;;;;;;;;;;;;;Метриум/mirkvartir.ru;21.09.2026;да;;;нет данных;нет данных;;нет данных;нет данных;нет данных;Присмотреться;нет данных: 02, 03, 04, 05, 06, 07, 08, 09;8;Школа № 1257;8;Школа № 1257;2;;;0;;;;;;
gloraks-premium-belorusskaya;Глоракс Премиум Белорусская;Глоракс Премиум Белорусская;glorax;GloraX;премиум;премиум;;САО;Беговой;;55.78360;37.56021;адрес;апартаменты;;;;;;строится;;;;;;;;;;;;;;Метриум/finance.mail.ru;21.09.2026;нет;;;нет данных;нет данных;;нет данных;нет данных;нет данных;Без отметки;нет: 01;2;Лицей №1550;18;Школа № 1288 им. Н.В. Троян;0;29;Школа № 1409;0;;;;;;
sikret-garden;Сикрет Гарден;Сикрет Гарден;gk-kortros;ГК КОРТРОС;премиум;премиум;;ЮЗАО;Обручевский;;55.65424;37.53941;адрес;квартиры;;;;;;строится;;2029;537000;;;;;;;;;;;novostroev.ru;21.09.2026;нет;;;нет данных;нет данных;;нет данных;нет данных;да;Без отметки;нет: 01;16;Школа №115;18;Школа № 170 им. А.П. Чехова;0;28;Школа № 1514;0;;;;;;
quartier-d-or;Quartier d'Or (Картьер д'Ор);Quartier d'Or;rariteco;RARITECO;делюкс;премиум / делюкс;да;ЦАО;Замоскворечье;ул. Большая Татарская, 21;55.74028;37.63286;адрес;квартиры;;;;;;строится;;2026;1600000;;;;;;;;;;;novostroev.ru;21.09.2026;да;;;нет данных;нет данных;;нет данных;нет данных;да;Присмотреться;нет данных: 02, 03, 04, 05, 06, 07, 08;10;Школа № 1323;12;Школа № 627 им. Д.Д. Лелюшенко;3;24;Лицей НИУ ВШЭ;0;;;;;;
obydenskiy-1;Обыденский №1;Обыденский №1;sminex;Sminex;делюкс;делюкс;;ЦАО;Хамовники;3-й Обыденский пер., вл. 1, стр. 1;55.74252;37.60409;адрес;квартиры;26;;;;41;сдан, есть остатки;;I кв. 2026;2800000;;;да (348,5-781,6 кв.м);да;;;;;;https://www.sminex.com;metrium 1H2026 | novostroev.ru | intermark.ru | coords approx;21.09.2026;да;;;да;нет;;нет данных;нет данных;да;Присмотреться;нет данных: 02, 03, 06, 07, 08;2;Школа № 1529 имени А.С. Грибоедова;2;Школа № 1529 имени А.С. Грибоедова;5;13;Пятьдесят седьмая школа;2;;;;;;
lavrushinskiy;Лаврушинский;Лаврушинский;sminex;Sminex;делюкс;делюкс;;ЦАО;Якиманка;Большой Толмачёвский пер., 5;55.73973;37.62108;адрес;квартиры;;;;;;сдан, есть остатки;;сдан;2300000;;;да (664,1 кв.м);да;;;;;;https://www.sminex.com;metrium 1H2026 | novostroev.ru | coords approx;21.09.2026;да;;;нет данных;нет данных;;нет данных;нет данных;да;Присмотреться;нет данных: 02, 03, 04, 05, 06, 07, 08;6;Елизаветинская гимназия;8;Школа № 1799;2;27;Пятьдесят седьмая школа;0;;;;;;
palashevskiy-11;Палашёвский 11;Палашёвский 11;sminex;Sminex;делюкс;делюкс;;ЦАО;Тверской;Большой Палашёвский пер., 11-13;55.76496;37.59964;адрес;квартиры;43;;;;;строится;;I кв. 2030;3000000;;;;;;;;;;https://www.sminex.com;novostroev.ru | novostroev.ru/articles | coords approx;21.09.2026;да;;;нет;нет данных;;нет данных;нет данных;да;Без отметки;нет: 04;3;Школа № 1234;3;Школа № 1234;4;16;Школа № 2123 им. Мигеля Эрнандеса;1;;;;;;
ilinka-3-8;Ильинка 3/8;Ильинка 3/8;sminex;Sminex;делюкс;делюкс;;ЦАО;Тверской;ул. Ильинка, 3/8;55.75455;37.62389;адрес;квартиры;;;;;;сдан, есть остатки;;III кв. 2025;2200000;;;;;;;;;;https://www.sminex.com;novostroev.ru | coords approx;21.09.2026;да;;;нет данных;нет данных;;нет данных;нет данных;да;Присмотреться;нет данных: 02, 03, 04, 05, 06, 07, 08;15;Школа № 179;15;Школа № 179;2;15;Школа № 179;2;;;;;;
rozhdestvenka-8;Рождественка 8;Рождественка 8;sminex;Sminex;делюкс;делюкс;;ЦАО;Мещанский;ул. Рождественка, 8;55.76622;37.62469;адрес;квартиры;;;;;;строится;;IV кв. 2029;4200000;;;;;;;;;;https://www.sminex.com;novostroev.ru | coords approx;21.09.2026;да;;;нет данных;нет данных;;нет данных;нет данных;да;Присмотреться;нет данных: 02, 03, 04, 05, 06, 07, 08;10;Лицей НИУ ВШЭ;10;Лицей НИУ ВШЭ;5;10;Лицей НИУ ВШЭ;3;;;;;;
fon-dessin;Фон Дессин (Fon Dessin);Фон Дессин;sminex;Sminex;делюкс;делюкс;;ЦАО;Басманный;Потаповский пер., 5, стр. 4;55.76172;37.64045;адрес;квартиры;36;;;;;строится;;II кв. 2026;2300000;;;;;;;;;;https://www.sminex.com;novostroev.ru | intermark.ru | coords approx;21.09.2026;да;;;нет;нет данных;;нет данных;нет данных;да;Без отметки;нет: 04;8;Школа «Покровский квартал»;8;Школа «Покровский квартал»;5;8;Лицей НИУ ВШЭ;2;;;;;;
frunzenskiy;Фрунзенский;Фрунзенский;sminex;Sminex;элитный;элитный;;ЦАО;Хамовники;Фрунзенская наб., 30;55.72506;37.58254;адрес;квартиры;;;;;;строится;;III кв. 2027;2000000;;;;;;;;;;https://www.sminex.com;novostroev.ru | metrium 1Q2026 | coords approx;21.09.2026;да;;;нет данных;нет данных;;нет данных;нет данных;да;Присмотреться;нет данных: 02, 03, 04, 05, 06, 07, 08;6;Школа № 171;6;Школа № 171;2;6;Школа № 171;4;;;;;;
gorodskaya-usadba-v-orlovo-davydovskom;Городская усадьба в Орлово-Давыдовском;Городская усадьба в Орлово-Давыдовском;sminex;Sminex;элитный;элитный;;ЦАО;Мещанский;Орлово-Давыдовский пер., 2;55.78306;37.63937;адрес;квартиры;;;;;;сдан, есть остатки;;III кв. 2025;;;;;;;;;;;https://www.sminex.com;novostroev.ru | coords approx;21.09.2026;да;;;нет данных;нет данных;;нет данных;нет данных;нет данных;Присмотреться;нет данных: 02, 03, 04, 05, 06, 07, 08, 09;8;Школа № 2107;8;Школа № 2107;1;8;Школа № 2107;1;;;;;;
vesper-pogodinskaya;Vesper Погодинская;Vesper Погодинская;vesper;Vesper;делюкс;делюкс;;ЦАО;Хамовники;ул. Погодинская, вл. 24, стр. 1, 2;55.73072;37.56424;адрес;квартиры;64;;;;100;строится (котлован);;IV кв. 2028;;;;;;;;;;;https://www.vespermoscow.com;novostroev.ru | novostroev.ru/articles | coords approx;21.09.2026;да;;;нет;нет;;нет данных;нет данных;нет данных;Без отметки;нет: 04;3;Школа № 1535;3;Школа № 1535;2;3;Школа № 1535;3;;;;;;
levenson;Левенсон (Levenson);Левенсон;vesper;Vesper;делюкс;делюкс;;ЦАО;Пресненский;Трёхпрудный пер., 9;55.76530;37.59656;адрес;квартиры;;;;;;строится;;III кв. 2027;2700000;;;;;;;;;;https://www.vespermoscow.com;novostroev.ru | moskvadeluxe.ru | coords approx;21.09.2026;да;;;нет данных;нет данных;;нет данных;нет данных;да;Присмотреться;нет данных: 02, 03, 04, 05, 06, 07, 08;6;Школа № 1234;6;Школа № 1234;4;17;Школа № 2123 им. Мигеля Эрнандеса;1;;;;;;
vesper-kutuzovsky;Vesper Kutuzovsky (ODA Gallery);Vesper Kutuzovsky;vesper;Vesper;элитный;элитный;;ЗАО;Дорогомилово;Кутузовский пр-т;55.74731;37.55353;адрес;квартиры;;;;;;строится;;I кв. 2028;1300000;;;;;;;;;;https://www.vespermoscow.com;novostroev.ru | coords approx;21.09.2026;нет;;;нет данных;нет данных;;нет данных;нет данных;да;Без отметки;нет: 01;5;Школа № 67;5;Школа № 67;3;29;Частная школа «Золотое сечение»;0;;;;;;
uzory;Узоры;Узоры;capital-alliance;Capital Alliance (СЗ Вражский);делюкс;делюкс;;ЦАО;Хамовники;2-й Вражский пер., 8, стр. 2;55.73917;37.57428;адрес;квартиры;73;;;;84;строится (котлован);;IV кв. 2028;;;;;;;;;;;https://zhk-uzory.com;novostroev.ru | NF Group 1Q2026 | coords approx;21.09.2026;да;;;нет;нет;;нет данных;нет данных;нет данных;Без отметки;нет: 04;4;Частная школа «Золотое сечение»;4;Частная школа «Золотое сечение»;3;4;Частная школа «Золотое сечение»;4;;;;;;
luce;LUCE (Люче);LUCE;mr-group;MR Group;делюкс;делюкс;;ЦАО;Арбат;Крестовоздвиженский пер., 4;55.75162;37.60552;адрес;квартиры;46;;;;;строится;;III кв. 2026;;;;;;;;;;;https://mr-group.ru;intermark.ru | novostroev.ru | coords approx;21.09.2026;да;;;нет;нет данных;;нет данных;нет данных;нет данных;Без отметки;нет: 04;7;Пятьдесят седьмая школа;7;Пятьдесят седьмая школа;5;7;Пятьдесят седьмая школа;3;;;;;;
clos-17;CLOS 17;CLOS 17;mr-group;MR Group;делюкс;делюкс;;ЦАО;Арбат;;55.75011;37.59211;адрес;квартиры;;;;;;строится;;III кв. 2026;2300000;;;;;;;;;;https://mr-group.ru;novostroev.ru;21.09.2026;да;;;нет данных;нет данных;;нет данных;нет данных;да;Присмотреться;нет данных: 02, 03, 04, 05, 06, 07, 08;5;Школа № 1231 им. В.Д. Поленова;5;Школа № 1231 им. В.Д. Поленова;6;15;Пятьдесят седьмая школа;2;;;;;;
veil;Veil (Роден);Veil;mr-group;MR Group;делюкс;делюкс;;ЦАО;Басманный;Большой Харитоньевский пер., 13А, стр. 10;55.76553;37.64744;адрес;квартиры;;;;;;анонс;;;;;;;;;;;;;https://mr-group.ru;novostroev.ru | mskdeluxe.ru | novostroev.ru/articles | coords approx;21.09.2026;да;;;нет данных;нет данных;;нет данных;нет данных;нет данных;Присмотреться;нет данных: 02, 03, 04, 05, 06, 07, 08, 09;3;Школа № 1621 Древо Жизни;5;Лицей НИУ ВШЭ;6;5;Лицей НИУ ВШЭ;1;;;;;;
kazachiy;Казачий;Казачий;mr-group;MR Group;элитный;элитный;;ЦАО;Якиманка;1-й Казачий пер., 10, стр. 1;55.73569;37.62174;адрес;квартиры;;;;;;строится;;III кв. 2029;;;;;;;;;;;https://mr-group.ru;novostroev.ru | elitnoe.ru | coords approx;21.09.2026;да;;;нет данных;нет данных;;нет данных;нет данных;нет данных;Присмотреться;нет данных: 02, 03, 04, 05, 06, 07, 08, 09;0;Школа № 627 им. Д.Д. Лелюшенко;0;Школа № 627 им. Д.Д. Лелюшенко;3;;;0;;;;;;
monblan;Монблан;Монблан;gals-development;Галс-Девелопмент;элитный;элитный;;ЦАО;Замоскворечье;Шлюзовая наб., 2/1;55.73094;37.64334;адрес;квартиры;341;;;;267;строится;;I кв. 2028;1000000;;;;;;;;;;https://hals-development.ru/realty/object/monblan;metrium 1H2026 | novostroev.ru | coords approx;21.09.2026;да;;;нет;нет;;нет данных;нет данных;да;Без отметки;нет: 04;11;Школа № 627 им. Д.Д. Лелюшенко;11;Школа № 627 им. Д.Д. Лелюшенко;2;;;0;;;;;;
bolshaya-tatarskaya-35;Большая Татарская 35;Большая Татарская 35;donstroy;Донстрой;элитный;элитный;;ЦАО;Замоскворечье;ул. Большая Татарская, вл. 35;55.73753;37.63546;адрес;квартиры;472;;;;603;строится;;I кв. 2028;1400000;;;да;да;;;;;;https://tatarskaya35.com;metrium 1H2026 | novostroev.ru | donstroy.moscow | coords approx;21.09.2026;да;;;нет;нет;;нет данных;нет данных;да;Без отметки;нет: 04;8;Школа № 627 им. Д.Д. Лелюшенко;8;Школа № 627 им. Д.Д. Лелюшенко;2;29;Лицей НИУ ВШЭ;0;;;;;;
dom-xxii;ДОМ XXII;ДОМ XXII;donstroy;Донстрой;делюкс;делюкс;;ЦАО;Хамовники;ул. Ефремова;55.72599;37.57567;адрес;квартиры;;;;;;строится;;IV кв. 2026;;;;;;;;;;;https://dom-xxii.ru;novostroev.ru | coords approx;21.09.2026;да;;;нет данных;нет данных;;нет данных;нет данных;нет данных;Присмотреться;нет данных: 02, 03, 04, 05, 06, 07, 08, 09;8;Школа №54;10;Пятьдесят седьмая школа;3;10;Пятьдесят седьмая школа;4;;;;;;
khamovniki-12;Хамовники 12;Хамовники 12;coldy;COLDY;делюкс;делюкс;;ЦАО;Хамовники;1-й пер. Тружеников, 12;55.73811;37.57233;адрес;квартиры;51;;;;;сдан, есть остатки;;IV кв. 2025;2600000;;;;;;;;;;;novostroev.ru | intermark.ru | homexpert.me | coords approx;21.09.2026;да;;;нет;нет данных;;нет данных;нет данных;да;Без отметки;нет: 04;3;Спецшкола №30;7;Частная школа «Золотое сечение»;3;7;Частная школа «Золотое сечение»;3;;;;;;
bolshoy-kozikhinskiy-22;Большой Козихинский 22;Большой Козихинский 22;dominanta-coldy;Dominanta / COLDY;делюкс;делюкс;;ЦАО;Пресненский;Большой Козихинский пер., 22;55.76464;37.59522;адрес;квартиры;98;;;;;старт продаж;;;;;;;;;;;;;https://kozihinsky22.zhk.center;novostroev.ru | novostroev.ru/articles | coords approx;21.09.2026;да;;;нет;нет данных;;нет данных;нет данных;нет данных;Без отметки;нет: 04;5;Центр образования №1441«Бронная слобода»;7;Школа № 1234;5;15;Школа № 2123 им. Мигеля Эрнандеса;1;;;;;;
savvinskaya-27;Саввинская 27;Саввинская 27;level-group;Level Group;элитный;элитный;;ЦАО;Хамовники;Саввинская наб., 27;55.73432;37.56416;адрес;квартиры;;;;;;сдан, есть остатки;;I кв. 2026;1900000;;;;;;;;;;https://level.ru;novostroev.ru | coords approx;21.09.2026;да;;;нет данных;нет данных;;нет данных;нет данных;да;Присмотреться;нет данных: 02, 03, 04, 05, 06, 07, 08;8;Медицинский Сеченовский Предуниверсарий;8;Медицинский Сеченовский Предуниверсарий;2;9;Школа № 1535;2;;;;;;
levshinskiy-19;Левшинский 19 (Your MAJESTY);Левшинский 19;sz-smolenskiy-bulvar;СЗ Смоленский бульвар;элитный;элитный;;ЦАО;Хамовники;Большой Левшинский пер., 19;55.74128;37.58562;адрес;квартиры;;;;;;строится;;II кв. 2028;;;;;;;;;;;;novostroev.ru | coords approx;21.09.2026;да;;;нет данных;нет данных;;нет данных;нет данных;нет данных;Присмотреться;нет данных: 02, 03, 04, 05, 06, 07, 08, 09;8;Школа № 1231 им. В.Д. Поленова;8;Школа № 1231 им. В.Д. Поленова;5;11;Частная школа «Золотое сечение»;2;;;;;;
pyzhevskiy;Пыжевский;Пыжевский;tekta-group;TEKTA GROUP;делюкс;делюкс;;ЦАО;Замоскворечье;Пыжевский пер.;55.73871;37.62285;адрес;квартиры;;;;;;строится;;II кв. 2029;2300000;;;;;;;;;;https://tekta.com;novostroev.ru | coords approx;21.09.2026;да;;;нет данных;нет данных;;нет данных;нет данных;да;Присмотреться;нет данных: 02, 03, 04, 05, 06, 07, 08;3;Елизаветинская гимназия;8;Школа № 627 им. Д.Д. Лелюшенко;2;28;Пятьдесят седьмая школа;0;;;;;;
russkie-sezony;Русские Сезоны;Русские Сезоны;sz-ekran;СЗ ЭКРАН;делюкс;делюкс;;ЦАО;Замоскворечье;Большая Ордынка / Пятницкая / Климентовский пер.;55.74116;37.63019;адрес;квартиры;;;;;;сдан, есть остатки;;IV кв. 2025;4100000;;;;;;;;;;;novostroev.ru | homexpert.me | coords approx;21.09.2026;да;;;нет данных;нет данных;;нет данных;нет данных;да;Присмотреться;нет данных: 02, 03, 04, 05, 06, 07, 08;7;Школа № 1323;12;Школа № 1799;2;24;Лицей НИУ ВШЭ;0;;;;;;
sadovnicheskaya-69;Садовническая 69;Садовническая 69;gk-balchug-development;ГК Балчуг Девелопмент;элитный;элитный;;ЦАО;Замоскворечье;Садовническая ул., 69;55.73717;37.64241;адрес;квартиры;;;;;;строится;;II кв. 2028;1400000;;;;;;;;;;;novostroev.ru | moskvadeluxe.ru | coords approx;21.09.2026;да;;;нет данных;нет данных;;нет данных;нет данных;да;Присмотреться;нет данных: 02, 03, 04, 05, 06, 07, 08;7;Школа № 1259;7;Школа № 1259;2;28;Лицей НИУ ВШЭ;0;;;;;;
krasnyy-oktyabr;Красный Октябрь;Красный Октябрь;guta-development;ГУТА-Девелопмент;элитный;элитный;;ЦАО;Якиманка;Берсеневская наб., 5, стр. 1;55.74254;37.61139;адрес;квартиры;29;;;;;строится;;III кв. 2026;;;;;;;;;;;;intermark.ru | novostroev.ru | coords approx;21.09.2026;да;;;да;нет данных;;нет данных;нет данных;нет данных;Присмотреться;нет данных: 02, 03, 05, 06, 07, 08, 09;12;Школа № 1529 имени А.С. Грибоедова;12;Школа № 1529 имени А.С. Грибоедова;4;15;Пятьдесят седьмая школа;1;;;;;;да
malaya-ordynka-14;Малая Ордынка 14;Малая Ордынка 14;guta-development;ГУТА-Девелопмент;делюкс;делюкс;;ЦАО;Замоскворечье;ул. Малая Ордынка, 14;55.73737;37.62519;адрес;квартиры;11;;;;;анонс;;;;;;;;;;;;;;novostroev.ru/articles | novostroev.ru | coords approx;21.09.2026;да;;;да;нет данных;;нет данных;нет данных;нет данных;Присмотреться;нет данных: 02, 03, 05, 06, 07, 08, 09;3;Елизаветинская гимназия;6;Школа № 627 им. Д.Д. Лелюшенко;3;;;0;;;;;;да
duo;DUO;DUO;hutton-development;Hutton Development;делюкс;делюкс;;ЦАО;Якиманка;Софийская наб., 34, стр. 3;55.74742;37.62344;адрес;квартиры;49;;;;;строится;;II кв. 2026;2100000;;;;;;;;;;https://hutton.ru;novostroev.ru | intermark.ru | kf.expert | coords approx;21.09.2026;да;;;нет;нет данных;;нет данных;нет данных;да;Без отметки;нет: 04;8;Школа № 1323;8;Школа № 1799;1;20;Лицей НИУ ВШЭ;1;;;;;;
cult;CULT (Клубный дом Культ);CULT;gravion;GRAVION;элитный;элитный;;ЦАО;Якиманка;Ленинский пр-т, 2;55.68604;37.54120;адрес (расходится с каталогом >3 км — проверить);апартаменты;80;;;;17;сдан, есть остатки;;сдан;950000;;;12;да;;;;;;;metrium 1H2026 | novostroy-m.ru | novostroev.ru | coords approx;21.09.2026;да;;;да;нет;;нет данных;нет данных;да;Присмотреться;нет данных: 02, 03, 06, 07, 08;3;Школа № 118;3;Школа № 118;6;12;Школа № 2086;3;;;;;;
armani-casa-moscow-residences;Armani/Casa Moscow Residences;Armani/Casa Moscow Residences;vos-hod;Vos'hod;делюкс;делюкс;;ЦАО;Якиманка;Старомонетный пер., 19/11;55.73996;37.61945;адрес;квартиры;27;;;;31;сдан, есть остатки;;сдан (07.2024);2750000;;;3 (238-421 кв.м);да;;;;;;;metrium 1H2026 | novostroy.ru | coords approx;21.09.2026;да;;;да;нет;;нет данных;нет данных;да;Присмотреться;нет данных: 02, 03, 06, 07, 08;7;Школа № 1799;7;Школа № 1799;2;24;Пятьдесят седьмая школа;0;;;;;;
la-belle-maison;LA BELLE MAISON;LA BELLE MAISON;gbk-group;GBK GROUP;элитный;элитный;;ЦАО;Якиманка;;55.73842;37.61472;адрес;квартиры;;;;;;строится;;III кв. 2028;;;;;;;;;;;;novostroev.ru;21.09.2026;да;;;нет данных;нет данных;;нет данных;нет данных;нет данных;Присмотреться;нет данных: 02, 03, 04, 05, 06, 07, 08, 09;5;Школа № 1799;5;Школа № 1799;2;24;Пятьдесят седьмая школа;0;;;;;;
nikitskiy-6;Никитский 6;Никитский 6;sz-tretiy-rim;СЗ Третий Рим;делюкс;делюкс;;ЦАО;Арбат;Никитский бул., 6/20;55.75387;37.60078;адрес;квартиры;;;;;;строится;;IV кв. 2026;2800000;;;;;;;;;;;novostroev.ru | moskvadeluxe.ru | coords approx;21.09.2026;да;;;нет данных;нет данных;;нет данных;нет данных;да;Присмотреться;нет данных: 02, 03, 04, 05, 06, 07, 08;4;Школа № 91;4;Школа № 91;7;8;Школа № 2123 им. Мигеля Эрнандеса;2;;;;;;
eden;EDEN;EDEN;sense-development;Sense Development;делюкс;делюкс;;ЦАО;Арбат;Нижний Кисловский пер., 7;55.75377;37.60386;адрес;квартиры;22;;;;;старт продаж;;III кв. 2029;;;;;;;;;;;;novostroev.ru | novostroev.ru/articles | coords approx;21.09.2026;да;;;да;нет данных;;нет данных;нет данных;нет данных;Присмотреться;нет данных: 02, 03, 05, 06, 07, 08, 09;5;Школа № 1520 им. Капцовых;5;Школа № 1520 им. Капцовых;6;13;Школа № 2123 им. Мигеля Эрнандеса;3;;;;;;да
dom-sporta;Дом спорта;Дом спорта;capital-group;Capital Group;делюкс;делюкс;;ЦАО;Пресненский;;55.74816;37.54022;адрес;квартиры;92;;;;;строится;;I кв. 2029;;;;;;;;;;;https://capitalgroup.ru;novostroev.ru | novostroev.ru/articles;21.09.2026;да;;;нет;нет данных;;нет данных;нет данных;нет данных;Без отметки;нет: 04;21;Школа № 340;22;Романовская школа;0;;;0;;;;;;
bolshaya-nikitskaya-16;Большая Никитская 16;Большая Никитская 16;r4s-group;R4S Group;делюкс;делюкс;;ЦАО;Пресненский;ул. Большая Никитская, 16;55.75721;37.60090;адрес;квартиры;4;;;;;старт продаж;;III кв. 2026;;;;;;;;;;;;novostroev.ru/articles | coords approx;21.09.2026;да;;;да;нет данных;;нет данных;нет данных;нет данных;Присмотреться;нет данных: 02, 03, 05, 06, 07, 08, 09;3;Школа № 1520 им. Капцовых;3;Школа № 1520 им. Капцовых;4;6;Школа № 2123 им. Мигеля Эрнандеса;3;;;;;;да
stella-di-mosca;Stella di Mosca;Stella di Mosca;;;делюкс;делюкс;;ЦАО;Пресненский;ул. Большая Никитская, 9/15, стр. 1;55.75598;37.60694;адрес;квартиры;14;;;;;сдан, есть остатки;;сдан;;;;;;;;;;;;intermark.ru | coords approx;21.09.2026;да;;;да;нет данных;;нет данных;нет данных;нет данных;Присмотреться;нет данных: 02, 03, 05, 06, 07, 08, 09;5;Школа № 1520 им. Капцовых;5;Школа № 1520 им. Капцовых;5;12;Школа № 2123 им. Мигеля Эрнандеса;3;;;;;;
kamerger;Камергер;Камергер;engeo-development;Engeo Development;элитный;элитный;;ЦАО;Тверской;;55.76233;37.60797;адрес;квартиры;;;;;;строится;;III кв. 2026;;;;;;;;;;;;novostroev.ru;21.09.2026;да;;;нет данных;нет данных;;нет данных;нет данных;нет данных;Присмотреться;нет данных: 02, 03, 04, 05, 06, 07, 08, 09;4;Школа № 1520 им. Капцовых;4;Школа № 1520 им. Капцовых;5;11;Школа № 179;3;;;;;;
enigmiya;Энигмия;Энигмия;upside-development;Upside Development;элитный;элитный;;ЦАО;Тверской;;55.76764;37.60100;адрес;квартиры;;;;;;строится;;IV кв. 2028;1200000;;;;;;;;;;;novostroev.ru;21.09.2026;да;;;нет данных;нет данных;;нет данных;нет данных;да;Присмотреться;нет данных: 02, 03, 04, 05, 06, 07, 08;2;Школа №1113;3;Школа № 1574;3;18;Лицей НИУ ВШЭ;1;;;;;;
kuznetskiy-most-12;Кузнецкий Мост 12;Кузнецкий Мост 12;kr-properties;KR Properties;элитный;элитный;;ЦАО;Тверской;ул. Кузнецкий Мост, 12;55.76133;37.62126;адрес;квартиры;;;;;;строится;;IV кв. 2026;;;;;;;;;;;https://krp.ru;novostroev.ru | coords approx;21.09.2026;да;;;нет данных;нет данных;;нет данных;нет данных;нет данных;Присмотреться;нет данных: 02, 03, 04, 05, 06, 07, 08, 09;10;Школа № 179;10;Школа № 179;4;10;Школа № 179;2;;;;;;
malaya-dmitrovka-5-9;Малая Дмитровка 5/9;Малая Дмитровка 5/9;;;делюкс;делюкс;;ЦАО;Тверской;ул. Малая Дмитровка, 5/9;55.76802;37.60560;адрес;квартиры;;;;;;анонс;;2026-2027;;;;;;;;;;;;mskdeluxe.ru | sosedi.life | coords approx;21.09.2026;да;;;нет данных;нет данных;;нет данных;нет данных;нет данных;Присмотреться;нет данных: 02, 03, 04, 05, 06, 07, 08, 09;4;Школа №1113;6;Школа № 1574;5;15;Лицей НИУ ВШЭ;2;;;;;;
tessinskiy-v;Тессинский V;Тессинский V;element-development;Element Development;элитный;элитный;;ЦАО;Таганский;Тессинский пер., 5;55.75057;37.65065;адрес;квартиры;;;;;;строится;;III кв. 2029;1400000;;;;;;;;;;;novostroev.ru | novostroev.ru/articles | coords approx;21.09.2026;да;;;нет данных;нет данных;;нет данных;нет данных;да;Присмотреться;нет данных: 02, 03, 04, 05, 06, 07, 08;1;Православная Свято-Петровская школа;9;Школа № 2104 на Таганке;6;10;Школа Центра педагогического мастерства (ЦПМ);2;;;;;;
turgenev;Turgenev (Клубный дом Тургенев);Turgenev;neostroy;Неострой;элитный;элитный;;ЦАО;Красносельский;Костянский пер., 13;55.76935;37.63548;адрес;квартиры;118;;;;;сдан, есть остатки;;сдан;1900000;;;;;;;;;;;novostroev.ru | intermark.ru | coords approx;21.09.2026;да;;;нет;нет данных;;нет данных;нет данных;да;Без отметки;нет: 04;1;Школа-вуз «Современное образование»;4;Пушкинская школа № 1500;5;15;Лицей НИУ ВШЭ;2;;;;;;
usacheva-22;Усачева 22;Усачева 22;regions-development;Regions Development;делюкс;делюкс;;ЦАО;Хамовники;ул. Усачёва, 22;55.72772;37.56996;адрес;квартиры;;;;;;анонс;;;;;;;;;;;;;;novostroev.ru | novostroev.ru/articles | coords approx;21.09.2026;да;;;нет данных;нет данных;;нет данных;нет данных;нет данных;Присмотреться;нет данных: 02, 03, 04, 05, 06, 07, 08, 09;5;Школа № 1535;5;Школа № 1535;2;5;Школа № 1535;3;;;;;;
annabel-s;Annabel's (1913);Annabel's;palladio-group;PALLADIO Group;элитный;элитный;;ЦАО;Хамовники;Курсовой пер., 12/5, стр. 7;55.73992;37.60475;адрес;квартиры;;;;;;анонс;;;;;;;;;;;;;;novostroev.ru | moskvadeluxe.ru | coords approx;21.09.2026;да;;;нет данных;нет данных;;нет данных;нет данных;нет данных;Присмотреться;нет данных: 02, 03, 04, 05, 06, 07, 08, 09;4;Лицей РАНХиГС;4;Лицей РАНХиГС;4;17;Пятьдесят седьмая школа;2;;;;;;
khilkov;Хилков;Хилков;rose-group;ROSE GROUP;делюкс;делюкс;;ЦАО;Хамовники;Хилков пер., 5;55.73835;37.59705;адрес (OSM, уточнено 21.09);квартиры;;;;;;анонс;;;;;;;;;;;;;;novostroev.ru | homehunter.ru | mskdeluxe.ru | coords approx;21.09.2026;да;;;нет данных;нет данных;;нет данных;нет данных;нет данных;Присмотреться;нет данных: 02, 03, 04, 05, 06, 07, 08, 09;2;Предуниверситарий МГЛУ;2;Предуниверситарий МГЛУ;5;9;Школа № 1253;3;;;;;;
olsufevskiy-10;Олсуфьевский 10;Олсуфьевский 10;;;делюкс;делюкс;;ЦАО;Хамовники;Олсуфьевский пер., 10;55.73381;37.57944;адрес (OSM, уточнено 21.09);квартиры;;;;;;анонс;;2026-2027;;;;;;;;;;;https://olsufevsky.ru;mskdeluxe.ru | coords approx;21.09.2026;да;;;нет данных;нет данных;;нет данных;нет данных;нет данных;Присмотреться;нет данных: 02, 03, 04, 05, 06, 07, 08, 09;7;Пятьдесят седьмая школа;7;Пятьдесят седьмая школа;5;7;Пятьдесят седьмая школа;4;;;;;;
le-dom;Лё Дом (Le Dome);Лё Дом;gruppa-lsr;Группа ЛСР;делюкс;делюкс;;ЦАО;Хамовники;Соймоновский проезд;55.74266;37.60473;адрес (OSM, уточнено 21.09);квартиры;;;;;;строится;;III кв. 2026;;;;;;;;;;;;novostroev.ru | homexpert.me | coords approx;21.09.2026;да;;;нет данных;нет данных;;нет данных;нет данных;нет данных;Присмотреться;нет данных: 02, 03, 04, 05, 06, 07, 08, 09;3;Школа № 1529 имени А.С. Грибоедова;3;Школа № 1529 имени А.С. Грибоедова;5;13;Пятьдесят седьмая школа;2;;;;;;
lva-tolstogo-14;Льва Толстого 14;Льва Толстого 14;;;делюкс;делюкс;;ЦАО;Хамовники;ул. Льва Толстого, 14;55.73288;37.58873;адрес (OSM, уточнено 21.09);квартиры;;;;;;анонс;;2026-2027;;;;;;;;;;;;mskdeluxe.ru | coords approx;21.09.2026;да;;;нет данных;нет данных;;нет данных;нет данных;нет данных;Присмотреться;нет данных: 02, 03, 04, 05, 06, 07, 08, 09;3;Школа № 1253;3;Школа № 1253;6;3;Школа № 1253;3;;;;;;
zemledelcheskiy-15;Земледельческий 15;Земледельческий 15;;;делюкс;делюкс;;ЦАО;Хамовники;Земледельческий пер., 15;55.74195;37.57855;адрес (OSM, уточнено 21.09);квартиры;;;;;;анонс;;2026-2027;;;;;;;;;;;;mskdeluxe.ru | coords approx;21.09.2026;да;;;нет данных;нет данных;;нет данных;нет данных;нет данных;Присмотреться;нет данных: 02, 03, 04, 05, 06, 07, 08, 09;3;Школа № 1231 им. В.Д. Поленова;3;Школа № 1231 им. В.Д. Поленова;2;5;Частная школа «Золотое сечение»;2;;;;;;
bolshaya-pirogovskaya-51;Большая Пироговская 51;Большая Пироговская 51;;;делюкс;делюкс;;ЦАО;Хамовники;ул. Большая Пироговская, 51;55.72763;37.56286;адрес (OSM, уточнено 21.09);квартиры;;;;;;анонс;;2026-2027;;;;;;;;;;;;mskdeluxe.ru | coords approx;21.09.2026;да;;;нет данных;нет данных;;нет данных;нет данных;нет данных;Присмотреться;нет данных: 02, 03, 04, 05, 06, 07, 08, 09;7;Школа № 1535;7;Школа № 1535;3;7;Школа № 1535;2;;;;;;
kapranova-3;Капранова 3;Капранова 3;;;делюкс;делюкс;;ЦАО;Пресненский;Капранова пер., 3;55.75812;37.57262;адрес (OSM, уточнено 21.09);квартиры;;;;;;анонс;;2026-2027;;;;;;;;;;;;mskdeluxe.ru | coords approx;21.09.2026;да;;;нет данных;нет данных;;нет данных;нет данных;нет данных;Присмотреться;нет данных: 02, 03, 04, 05, 06, 07, 08, 09;1;"Школа ""Виктория""";6;Школа № 1241 «На Красной Пресне»;1;26;Школа № 2123 им. Мигеля Эрнандеса;0;;;;;;
malaya-nikitskaya-29-31;Малая Никитская 29-31;Малая Никитская 29-31;;;делюкс;делюкс;;ЦАО;Пресненский;ул. Малая Никитская, 29-31;55.75898;37.58732;адрес (OSM, уточнено 21.09);квартиры;;;;;;анонс;;2026-2027;;;;;;;;;;;;mskdeluxe.ru | coords approx;21.09.2026;да;;;нет данных;нет данных;;нет данных;нет данных;нет данных;Присмотреться;нет данных: 02, 03, 04, 05, 06, 07, 08, 09;4;Школа № 1239;7;Школа № 1234;5;9;Школа № 2123 им. Мигеля Эрнандеса;1;;;;;;
bolshaya-ordynka-25;Большая Ордынка 25;Большая Ордынка 25;;;делюкс;делюкс;;ЦАО;Замоскворечье;ул. Большая Ордынка, 25;55.74033;37.62529;адрес (OSM, уточнено 21.09);квартиры;;;;;;анонс;;2026-2027;;;;;;;;;;;;mskdeluxe.ru | coords approx;21.09.2026;да;;;нет данных;нет данных;;нет данных;нет данных;нет данных;Присмотреться;нет данных: 02, 03, 04, 05, 06, 07, 08, 09;5;Школа № 1323;9;Школа № 1799;2;28;Пятьдесят седьмая школа;0;;;;;;
vozdvizhenka-7-6;Воздвиженка 7/6;Воздвиженка 7/6;;;делюкс;делюкс;;ЦАО;Арбат;ул. Воздвиженка, 7/6;55.75232;37.60542;адрес (OSM, уточнено 21.09);квартиры;;;;;;анонс;;2026-2027;;;;;;;;;;;;mskdeluxe.ru | coords approx;21.09.2026;да;;;нет данных;нет данных;;нет данных;нет данных;нет данных;Присмотреться;нет данных: 02, 03, 04, 05, 06, 07, 08, 09;8;Пятьдесят седьмая школа;8;Пятьдесят седьмая школа;7;8;Пятьдесят седьмая школа;3;;;;;;
malaya-polyanka-3;Малая Полянка 3;Малая Полянка 3;;;делюкс;делюкс;;ЦАО;Якиманка;ул. Малая Полянка, 3;55.73596;37.61752;адрес (OSM, уточнено 21.09);квартиры;;;;;;анонс;;2026-2027;;;;;;;;;;;;mskdeluxe.ru | coords approx;21.09.2026;да;;;нет данных;нет данных;;нет данных;нет данных;нет данных;Присмотреться;нет данных: 02, 03, 04, 05, 06, 07, 08, 09;2;Школа № 1799;2;Школа № 1799;2;28;Частная школа «Золотое сечение»;0;;;;;;
bernikovskaya-naberezhnaya-12;Берниковская набережная 12;Берниковская набережная 12;;;делюкс;делюкс;;ЦАО;Таганский;Берниковская наб., 12;55.74882;37.65143;адрес (OSM, уточнено 21.09);квартиры;;;;;;анонс;;2026-2027;;;;;;;;;;;;mskdeluxe.ru | coords approx;21.09.2026;да;;;нет данных;нет данных;;нет данных;нет данных;нет данных;Присмотреться;нет данных: 02, 03, 04, 05, 06, 07, 08, 09;2;Центр образования №1685;3;Школа № 2104 на Таганке;4;14;Школа Центра педагогического мастерства (ЦПМ);2;;;;;;
rezidentsii-skolkovo;Резиденции Сколково;Резиденции Сколково;absolyut-nedvizhimost;Абсолют Недвижимость;бизнес;бизнес;;Сколково;рп Заречье, Одинцовский г.о., Сколковское шоссе, ~2 км от МКАД;Московская обл., Одинцовский г.о., рп Заречье;55.68300;37.38200;квартал (каталог);квартиры;;;;;;строится;;2 кв. 2027 (корп. 2.1-2.2), 3 кв. 2026 (корп. 6.1-6.2);319000;;;;;;;;;;;novostroy-m.ru/baza/rezidencii_skolkovo, mskguru.ru (319-554 тыс/м2), novostroev.ru — класс указан как премиум, координаты approx;21.09.2026;не применяется;;;нет данных;нет данных;;нет данных;нет данных;да;Присмотреться;нет данных: 02, 03, 04, 05, 06, 07, 08;5;"Школа ""А-Статус""";;;0;;;0;;;;;;
skolkovo-one;Skolkovo ONE;Skolkovo ONE;ikon-development;IKON Development;бизнес;бизнес;;Сколково;рп Заречье, Одинцовский г.о., ул. Торговая, ~2 км от МКАД;Московская обл., Одинцовский г.о., рп Заречье, ул. Торговая, корп. 5-7;55.68700;37.38000;квартал (каталог);квартиры;;;;;;сдан, есть остатки;;корп. 4-6 сданы;364000;;;;;;;;;;https://skolkovoone.ru/;novostroy-m.ru/baza/jk_zarechnyy_kvartal, mskguru.ru (364-501 тыс/м2), координаты approx;21.09.2026;не применяется;;;нет данных;нет данных;;нет данных;нет данных;да;Присмотреться;нет данных: 02, 03, 04, 05, 06, 07, 08;8;"Школа ""А-Статус""";;;0;;;0;;;;;;
skolkovo-park;Сколково Парк;Сколково Парк;zareche-development;Заречье-девелопмент;премиум;премиум;;Сколково;рп Заречье, Одинцовский г.о., ул. Весенняя, ~2 км от МКАД;Московская обл., Одинцовский г.о., рп Заречье, ул. Весенняя, вл. 2;55.68000;37.38900;квартал (каталог);квартиры;442;;;;;сдан, есть остатки;;;;;;;;;;;;;https://www.park-skolkovo.ru/;park-skolkovo.ru — цена от 95,4 млн руб за лот 129 м2, цена за м2 не заявлена, координаты approx;21.09.2026;не применяется;;;да;нет данных;;нет данных;нет данных;нет данных;Присмотреться;нет данных: 02, 03, 05, 06, 07, 08, 09;12;"Школа ""А-Статус""";;;0;;;0;;;;;;
zareche-park;Заречье Парк;Заречье Парк;gruppa-samolet;Группа Самолет;бизнес;бизнес;;Сколково;рп Заречье, Одинцовский г.о., ул. Заречная;Московская обл., Одинцовский г.о., рп Заречье, ул. Заречная;55.68869;37.39413;адрес (OSM, уточнено 21.09);квартиры;105;;;;;строится;;4 кв. 2027;325387;;;;;;;;;;;cian.ru (zhk-zareche-park-odintsovo), novostroev.ru, 88 квартир в продаже от застройщика, координаты approx;21.09.2026;не применяется;;;да;нет данных;;нет данных;нет данных;да;Присмотреться;нет данных: 02, 03, 05, 06, 07, 08;7;Зареченская средняя общеобразовательная школа;;;0;;;0;;;;;;
granel-prityazhenie-siti;Гранель Притяжение Сити;Гранель Притяжение Сити;gk-granel;ГК Гранель;бизнес;бизнес;;Сколково;Одинцовский г.о., ~7 мин до Сколково;Московская обл., Одинцовский г.о.;55.69300;37.36000;зона (ориентир);квартиры;;;;;;строится;;3-4 кв. 2028;281200;;;;;;;;;;https://granelle.ru/;granelle.ru/objects, cian.ru (метро Сколково), 217 квартир в продаже от 7,5 млн руб, адрес и координаты не подтверждены;21.09.2026;не применяется;;;нет данных;нет данных;;нет данных;нет данных;да;Присмотреться;нет данных: 02, 03, 04, 05, 06, 07, 08;10;Международная гимназия «Сколково»;10;Международная гимназия «Сколково»;2;;;0;;;;;;
klubnyy-dom-tochka-otscheta;Клубный дом Точка отсчета;Клубный дом Точка отсчета;e-development;Е-Девелопмент;бизнес;бизнес;;Рублёвка;Жуковка-1, Рублёво-Успенское шоссе, ~9 км от МКАД;Московская обл., Одинцовский г.о., Жуковка-1, ул. Сосновый Бор, д. 53;55.74200;37.25700;квартал (каталог);квартиры;80;;;;53;сдан, есть остатки;;сдан;533000;;;;;;;;;;;novostroy-m.ru/baza/klubnyy_dom_tochka_otscheta, mskguru.ru (467-534 тыс/м2), 35 квартир в продаже, координаты approx;21.09.2026;не применяется;;;да;нет;;нет данных;нет данных;да;Присмотреться;нет данных: 02, 03, 06, 07, 08;22;Школа Великих Открытий;26;Школа «Президент»;0;;;0;;;;;;
level-barvikha-residence;Level Barvikha Residence;Level Barvikha Residence;level-group;Level Group (СЗ МастерСтрой);бизнес;бизнес;;Рублёвка;д. Барвиха, Рублёво-Успенское шоссе, 8 км от МКАД;Московская обл., Одинцовский г.о., д. Барвиха, Рублёво-Успенское ш., 8-й км;55.73750;37.28390;квартал (каталог);квартиры;80;;;;139;сдан, есть остатки;;сдан;;;;;;;;;;;;novostroy-m.ru/baza/jk_level_barvikha_residence, cian.ru, продажи от застройщика завершены, остатки на рынке, координаты approx;21.09.2026;не применяется;;;да;да;;нет данных;нет данных;нет данных;Присмотреться;нет данных: 02, 03, 06, 07, 08, 09;;;;;;;;;;;;;;
barvikha-river-house;Barvikha River House;Barvikha River House;sz-lsr-obekt-m;СЗ ЛСР. Объект-М (Группа ЛСР);премиум;премиум;;Рублёвка;д. Барвиха, Рублёво-Успенское шоссе, ~8 км от МКАД;Московская обл., Одинцовский г.о., д. Барвиха;55.73600;37.28000;квартал (каталог);апартаменты;;;;;;анонс;;;;;;;;;;;;;;novostroev.ru/.../barvikha-river-house, novostroy.ru/buildings/barvikha-river-house, стадия проектирования, продажи не открыты, координаты approx;21.09.2026;не применяется;;;нет данных;нет данных;;нет данных;нет данных;нет данных;Присмотреться;нет данных: 02, 03, 04, 05, 06, 07, 08, 09;;;;;;;;;;;;;;
sbersiti-v-rublevo-arkhangelskom;СберСити в Рублёво-Архангельском;СберСити в Рублёво-Архангельском;ao-sz-sbersiti;АО СЗ СберСити (Рублёво-Архангельское);бизнес;бизнес;;Рублёвка;мкр Рублёво-Архангельское, Ильинское шоссе, ~2 км от МКАД (административно Москва, ЗАО, Кунцево);Москва, ЗАО, р-н Кунцево, мкр Рублёво-Архангельское;55.78500;37.33500;квартал (каталог);квартиры;;;;;;строится;;2026-2028 (часть корпусов сдана);680000;;;;;;;;;;;novostroy-m.ru/baza/rublevoarhangelskoe, pronovostroy.ru, координаты approx;21.09.2026;не применяется;;;нет данных;нет данных;;нет данных;нет данных;да;Присмотреться;нет данных: 02, 03, 04, 05, 06, 07, 08;;;;;;;;;;;;;;
riga-hills;Riga Hills;Riga Hills;sz-zhk-yarkiy-riga;СЗ ЖК Яркий. Рига;бизнес;бизнес;;Рублёвка;д. Бузланово, Новорижское шоссе, ~9 км от МКАД, г.о. Красногорск;Московская обл., г.о. Красногорск, д. Бузланово;55.80900;37.31800;квартал (каталог);квартиры;;;;;;строится;;4 кв. 2026;;;;;;;;;;;;novostroev.ru/novostroyki/moskovskaya-oblast-shosse/rublyevo-uspenskoe-shosse, cian.ru (zhk-riga-hills), цена от 8,8 млн руб за лот, координаты approx;21.09.2026;не применяется;;;нет данных;нет данных;;нет данных;нет данных;нет данных;Присмотреться;нет данных: 02, 03, 04, 05, 06, 07, 08, 09;12;Школа №12;;;0;;;0;;;;;;
maslovo-forest-club;Маслово Forest Club;Маслово Forest Club;gals-development;Галс-Девелопмент (СЗ Галс-Маслово);премиум;премиум;;Рублёвка;д. Маслово / Николина Гора, Ильинское шоссе, 28 км от МКАД;Московская обл., Одинцовский г.о., д. Маслово, ул. Пальмовая, д. 120;55.71890;37.06300;квартал (каталог);коттеджи;119;;;;;сдан, есть остатки;;строительство завершено, часть очередей 3 кв. 2026;95232000;;;;;;;;;;https://hals-development.ru/realty/object/maslovo;КОТТЕДЖНЫЙ ПОСЁЛОК — в поле price_from_m2 указана цена лота (от 95,2 млн руб), hals-development.ru, novostroy-m.ru, cian.ru, координаты approx;21.09.2026;не применяется;;;да;нет данных;;нет данных;нет данных;да;Присмотреться;нет данных: 02, 03, 05, 06, 07, 08;12;Ломоносовская школа-пансион № 5;12;Ломоносовская школа-пансион № 5;1;;;0;;;;;;
berezki-river-village;Березки River Village;Березки River Village;gals-development;Галс-Девелопмент;элитный;элитный;;Рублёвка;д. Солослово, Рублёво-Успенское шоссе, 17 км от МКАД;Московская обл., Одинцовский г.о., д. Солослово;55.72760;37.17700;квартал (каталог);коттеджи;38;;;;;сдан, есть остатки;;сдан (2018);180000000;;;;;;;;;;https://hals-development.ru/realty/object/berezki;КОТТЕДЖНЫЙ ПОСЁЛОК — цена лота (от 180 млн руб), cian.ru, novostroikino.ru, intermark.ru, 42 лота в продаже, координаты approx;21.09.2026;не применяется;;;да;нет данных;;нет данных;нет данных;да;Присмотреться;нет данных: 02, 03, 05, 06, 07, 08;19;Горковская школа;;;0;;;0;;;;;;
razdory-2;Раздоры-2;Раздоры-2;villagio-estate-villagio-realty;Villagio Estate / Villagio Realty;элитный;элитный;;Рублёвка;д. Раздоры, Рублёво-Успенское шоссе, 5 км от МКАД;Московская обл., Одинцовский г.о., с.п. Барвихинское, Раздоры-2;55.75240;37.32430;квартал (каталог);коттеджи;;;;;;сдан, есть остатки;;сдан;575000000;;;;;;;;;;https://villagio-vip.ru/villages/246/;КОТТЕДЖНЫЙ ПОСЁЛОК — цена лота (от 575 млн руб по kf.expert), villagio-vip.ru, intermark.ru, barvikha.moscow, координаты approx;21.09.2026;не применяется;;;нет данных;нет данных;;нет данных;нет данных;да;Присмотреться;нет данных: 02, 03, 04, 05, 06, 07, 08;15;Областная гимназия им. Е.М. Примакова;15;Областная гимназия им. Е.М. Примакова;1;15;Областная гимназия им. Е.М. Примакова;1;;;;;;
zhukovka-xxi;Жуковка XXI;Жуковка XXI;villagio-estate;Villagio Estate;элитный;элитный;;Рублёвка;д. Жуковка, Рублёво-Успенское шоссе, 8-10 км от МКАД;Московская обл., Одинцовский г.о., д. Жуковка;55.74200;37.25000;квартал (каталог);коттеджи;;;;;;сдан, есть остатки;;сдан;738400000;;;;;;;;;;;КОТТЕДЖНЫЙ ПОСЁЛОК — цена лота (от 738,4 млн руб), kf.expert, intermark.ru, barvikha.moscow, координаты approx;21.09.2026;не применяется;;;нет данных;нет данных;;нет данных;нет данных;да;Присмотреться;нет данных: 02, 03, 04, 05, 06, 07, 08;17;Школа Великих Открытий;19;Школа «Президент»;0;;;0;;;;;;
parkville-zhukovka;ParkVille Жуковка;ParkVille Жуковка;villagio-estate;Villagio Estate;премиум;премиум;;Рублёвка;д. Жуковка, Рублёво-Успенское шоссе, 9-10 км от МКАД;Московская обл., Одинцовский г.о., д. Жуковка;55.74500;37.25500;квартал (каталог);таунхаусы;;;;;;сдан, есть остатки;;сдан;586600000;;;;;;;;;;;КОТТЕДЖНЫЙ ПОСЁЛОК/ТАУНХАУСЫ — цена лота (kf.expert от 586,6 млн руб, kre.ru называет от 120 млн — расхождение), intermark.ru, координаты approx;21.09.2026;не применяется;;;нет данных;нет данных;;нет данных;нет данных;да;Присмотреться;нет данных: 02, 03, 04, 05, 06, 07, 08;25;Школа Великих Открытий;27;Школа «Президент»;0;;;0;;;;;;
barvikha-xxi;Барвиха XXI;Барвиха XXI;villagio-estate;Villagio Estate;делюкс;делюкс;;Рублёвка;д. Барвиха, Рублёво-Успенское шоссе, 5-7 км от МКАД;Московская обл., Одинцовский г.о., д. Барвиха;55.73900;37.29500;квартал (каталог);коттеджи;48;;;;;сдан, есть остатки;;сдан;457500000;;;;;;;;;;;КОТТЕДЖНЫЙ ПОСЁЛОК — цена лота (от 457,5 млн руб), kf.expert, kalinka-realty.ru (DeLuxe), barvikha.moscow, 48 участков, координаты approx;21.09.2026;не применяется;;;нет;нет данных;;нет данных;нет данных;да;Без отметки;нет: 04;;;;;;;;;;;;;;
barvikha-klab;Барвиха Клаб;Барвиха Клаб;miel-nedvizhimost;Миэль-Недвижимость;элитный;элитный;;Рублёвка;д. Барвиха, Рублёво-Успенское шоссе, 8 км от МКАД;Московская обл., Одинцовский г.о., д. Барвиха;55.73500;37.29000;квартал (каталог);таунхаусы;110;;;;;сдан, есть остатки;;сдан;68000000;;;;;;;;;;;ТАУНХАУСЫ/КП — цена лота (от 68 млн руб), vesco-realty.ru/zagorod/poselki/barviha-klab, kalinka-realty.ru (DeLuxe), координаты approx;21.09.2026;не применяется;;;нет;нет данных;;нет данных;нет данных;да;Без отметки;нет: 04;;;;;;;;;;;;;;
barvikha-khills;Барвиха Хиллс;Барвиха Хиллс;;;премиум;премиум;;Рублёвка;д. Барвиха, Рублёво-Успенское шоссе, 8 км от МКАД;Московская обл., Одинцовский г.о., д. Барвиха;55.73400;37.28700;квартал (каталог);таунхаусы;110;;;;;сдан, есть остатки;;сдан;30000000;;;;;;;;;;https://barvikhahills.ru/;ТАУНХАУСЫ/КП — цена лота (от 30 млн руб), slrealty.ru/house/village/barviha-hills-hills, архитектор Эрик ван Эгераат, девелопер не подтверждён, координаты approx;21.09.2026;не применяется;;;да;нет данных;;нет данных;нет данных;да;Присмотреться;нет данных: 02, 03, 05, 06, 07, 08;28;Барвихинская средняя общеобразовательная школа;;;0;;;0;;;;;;
sady-mayendorf;Сады Майендорф;Сады Майендорф;villagio-estate;Villagio Estate;элитный;элитный;;Рублёвка;д. Барвиха, Рублёво-Успенское шоссе, 9 км от МКАД;Московская обл., Одинцовский г.о., д. Барвиха;55.73000;37.27000;квартал (каталог);коттеджи;;;;;;сдан, есть остатки;;сдан;716200000;;;;;;;;;;https://sadmayendorf.ru/;КОТТЕДЖНЫЙ ПОСЁЛОК — цена лота (от 716,2 млн руб), kf.expert, barvikha.moscow, координаты approx;21.09.2026;не применяется;;;нет данных;нет данных;;нет данных;нет данных;да;Присмотреться;нет данных: 02, 03, 04, 05, 06, 07, 08;22;Барвихинская средняя общеобразовательная школа;;;0;;;0;;;;;;
landshaft;Ландшафт;Ландшафт;;;бизнес;;;Рублёвка;Рублёво-Успенское шоссе, 9 км от МКАД, Одинцовский г.о.;Московская обл., Одинцовский г.о.;55.72500;37.27600;км шоссе (ориентир);коттеджи;;;;;;сдан, есть остатки;;сдан;1460000000;;цена не бьётся с классом;;;;;;;;;КОТТЕДЖНЫЙ ПОСЁЛОК — цена лота (от 1,46 млрд руб), kf.expert/zagorod/poselki/rublevo-uspenskoe-shosse, девелопер и координаты не подтверждены;21.09.2026;не применяется;;;нет данных;нет данных;;нет данных;нет данных;нет;Присмотреться;нет данных: 02, 03, 04, 05, 06, 07, 08;8;Барвихинская средняя общеобразовательная школа;;;0;;;0;;;;;;
gorki-8;Горки-8;Горки-8;;;премиум;премиум;;Рублёвка;Горки-8, Рублёво-Успенское шоссе, 15 км от МКАД;Московская обл., Одинцовский г.о., Горки-8;55.71500;37.19500;квартал (каталог);коттеджи;;;;;;сдан, есть остатки;;сдан;320000000;;;;;;;;;;;КОТТЕДЖНЫЙ ПОСЁЛОК — цена лота (от 320 млн руб), kf.expert, vesco-realty.ru, intermark.ru, 10-11 лотов в продаже, координаты approx;21.09.2026;не применяется;;;нет данных;нет данных;;нет данных;нет данных;да;Присмотреться;нет данных: 02, 03, 04, 05, 06, 07, 08;;;;;;;;;;;;;;
rechnoy;Речной;Речной;;;премиум;премиум;;Рублёвка;Рублёво-Успенское шоссе, 7 км от МКАД, Одинцовский г.о.;Московская обл., Одинцовский г.о.;55.73700;37.30800;км шоссе (ориентир);коттеджи;;;;;;сдан, есть остатки;;сдан;;;;;;;;;;;;КОТТЕДЖНЫЙ ПОСЁЛОК, vesco-realty.ru/zagorod/shosse/rublevo-uspenskoe/poselki, дома 600-3150 м2, девелопер, цена и координаты не подтверждены;21.09.2026;не применяется;;;нет данных;нет данных;;нет данных;нет данных;нет данных;Присмотреться;нет данных: 02, 03, 04, 05, 06, 07, 08, 09;;;;;;;;;;;;;;
ilinskie-dachi;Ильинские дачи;Ильинские дачи;;;бизнес;;;Рублёвка;Ильинское шоссе, 10 км от МКАД, Одинцовский/Красногорский г.о.;Московская обл., Ильинское шоссе, 10 км;55.76900;37.21100;квартал (каталог);коттеджи;;;;;;сдан, есть остатки;;сдан;160000000;;цена не бьётся с классом;;;;;;;;;КОТТЕДЖНЫЙ ПОСЁЛОК — цена лота (от 160 млн руб), kf.expert/zagorod/poselki/rublevo-uspenskoe-shosse, координаты approx;21.09.2026;не применяется;;;нет данных;нет данных;;нет данных;нет данных;нет;Присмотреться;нет данных: 02, 03, 04, 05, 06, 07, 08;15;Ильинская средняя общеобразовательная школа;;;0;;;0;;;;;;
ilinskoe-pole;Ильинское поле;Ильинское поле;;;делюкс;делюкс;;Рублёвка;Ильинское шоссе, 10 км от МКАД;Московская обл., Ильинское шоссе, 10 км;55.77200;37.21500;квартал (каталог);коттеджи;;;;;;в продаже;;;2000000000;;;;;;;;;;;КОТТЕДЖНЫЙ ПОСЁЛОК — цена лота (от 2 млрд руб), kf.expert, kalinka-realty.ru отмечает как новый проект, координаты approx;21.09.2026;не применяется;;;нет данных;нет данных;;нет данных;нет данных;да;Присмотреться;нет данных: 02, 03, 04, 05, 06, 07, 08;17;Ильинская средняя общеобразовательная школа;;;0;;;0;;;;;;
azarovo;Азарово;Азарово;;;бизнес;;;Рублёвка;Рублёво-Успенское шоссе, 20 км от МКАД, Одинцовский г.о.;Московская обл., Одинцовский г.о., Азарово;55.71500;37.09000;квартал (каталог);коттеджи;;;;;;сдан, есть остатки;;сдан;43000000;;цена не бьётся с классом;;;;;;;;;КОТТЕДЖНЫЙ ПОСЁЛОК — цена лота (от 43 млн руб), kf.expert/zagorod/poselki/rublevo-uspenskoe-shosse, координаты approx;21.09.2026;не применяется;;;нет данных;нет данных;;нет данных;нет данных;нет;Присмотреться;нет данных: 02, 03, 04, 05, 06, 07, 08;21;Ломоносовская школа-пансион № 5;21;Ломоносовская школа-пансион № 5;0;;;0;;;;;;
uspenskie-dachi;Успенские Дачи;Успенские Дачи;;;бизнес;;;Рублёвка;Рублёво-Успенское шоссе, 20 км от МКАД, Одинцовский г.о.;Московская обл., Одинцовский г.о., Успенское;55.71950;37.12900;квартал (каталог);коттеджи;;;;;;сдан, есть остатки;;сдан;90000000;;цена не бьётся с классом;;;;;;;;;КОТТЕДЖНЫЙ ПОСЁЛОК — цена лота (от 90 млн руб), kf.expert/zagorod/poselki/rublevo-uspenskoe-shosse, координаты approx;21.09.2026;не применяется;;;нет данных;нет данных;;нет данных;нет данных;нет;Присмотреться;нет данных: 02, 03, 04, 05, 06, 07, 08;;;;;;;;;;;;;;
renaissance-park;Renaissance Park;Renaissance Park;villagio-estate;Villagio Estate;элитный;элитный;;Рублёвка;Новорижское шоссе, 19 км от МКАД;Московская обл., Новорижское шоссе, 19 км;55.79200;37.09000;км шоссе (ориентир);коттеджи;;;;;;сдан, есть остатки;;сдан;;;;;;;;;;;https://villagio-vip.ru/villages/256/;КОТТЕДЖНЫЙ ПОСЁЛОК, villagio-vip.ru, категория Villagio Exclusive, цена и координаты не подтверждены;21.09.2026;не применяется;;;нет данных;нет данных;;нет данных;нет данных;нет данных;Присмотреться;нет данных: 02, 03, 04, 05, 06, 07, 08, 09;;;;;;;;;;;;;;
pavlovo;Павлово;Павлово;;;премиум;премиум;;Рублёвка;Новорижское шоссе, 14 км от МКАД, г.о. Истра;Московская обл., г.о. Истра, д. Новинки, КП Павлово;55.83550;37.08550;квартал (каталог);коттеджи;;;;;;сдан, есть остатки;;сдан;;;;;;;;;;;https://pavlovo-kp.ru/;КОТТЕДЖНЫЙ ПОСЁЛОК, topriga.ru, kf.expert/zagorod/poselki/pavlovo-sl13003, slrealty.ru, цена не подтверждена, координаты approx;21.09.2026;не применяется;;;нет данных;нет данных;;нет данных;нет данных;нет данных;Присмотреться;нет данных: 02, 03, 04, 05, 06, 07, 08, 09;;;;;;;;;;;;;;
novoe-pavlovo;Новое Павлово;Новое Павлово;;;бизнес;;;Рублёвка;Новорижское шоссе, ~14 км от МКАД, г.о. Истра;Московская обл., г.о. Истра;55.80500;37.17000;км шоссе (ориентир);таунхаусы;;;;;;в продаже;;;;;;;;;;;;;https://novoe-pavlovo.ru/;ТАУНХАУСЫ, novoe-pavlovo.ru, девелопер, цена, сроки и координаты не подтверждены;21.09.2026;не применяется;;;нет данных;нет данных;;нет данных;нет данных;нет данных;Присмотреться;нет данных: 02, 03, 04, 05, 06, 07, 08, 09;;;;;;;;;;;;;;
nikolskaya-sloboda;Никольская Слобода;Никольская Слобода;;;элитный;элитный;;Рублёвка;Новорижское шоссе, 15 км от МКАД;Московская обл., Новорижское шоссе, 15 км;55.80100;37.15000;км шоссе (ориентир);коттеджи;;;;;;сдан, есть остатки;;сдан;250000000;;;;;;;;;;;КОТТЕДЖНЫЙ ПОСЁЛОК — цена лота (от 250 млн руб по kre.ru — источник вторичный, требует проверки), координаты не подтверждены;21.09.2026;не применяется;;;нет данных;нет данных;;нет данных;нет данных;да;Присмотреться;нет данных: 02, 03, 04, 05, 06, 07, 08;;;;;;;;;;;;;;
eli-estate;Ели Estate;Ели Estate;;;бизнес;бизнес;;Рублёвка;Новорижское шоссе, г.о. Истра;Московская обл., Новорижское шоссе;55.81000;37.12000;км шоссе (ориентир);коттеджи;;;;;;в продаже;;;;;;;;;;;;;https://eli-estate.ru/;КОТТЕДЖНЫЙ ПОСЁЛОК, eli-estate.ru — бизнес-класс на Новой Риге, км от МКАД, цена, девелопер и координаты не подтверждены;21.09.2026;не применяется;;;нет данных;нет данных;;нет данных;нет данных;нет данных;Присмотреться;нет данных: 02, 03, 04, 05, 06, 07, 08, 09;28;Павловская гимназия;28;Павловская гимназия;0;;;0;;;;;;
