slug;tip;lotov;ploshchad_ot;ploshchad_do;cena_ot;cena_ot_bez_skidki;cena_do;lot_ploshchad;lot_cena;lot_etazh;lot_korpus;otdelka;istochnik;url;provereno
1-y-nagatinskiy;студия;10;29.5;30.4;;;;;;;;;novostroev;https://novostroev.ru/novostroyki/moskva/uao/nagatino-sadovniki/1-y-nagatinskiy/;2026-09-17
1-y-nagatinskiy;1;22;39.8;47.6;;;;;;;;;novostroev;https://novostroev.ru/novostroyki/moskva/uao/nagatino-sadovniki/1-y-nagatinskiy/;2026-09-17
1-y-nagatinskiy;2;42;56.6;81.2;;;;75.1;46896741;10;;;novostroev;https://novostroev.ru/novostroyki/moskva/uao/nagatino-sadovniki/1-y-nagatinskiy/;2026-09-17
1-y-nagatinskiy;3;13;82.6;113.8;;;;82.6;50540215;11;;;novostroev;https://novostroev.ru/novostroyki/moskva/uao/nagatino-sadovniki/1-y-nagatinskiy/;2026-09-17
2-y-irtyshskiy;студия;60;19.8;32.1;12802680;;16518660;19.8;12802680;4;Корпус 1.7;чистовая;cian (фид ПИК);https://www.cian.ru/sale/flat/333832435/;2026-09-23
2-y-irtyshskiy;1;119;31.7;47.9;16457210;;19704320;31.9;16457210;16;Корпус 1.5;чистовая;cian (фид ПИК);https://www.cian.ru/sale/flat/320976834/;2026-09-23
2-y-irtyshskiy;2;94;47.8;74.2;19803540;;26631540;47.8;19803540;22;Корпус 1.1;чистовая;cian (фид ПИК);https://www.cian.ru/sale/flat/328000236/;2026-09-23
2-y-irtyshskiy;3;18;69.9;83.9;23919780;;30515160;69.9;23919780;37;Корпус 1.1;чистовая;cian (фид ПИК);https://www.cian.ru/sale/flat/326603365/;2026-09-23
26-parkvyu;1;24;39.4;57.9;30487149;;48070088;40.6;30487149;2;26 ПАРКВЬЮ;Без отделки;застройщик;https://www.mr-group.ru/projects/26parkview/;2026-09-23
26-parkvyu;2;18;58.3;80.7;50186916;;90107038;60.8;50186916;2;26 ПАРКВЬЮ;Без отделки;застройщик;https://www.mr-group.ru/projects/26parkview/;2026-09-23
26-parkvyu;3;6;87.9;130.7;77798943;;129991095;87.9;77798943;3;26 ПАРКВЬЮ;Без отделки;застройщик;https://www.mr-group.ru/projects/26parkview/;2026-09-23
26-parkvyu;4+;2;141.8;152.9;125076420;;153261174;141.8;125076420;7;26 ПАРКВЬЮ;Без отделки;застройщик;https://www.mr-group.ru/projects/26parkview/;2026-09-23
a22;студия;;28.7;33.8;19900000;;26200000;;;;;;novostroev;https://novostroev.ru/novostroyki/moskva/uao/danilovskiy/a22/;2026-09-17
a22;1;;37.1;52.9;22500000;;35100000;;;;;;novostroev;https://novostroev.ru/novostroyki/moskva/uao/danilovskiy/a22/;2026-09-17
a22;2;;49.6;71.6;34900000;;47900000;;;;;;novostroev;https://novostroev.ru/novostroyki/moskva/uao/danilovskiy/a22/;2026-09-17
a22;3;;76.0;101.5;55600000;;75200000;;;;;;novostroev;https://novostroev.ru/novostroyki/moskva/uao/danilovskiy/a22/;2026-09-17
admiral;студия;;29.4;29.9;18200000;;20000000;;;;;;novostroev;https://novostroev.ru/novostroyki/moskva/uvao/pechatniki/admiral/;2026-09-08
admiral;1;;35.4;41.1;19300000;;22100000;;;;;;novostroev;https://novostroev.ru/novostroyki/moskva/uvao/pechatniki/admiral/;2026-09-08
admiral;2;;44.0;51.0;22500000;;25300000;;;;;;novostroev;https://novostroev.ru/novostroyki/moskva/uvao/pechatniki/admiral/;2026-09-08
admiral;3;;54.0;76.5;26400000;;38100000;;;;;;novostroev;https://novostroev.ru/novostroyki/moskva/uvao/pechatniki/admiral/;2026-09-08
afi-tower;студия;;24.5;34.6;15200000;;20800000;;;;;;novostroev;https://novostroev.ru/novostroyki/moskva/svao/sviblovo/afi-tower/;2026-09-09
afi-tower;1;;46.7;47.6;26400000;;27900000;;;;;;novostroev;https://novostroev.ru/novostroyki/moskva/svao/sviblovo/afi-tower/;2026-09-09
afi-tower;2;;47.2;54.2;25400000;;28600000;;;;;;novostroev;https://novostroev.ru/novostroyki/moskva/svao/sviblovo/afi-tower/;2026-09-09
afi-tower;3;;79.6;102.6;37300000;;46900000;;;;;;novostroev;https://novostroev.ru/novostroyki/moskva/svao/sviblovo/afi-tower/;2026-09-09
afi-tower;4+;;100.4;116.2;42200000;;53600000;;;;;;novostroev;https://novostroev.ru/novostroyki/moskva/svao/sviblovo/afi-tower/;2026-09-09
ahead;2;;68.4;107.5;52100000;;76600000;;;;;;novostroev;https://novostroev.ru/novostroyki/moskva/zao/filyevskiy-park/ahead/;2026-09-18
ahead;3;;108.0;219.0;77900000;;263300000;;;;;;novostroev;https://novostroev.ru/novostroyki/moskva/zao/filyevskiy-park/ahead/;2026-09-18
aktsenty;студия;;28.4;33.2;15500000;;21200000;;;;;;novostroev;https://novostroev.ru/novostroyki/moskva/sao/vostochnoe-degunino/aktsenty/;2026-09-17
aktsenty;1;;37.0;47.5;19500000;;27800000;;;;;;novostroev;https://novostroev.ru/novostroyki/moskva/sao/vostochnoe-degunino/aktsenty/;2026-09-17
aktsenty;2;;60.1;76.8;27000000;;36300000;;;;;;novostroev;https://novostroev.ru/novostroyki/moskva/sao/vostochnoe-degunino/aktsenty/;2026-09-17
aktsenty;3;;75.2;88.1;32800000;;41700000;;;;;;novostroev;https://novostroev.ru/novostroyki/moskva/sao/vostochnoe-degunino/aktsenty/;2026-09-17
akvilon-beside-2-0;студия;40;22.8;28.0;15400000;;17800000;;;;;;novostroev;https://novostroev.ru/novostroyki/moskva/uvao/nizhegorodskiy/akvilon-beside-2-0/;2026-09-18
akvilon-beside-2-0;1;95;32.6;51.0;19500000;;26600000;;;;;;novostroev;https://novostroev.ru/novostroyki/moskva/uvao/nizhegorodskiy/akvilon-beside-2-0/;2026-09-18
akvilon-beside-2-0;2;32;54.4;76.8;26500000;;31900000;;;;;;novostroev;https://novostroev.ru/novostroyki/moskva/uvao/nizhegorodskiy/akvilon-beside-2-0/;2026-09-18
akvilon-beside-2-0;3;13;67.8;87.3;31400000;;38600000;67.8;32400000;27;корпус 1 (28 эт.);;novostroev;https://novostroev.ru/novostroyki/moskva/uvao/nizhegorodskiy/akvilon-beside-2-0/;2026-09-18
akvilon-signal;студия;196;19.6;;12023474;;;19.6;12023474;;корп. 2 (For Life), секц. 1, эт. 3-23;;застройщик;https://msk.group-akvilon.ru/project/akvilon-signal/;2026-09-23
akvilon-signal;1;36;33.7;;16024050;;;33.7;16024050;;корп. 2 (For Life), секц. 1, эт. 4-23;;застройщик;https://msk.group-akvilon.ru/project/akvilon-signal/;2026-09-23
akvilon-signal;2;64;35.0;;18374111;;;35.0;18374111;;корп. 2 (For Life), секц. 1, эт. 4-23;;застройщик;https://msk.group-akvilon.ru/project/akvilon-signal/;2026-09-23
akvilon-signal;3;8;65.2;;23930534;;;65.2;23930534;;;отделка в подарок;застройщик;https://msk.group-akvilon.ru/project/akvilon-signal/;2026-09-23
alia;студия;;26.0;31.0;18100000;;21100000;26.0;18100000;;;;novostroev;https://novostroev.ru/novostroyki/moskva/szao/pokrovskoe-streshnevo/alia/;2026-09-18
alia;1;;34.0;66.0;20900000;;34300000;34.0;20900000;;;;novostroev;https://novostroev.ru/novostroyki/moskva/szao/pokrovskoe-streshnevo/alia/;2026-09-18
alia;2;;49.0;74.0;28600000;;49100000;49.0;28600000;;;;novostroev;https://novostroev.ru/novostroyki/moskva/szao/pokrovskoe-streshnevo/alia/;2026-09-18
alia;3;;74.0;149.0;45100000;;99400000;74.0;45100000;;;;novostroev;https://novostroev.ru/novostroyki/moskva/szao/pokrovskoe-streshnevo/alia/;2026-09-18
alia;4+;;103.0;141.0;67500000;;90400000;103.0;67500000;;;;novostroev;https://novostroev.ru/novostroyki/moskva/szao/pokrovskoe-streshnevo/alia/;2026-09-18
alia;таунхаус;;163.0;169.0;87700000;;90200000;163.0;87700000;;;;novostroev;https://novostroev.ru/novostroyki/moskva/szao/pokrovskoe-streshnevo/alia/;2026-09-18
altufevskoe-53;студия;;28.0;31.7;8200000;;9500000;;;;;;novostroev;https://novostroev.ru/novostroyki/moskva/svao/altufevskiy/altufevskoe-53/;2026-09-17
altufevskoe-53;1;;31.2;42.4;9500000;;;;;;;;novostroev;https://novostroev.ru/novostroyki/moskva/svao/altufevskiy/altufevskoe-53/;2026-09-17
altufevskoe-53;2;;48.4;73.8;14200000;;19500000;;;;;;novostroev;https://novostroev.ru/novostroyki/moskva/svao/altufevskiy/altufevskoe-53/;2026-09-17
altufevskoe-53;3;;72.5;93.2;19600000;;24100000;;;;;;novostroev;https://novostroev.ru/novostroyki/moskva/svao/altufevskiy/altufevskoe-53/;2026-09-17
amber-siti;студия;;;;19320000;;;28.0;19320000;3;корпус 6, секция 1;без отделки;застройщик;https://fsk.ru/amber-city/flats;2026-09-23
amber-siti;1;;28.6;43.9;16900000;;25700000;;;;;;novostroev;https://novostroev.ru/novostroyki/moskva/sao/khoroshyevskiy/amber-city/;2026-09-15
amber-siti;2;;46.0;60.0;23200000;;32800000;;;;;;novostroev;https://novostroev.ru/novostroyki/moskva/sao/khoroshyevskiy/amber-city/;2026-09-15
amber-siti;3;;68.0;84.4;33100000;;47600000;;;;;;novostroev;https://novostroev.ru/novostroyki/moskva/sao/khoroshyevskiy/amber-city/;2026-09-15
amber-siti;4+;;87.1;103.1;42600000;;53300000;;;;;;novostroev;https://novostroev.ru/novostroyki/moskva/sao/khoroshyevskiy/amber-city/;2026-09-15
apsayd-tauers;студия;;21.9;40.8;17000000;;30700000;;;;;;novostroev;https://novostroev.ru/novostroyki/moskva/svao/butyrskiy/upside-towers-apsayd-tauers/;2026-09-11
apsayd-tauers;1;;37.0;47.0;21700000;;34200000;;;;;;novostroev;https://novostroev.ru/novostroyki/moskva/svao/butyrskiy/upside-towers-apsayd-tauers/;2026-09-11
apsayd-tauers;2;;57.0;91.4;32000000;;96200000;;;;;;novostroev;https://novostroev.ru/novostroyki/moskva/svao/butyrskiy/upside-towers-apsayd-tauers/;2026-09-11
apsayd-tauers;3;;76.2;113.8;39100000;;87300000;;;;;;novostroev;https://novostroev.ru/novostroyki/moskva/svao/butyrskiy/upside-towers-apsayd-tauers/;2026-09-11
apsayd-tauers;4+;;151.5;153.8;142300000;;161400000;;;;;;novostroev;https://novostroev.ru/novostroyki/moskva/svao/butyrskiy/upside-towers-apsayd-tauers/;2026-09-11
aristarkhovskiy;студия;9;41.0;54.0;58540000;;76680000;41.0;58540000;;;;Whitewill;https://whitewill.ru/developments/aristarhovskiy;2026-09-23
aristarkhovskiy;1;11;46.0;65.0;66790000;;94550000;;;;;;Whitewill;https://whitewill.ru/developments/aristarhovskiy;2026-09-23
aristarkhovskiy;2;25;84.0;124.0;127170000;;187400000;;;;;;Whitewill;https://whitewill.ru/developments/aristarhovskiy;2026-09-23
aristarkhovskiy;3;10;132.0;165.0;186110000;;288164055;;;;;;Whitewill;https://whitewill.ru/developments/aristarhovskiy;2026-09-23
arkhitektor;студия;;29.9;34.3;16400000;;19600000;;;;;;novostroev;https://novostroev.ru/novostroyki/moskva/uzao/konkovo/na-ul-akademika-volgina-2/;2026-09-17
arkhitektor;1;;42.0;46.0;22400000;;23500000;;;;;;novostroev;https://novostroev.ru/novostroyki/moskva/uzao/konkovo/na-ul-akademika-volgina-2/;2026-09-17
arkhitektor;2;;42.8;76.2;21500000;;43600000;;;;;;novostroev;https://novostroev.ru/novostroyki/moskva/uzao/konkovo/na-ul-akademika-volgina-2/;2026-09-17
arkhitektor;3;;79.1;113.0;32200000;;60500000;;;;;;novostroev;https://novostroev.ru/novostroyki/moskva/uzao/konkovo/na-ul-akademika-volgina-2/;2026-09-17
arkhitektor;4+;;89.3;252.0;47500000;;222000000;;;;;;novostroev;https://novostroev.ru/novostroyki/moskva/uzao/konkovo/na-ul-akademika-volgina-2/;2026-09-17
armani-casa-moscow-residences;2;2;176.6;176.7;653790000;;812360000;176.7;653790000;4;Старомонетный, 19/11;;cian (фид Vos'hod);https://www.cian.ru/sale/flat/328853368/;2026-09-23
armani-casa-moscow-residences;3;6;215.1;264.6;597300000;;1231665000;217.2;597300000;2;Старомонетный, 19/11;;cian (фид Vos'hod);https://www.cian.ru/sale/flat/328853363/;2026-09-23
armani-casa-moscow-residences;4+;1;421.5;421.5;3372000000;;3372000000;421.5;3372000000;6;Старомонетный, 19/11;;cian (фид Vos'hod);https://www.cian.ru/sale/flat/328853365/;2026-09-23
artel;студия;;24.9;30.0;18900000;;23000000;;;;;;novostroev;https://novostroev.ru/novostroyki/moskva/vao/preobrazhenskoe/elektrozavodskaya-60/;2026-09-17
artel;1;;34.4;50.0;22900000;;35700000;;;;;;novostroev;https://novostroev.ru/novostroyki/moskva/vao/preobrazhenskoe/elektrozavodskaya-60/;2026-09-17
artel;2;;49.7;71.4;29800000;;54200000;;;;;;novostroev;https://novostroev.ru/novostroyki/moskva/vao/preobrazhenskoe/elektrozavodskaya-60/;2026-09-17
artel;3;;69.1;75.1;48700000;;57800000;;;;;;novostroev;https://novostroev.ru/novostroyki/moskva/vao/preobrazhenskoe/elektrozavodskaya-60/;2026-09-17
astris;4+;;174.4;;;;;;;;;;novostroev;https://novostroev.ru/novostroyki/moskva/zao/ramenki/kosygina-21/;2026-09-17
aura;студия;3;28.3;33.5;22800000;;27300000;;;;;;novostroev;https://novostroev.ru/novostroyki/moskva/uao/danilovskiy/mangazeya-na-tulskoy/;2026-09-17
aura;1;30;38.5;67.6;30400000;;48100000;;;;;;novostroev;https://novostroev.ru/novostroyki/moskva/uao/danilovskiy/mangazeya-na-tulskoy/;2026-09-17
aura;2;63;57.1;89.6;41100000;;59900000;;;;;;novostroev;https://novostroev.ru/novostroyki/moskva/uao/danilovskiy/mangazeya-na-tulskoy/;2026-09-17
aura;3;7;85.7;106.2;57900000;;68823870;;;;;;novostroev;https://novostroev.ru/novostroyki/moskva/uao/danilovskiy/mangazeya-na-tulskoy/;2026-09-17
aurus-rezidentsii;студия;81;31.7;41.1;39739000;;57222000;31.7;39739000;46;Башня Б;;застройщик;https://strana.com/msk/flats/?project=UHJvamVjdFR5cGU6YXVydXM%3D&city=Q2l0eVR5cGU6MQ%3D%3D&statuses=0&statuses=4&type=flat;2026-09-23
aurus-rezidentsii;1;70;44.5;73.0;54319000;;86148000;45.5;54319000;43;Башня Б;;застройщик;https://strana.com/msk/flats/?project=UHJvamVjdFR5cGU6YXVydXM%3D&city=Q2l0eVR5cGU6MQ%3D%3D&statuses=0&statuses=4&type=flat;2026-09-23
aurus-rezidentsii;2;32;71.7;121.9;76536000;;186126000;71.7;76536000;24;Башня Б;;застройщик;https://strana.com/msk/flats/?project=UHJvamVjdFR5cGU6YXVydXM%3D&city=Q2l0eVR5cGU6MQ%3D%3D&statuses=0&statuses=4&type=flat;2026-09-23
aurus-rezidentsii;3;26;123.8;292.7;142119000;;550310000;123.8;142119000;63;Башня Б;;застройщик;https://strana.com/msk/flats/?project=UHJvamVjdFR5cGU6YXVydXM%3D&city=Q2l0eVR5cGU6MQ%3D%3D&statuses=0&statuses=4&type=flat;2026-09-23
ays-tauers;1;;35.0;50.8;30800000;;42900000;;;;;;novostroev;https://novostroev.ru/novostroyki/moskva/uzao/obruchevskiy/ice-towers/;2026-09-09
ays-tauers;2;;60.3;75.8;49000000;;60000000;;;;;;novostroev;https://novostroev.ru/novostroyki/moskva/uzao/obruchevskiy/ice-towers/;2026-09-09
ays-tauers;3;;86.0;96.5;68200000;;80100000;;;;;;novostroev;https://novostroev.ru/novostroyki/moskva/uzao/obruchevskiy/ice-towers/;2026-09-09
azarovo;таунхаус;2;338.0;608.0;100000000;;130000000;338.0;100000000;;;;брокер (Kalinka Realty);https://www.kalinka-realty.ru/zagorod/elitnye-poselki/azarovo/;2026-09-23
azarovo;дом;6;445.0;1500.0;160000000;;500000000;445.0;160000000;;;;брокер (Kalinka Realty);https://www.kalinka-realty.ru/zagorod/elitnye-poselki/azarovo/;2026-09-23
badaevskiy;1;;47.0;60.3;;;;;;;;;novostroev;https://novostroev.ru/novostroyki/moskva/zao/dorogomilovo/badaevskiy/;2026-09-23
badaevskiy;2;;45.8;144.5;;;;;;;;;novostroev;https://novostroev.ru/novostroyki/moskva/zao/dorogomilovo/badaevskiy/;2026-09-23
badaevskiy;3;;116.0;172.3;;;;;;;;;novostroev;https://novostroev.ru/novostroyki/moskva/zao/dorogomilovo/badaevskiy/;2026-09-23
badaevskiy;4+;;152.4;221.0;;;;;;;;;novostroev;https://novostroev.ru/novostroyki/moskva/zao/dorogomilovo/badaevskiy/;2026-09-23
balans;1;64;30.3;38.4;16576455;19053397;22258081;30.3;19053397;6;корпус 3;без отделки;застройщик;https://get-balance.ru/flats?order=price;2026-09-23
balans;2;87;37.6;65.1;17923168;20601342;32378380;37.6;20601342;18;корпус 1;без отделки;застройщик;https://get-balance.ru/flats?order=price;2026-09-23
balans;3;24;60.3;73.9;25679798;29517010;36930075;62.2;29517010;18;корпус 3;без отделки;застройщик;https://get-balance.ru/flats?order=price;2026-09-23
barklaya-6;студия;;26.6;27.6;18900000;;19500000;;;;;;novostroev;https://novostroev.ru/novostroyki/moskva/zao/filyevskiy-park/na-ulitse-barklaya/;2026-09-09
barklaya-6;1;;36.0;46.5;23400000;;26300000;;;;;;novostroev;https://novostroev.ru/novostroyki/moskva/zao/filyevskiy-park/na-ulitse-barklaya/;2026-09-09
barklaya-6;2;;52.0;88.3;28400000;;36800000;;;;;;novostroev;https://novostroev.ru/novostroyki/moskva/zao/filyevskiy-park/na-ulitse-barklaya/;2026-09-09
barklaya-6;3;;85.5;85.5;40700000;;40700000;;;;;;novostroev;https://novostroev.ru/novostroyki/moskva/zao/filyevskiy-park/na-ulitse-barklaya/;2026-09-09
barvikha-khills;таунхаус;2;355.0;500.0;95000000;;110000000;355.0;95000000;;лот № 14 249, 3 этажа, 3 спальни, участок 4 сот.;без отделки;сайт посёлка (barvikhahills.ru, продавец не назван);https://barvikhahills.ru/;2026-09-21
barvikha-klab;таунхаус;4;350.0;500.0;100000000;;150000000;425.0;100000000;;лот 28856, участок 6 сот.;;Kalinka, брокер (вероятно вторичка);https://www.kalinka-realty.ru/zagorod/elitnye-poselki/barvikha-klab/;2026-09-23
barvikha-xxi;дом;7;762.0;1731.0;457500000;;2400000000;762.0;457500000;;лот hs1307423, участок 29 сот.;без отделки;NF Group (kf.expert), вторичка;https://kf.expert/zagorod/poselki/barviha-21-sl13074;2026-09-23
barvikha-xxi;участок;1;;;;;;;;;лот ls9922847, 132 сот., $8 000 000;;NF Group (kf.expert), вторичка;https://kf.expert/zagorod/poselki/barviha-21-sl13074;2026-09-23
beregovoy-2;1;11;40.9;45.0;28271287;29759249;38160479;43.4;29759249;3;корп. 10;;застройщик;https://beregovoy-kvartal.ru/flats?ordering=real_price;2026-09-23
beregovoy-2;2;49;50.9;107.8;35600261;36577758;69178427;50.9;36577758;3;корп. 11;;застройщик;https://beregovoy-kvartal.ru/flats?ordering=real_price;2026-09-23
beregovoy-2;3;55;89.4;214.3;49001713;56762505;280540000;90.9;56762505;3;корп. 14;;застройщик;https://beregovoy-kvartal.ru/flats?ordering=real_price;2026-09-23
beregovoy-2;4+;5;145.5;205.2;109946093;122162325;266630000;147.6;122162325;8;корп. 4;;застройщик;https://beregovoy-kvartal.ru/flats?ordering=real_price;2026-09-23
berezki-river-village;дом;;668.0;1500.0;176000000;;980000000;874.0;176000000;;лот 155871, участок 25 сот.;;Kalinka, вторичка;https://www.kalinka-realty.ru/zagorod/elitnye-poselki/rezidentsii-beriozki/;2026-09-23
berezki-river-village;участок;;;;185000000;;260000000;;185000000;;лот 152027, 25 сот.;;Kalinka, вторичка;https://www.kalinka-realty.ru/zagorod/elitnye-poselki/rezidentsii-beriozki/;2026-09-23
bolshaya-semerka;1;;48.2;48.2;20700000;;20700000;;;;;;novostroev;https://novostroev.ru/novostroyki/moskva/vao/bogorodskoe/bolshaya-semerka/;2026-09-18
bolshaya-semerka;2;;60.7;62.5;26100000;;28400000;;;;;;novostroev;https://novostroev.ru/novostroyki/moskva/vao/bogorodskoe/bolshaya-semerka/;2026-09-18
bolshaya-semerka;4+;;106.4;106.4;50000000;;50000000;;;;;;novostroev;https://novostroev.ru/novostroyki/moskva/vao/bogorodskoe/bolshaya-semerka/;2026-09-18
bolshaya-tatarskaya-35;1;11;48.3;58.7;74908000;;99691200;48.8;74908000;5;корп. 2;без отделки;застройщик;https://donstroy.moscow/full-search/;2026-09-23
bolshaya-tatarskaya-35;2;56;71.3;132.7;113568000;;286502400;78.0;113568000;10;корп. 3;без отделки;застройщик;https://donstroy.moscow/full-search/;2026-09-23
bolshaya-tatarskaya-35;3;44;108.1;228.7;163940400;;633499000;111.6;163940400;6;корп. 2;без отделки;застройщик;https://donstroy.moscow/full-search/;2026-09-23
bolshaya-tatarskaya-35;4+;64;131.0;320.5;227285000;;915019200;131.0;227285000;14;корп. 3;с отделкой;застройщик;https://donstroy.moscow/full-search/;2026-09-23
brusov;3;2;208.7;231.6;1000080000;;1428225000;231.6;1000080000;2;Брюсов пер., 2;чистовая;cian (фид Vos'hod);https://www.cian.ru/sale/flat/330646871/;2026-09-23
brusov;4+;1;329.3;329.3;1810050000;;1810050000;329.3;1810050000;5;Брюсов пер., 2;чистовая;cian (фид Vos'hod);https://www.cian.ru/sale/flat/328853327/;2026-09-23
businovskiy-park;студия;;20.0;28.1;11600000;;14200000;;;;;;novostroev;https://novostroev.ru/novostroyki/moskva/sao/zapadnoe-degunino/businovskiy-park/;2026-09-17
businovskiy-park;1;;32.7;43.7;16500000;;20100000;;;;;;novostroev;https://novostroev.ru/novostroyki/moskva/sao/zapadnoe-degunino/businovskiy-park/;2026-09-17
businovskiy-park;2;;47.0;79.9;20600000;;37700000;;;;;;novostroev;https://novostroev.ru/novostroyki/moskva/sao/zapadnoe-degunino/businovskiy-park/;2026-09-17
businovskiy-park;3;;68.4;82.6;25800000;;32500000;;;;;;novostroev;https://novostroev.ru/novostroyki/moskva/sao/zapadnoe-degunino/businovskiy-park/;2026-09-17
capital-towers;1;;49.4;130.0;62800000;;78555000;;;;;;novostroy.ru;https://www.novostroy.ru/buildings/na-krasnopresnenskoy-naberezhnoy-14/;2026-08-23
capital-towers;2;;63.0;140.0;103929000;;137651000;;;;;;novostroy.ru;https://www.novostroy.ru/buildings/na-krasnopresnenskoy-naberezhnoy-14/;2026-08-23
capital-towers;3;;94.0;123.0;116380000;;135503000;;;;;;novostroy.ru;https://www.novostroy.ru/buildings/na-krasnopresnenskoy-naberezhnoy-14/;2026-08-23
capital-towers;4+;;;693.7;165259600;;382239000;;;;;;novostroy.ru;https://www.novostroy.ru/buildings/na-krasnopresnenskoy-naberezhnoy-14/;2026-08-23
champine;1;3;67.0;117.9;35631000;;41107500;116.2;35631000;1;;;novostroev;https://novostroev.ru/novostroyki/moskva/uvao/yuzhnoportovyy-rayon/na-ul-sosinskaya-d-43/;2026-09-17
champine;2;2;72.6;118.6;39204000;;39852000;72.6;39204000;1;;;novostroev;https://novostroev.ru/novostroyki/moskva/uvao/yuzhnoportovyy-rayon/na-ul-sosinskaya-d-43/;2026-09-17
champine;3;3;83.7;154.6;44257500;;60324342;154.6;44257500;1;;;novostroev;https://novostroev.ru/novostroyki/moskva/uvao/yuzhnoportovyy-rayon/na-ul-sosinskaya-d-43/;2026-09-17
champine;4+;2;129.8;167.2;54944000;;76000000;167.2;54944000;1;;;novostroev;https://novostroev.ru/novostroyki/moskva/uvao/yuzhnoportovyy-rayon/na-ul-sosinskaya-d-43/;2026-09-17
chkalov;студия;4;45.1;132.4;58630000;;185360000;45.1;58630000;21;;;novostroev;https://novostroev.ru/novostroyki/moskva/cao/basmannyy/dom-chkalov/studii/;2026-07-24
chkalov;1;4;31.2;39.0;31200000;;42900000;31.2;31200000;21;;;novostroev;https://novostroev.ru/novostroyki/moskva/cao/basmannyy/dom-chkalov/1-komnatnye/;2026-07-24
chkalov;2;8;41.1;150.9;53430000;;181080000;41.1;53430000;21;;;novostroev;https://novostroev.ru/novostroyki/moskva/cao/basmannyy/dom-chkalov/2-komnatnye/;2026-07-24
chkalov;3;7;94.4;174.2;87031479;;261300000;96.2;87031479;17;;;novostroev;https://novostroev.ru/novostroyki/moskva/cao/basmannyy/dom-chkalov/3-komnatnye/;2026-07-24
clos-17;1;6;82.7;105.8;227535000;;322690000;82.7;227535000;4;Кло 17;Без отделки;застройщик;https://www.mr-group.ru/projects/clos_17/;2026-09-23
clos-17;2;6;152.3;154.1;350290000;;450760000;152.3;350290000;2;Кло 17;Без отделки;застройщик;https://www.mr-group.ru/projects/clos_17/;2026-09-23
clos-17;3;4;219.1;219.9;514885000;;659700000;219.1;514885000;2;Кло 17;Без отделки;застройщик;https://www.mr-group.ru/projects/clos_17/;2026-09-23
crystal-trilogiya;1;8;36.9;39.1;23254000;;26979000;38.5;23254000;3;корпус 9.2;;застройщик;https://krost.ru/flats?complex=28&type=0&rooms=1;2026-09-23
crystal-trilogiya;2;15;50.2;72.2;28346600;;40432000;52.3;28346600;4;корпус 9.2;;застройщик;https://krost.ru/flats?complex=28&type=0&rooms=2;2026-09-23
crystal-trilogiya;3;34;64.4;112.9;34894500;;59837000;64.5;34894500;3;корпус 9.1;;застройщик;https://krost.ru/flats?complex=28&type=0&rooms=3;2026-09-23
crystal-trilogiya;4+;2;107.2;116.3;59603200;;60476000;107.2;59603200;17;корпус 9.1;;застройщик;https://krost.ru/flats?complex=28&type=0&rooms=4;2026-09-23
d-oro-mile;2;;111.3;111.3;278200000;;278200000;111.3;278200000;14;14/14 эт.;;novostroev;https://novostroev.ru/novostroyki/moskva/zao/dorogomilovo/d-oro-mille/;2026-09-17
d-oro-mile;3;;134.5;134.5;390166000;;390166000;134.5;390166000;14;14/14 эт.;;novostroev;https://novostroev.ru/novostroyki/moskva/zao/dorogomilovo/d-oro-mille/;2026-09-17
d-oro-mile;4+;;158.3;158.3;219995300;;219995300;158.3;219995300;10;10/14 эт.;;novostroev;https://novostroev.ru/novostroyki/moskva/zao/dorogomilovo/d-oro-mille/;2026-09-17
danilovskiy-ot-granel;студия;;28.7;;18591975;;;28.7;18591975;2;;;застройщик;https://granelle.ru/objects/danilovskij-ot-granel/;2026-09-23
danilovskiy-ot-granel;1;;35.2;46.1;20957922;;25071946;37.2;20957922;3;;;застройщик;https://granelle.ru/objects/danilovskij-ot-granel/;2026-09-23
deko-rezidens;студия;;24.0;44.5;14100000;;27300000;24.0;21264000;;;;novostroev;https://novostroev.ru/novostroyki/moskva/uao/danilovskiy/deco-residence/;2026-09-17
deko-rezidens;2;;47.4;93.0;25900000;;46900000;47.5;33535000;4;;;novostroy-m;https://www.novostroy-m.ru/kvartiry/apartamenti-v-deco-residence-deko-rezidens-00f6ae4e355fdaa86df8d68349e8d9;2026-09-23
deko-rezidens;4+;;103.7;103.7;61400000;;63500000;;;;;;novostroev;https://novostroev.ru/novostroyki/moskva/uao/danilovskiy/deco-residence/;2026-09-17
dius;студия;;27.3;35.4;;;;;;;;;novostroev;https://novostroev.ru/novostroyki/moskva/sao/aeroport/na-ul-akademika-ilyushina-21/;2026-09-16
dius;1;;47.7;51.8;;;;;;;;;novostroev;https://novostroev.ru/novostroyki/moskva/sao/aeroport/na-ul-akademika-ilyushina-21/;2026-09-16
dius;2;;56.8;61.0;;;;;;;;;novostroev;https://novostroev.ru/novostroyki/moskva/sao/aeroport/na-ul-akademika-ilyushina-21/;2026-09-16
dmitrovskoe-nebo;студия;356;19.8;26.1;9300000;;14900000;;;;;;novostroev;https://novostroev.ru/novostroyki/moskva/sao/zapadnoe-degunino/dmitrovskoe-nebo/;2026-09-17
dmitrovskoe-nebo;1;219;21.8;47.0;9600000;;23600000;;;;;;novostroev;https://novostroev.ru/novostroyki/moskva/sao/zapadnoe-degunino/dmitrovskoe-nebo/;2026-09-17
dmitrovskoe-nebo;2;216;;66.0;;;28700000;;;;;;novostroev;https://novostroev.ru/novostroyki/moskva/sao/zapadnoe-degunino/dmitrovskoe-nebo/;2026-09-17
dmitrovskoe-nebo;3;27;;80.7;;;32800000;;;;;;novostroev;https://novostroev.ru/novostroyki/moskva/sao/zapadnoe-degunino/dmitrovskoe-nebo/;2026-09-17
dom-56;студия;;26.7;29.6;22716518;;27163600;29.4;22716518;24;секция 2, кв. №339;;застройщик;https://hals-development.ru/realty/object/dom56;2026-09-23
dom-56;1;;45.1;55.6;31478234;;51758400;45.3;31478234;19;секция 2, кв. №290;;застройщик;https://hals-development.ru/realty/object/dom56;2026-09-23
dom-56;2;;62.3;83.0;44524400;;59673300;63.9;44524400;3;секция 3, кв. №389;;застройщик;https://hals-development.ru/realty/object/dom56;2026-09-23
dom-56;3;;88.7;105.5;63035000;;110860700;95.0;63035000;3;секция 3, кв. №386;;застройщик;https://hals-development.ru/realty/object/dom56;2026-09-23
dom-56;4+;1;127.5;127.5;123342500;;123342500;127.5;123342500;19;секция 1, кв. №109;;застройщик;https://hals-development.ru/realty/object/dom56;2026-09-23
dom-7-danilovskiy;1;;31.0;65.7;29100000;;73400000;31.0;29100000;;;;novostroev;https://novostroev.ru/novostroyki/moskva/uao/danilovskiy/dom-7-danilovskiy/;2026-09-07
dom-7-danilovskiy;2;;54.0;111.4;55400000;;148200000;;;;;;novostroev;https://novostroev.ru/novostroyki/moskva/uao/danilovskiy/dom-7-danilovskiy/;2026-09-07
dom-7-danilovskiy;3;;111.2;111.2;113100000;;115400000;;;;;;novostroev;https://novostroev.ru/novostroyki/moskva/uao/danilovskiy/dom-7-danilovskiy/;2026-09-07
dom-a;студия;;29.3;29.3;21800000;;25200000;;;;;;novostroev;https://novostroev.ru/novostroyki/moskva/uao/danilovskiy/dom-a/;2026-09-08
dom-a;1;;37.0;52.3;;;;;;;;;novostroev;https://novostroev.ru/novostroyki/moskva/uao/danilovskiy/dom-a/;2026-09-08
dom-a;2;;61.0;124.5;40000000;;96700000;;;;;;novostroev;https://novostroev.ru/novostroyki/moskva/uao/danilovskiy/dom-a/;2026-09-08
dom-a;3;;84.0;188.8;54100000;;128900000;;;;;;novostroev;https://novostroev.ru/novostroyki/moskva/uao/danilovskiy/dom-a/;2026-09-08
dom-a;4+;;106.9;177.4;70300000;;111500000;;;;;;novostroev;https://novostroev.ru/novostroyki/moskva/uao/danilovskiy/dom-a/;2026-09-08
dom-dau;1;26;50.7;55.4;48400000;;63499668;50.7;48400000;6;;;novostroev;https://novostroev.ru/novostroyki/moskva/cao/presnenskiy/dom-dau/flats/;2026-09-18
dom-dau;2;64;73.7;100.4;63332957;;90652506;73.7;63332957;15;;;novostroev;https://novostroev.ru/novostroyki/moskva/cao/presnenskiy/dom-dau/flats/;2026-09-18
dom-dau;3;102;96.0;149.0;87833254;;145596748;96.5;87833254;14;;;novostroev;https://novostroev.ru/novostroyki/moskva/cao/presnenskiy/dom-dau/flats/;2026-09-18
dom-dau;4+;41;130.1;226.1;112067906;;198642499;130.1;112067906;35;;;novostroev;https://novostroev.ru/novostroyki/moskva/cao/presnenskiy/dom-dau/flats/;2026-09-18
dom-franka;1;;63.0;88.9;;;;;;;;;novostroev;https://novostroev.ru/novostroyki/moskva/cao/meshchanskiy/dom-franka/;2026-09-18
dom-franka;2;;123.0;170.3;;;;;;;;;novostroev;https://novostroev.ru/novostroyki/moskva/cao/meshchanskiy/dom-franka/;2026-09-18
dom-franka;3;;138.0;180.0;;;;;;;;;novostroev;https://novostroev.ru/novostroyki/moskva/cao/meshchanskiy/dom-franka/;2026-09-18
dom-gorizontov;1;;44.0;52.6;34500000;;42700000;;;;;;novostroev;https://novostroev.ru/novostroyki/moskva/zao/krylatskoe/dom-na-ul-krylatskaya-23/;2026-09-18
dom-gorizontov;2;;66.0;77.4;47800000;;66700000;;;;;;novostroev;https://novostroev.ru/novostroyki/moskva/zao/krylatskoe/dom-na-ul-krylatskaya-23/;2026-09-18
dom-gorizontov;3;;88.0;123.0;64200000;;85700000;;;;;;novostroev;https://novostroev.ru/novostroyki/moskva/zao/krylatskoe/dom-na-ul-krylatskaya-23/;2026-09-18
dom-gorizontov;4+;;112.8;227.0;92600000;;119200000;;;;;;novostroev;https://novostroev.ru/novostroyki/moskva/zao/krylatskoe/dom-na-ul-krylatskaya-23/;2026-09-18
dom-malevich;2;1;70.5;70.5;35250000;;35250000;70.5;35250000;28;;без отделки;novostroev;https://novostroev.ru/novostroyki/moskva/svao/otradnoe/malevich/;2026-09-17
dom-na-chasovoy;студия;4;28.2;40.7;21800000;;28000000;;;;;;novostroev;https://novostroev.ru/novostroyki/moskva/sao/aeroport/dd-oo-mm/;2026-09-17
dom-na-chasovoy;1;16;36.8;49.8;27600000;;33000000;;;;;;novostroev;https://novostroev.ru/novostroyki/moskva/sao/aeroport/dd-oo-mm/;2026-09-17
dom-na-chasovoy;2;25;54.4;80.0;35800000;;54400000;;;;;;novostroev;https://novostroev.ru/novostroyki/moskva/sao/aeroport/dd-oo-mm/;2026-09-17
dom-na-chasovoy;3;9;71.4;99.4;45800000;;65400000;;;;;;novostroev;https://novostroev.ru/novostroyki/moskva/sao/aeroport/dd-oo-mm/;2026-09-17
dom-na-dzhalilya;студия;;31.6;39.2;18600000;;23300000;;;;;;застройщик;https://a101.ru/promo/start-prodazh-novogo-proekta-biznes-klassa-dom-na-dzhalilya-v-bolshoj-moskve/;2026-09-23
dom-na-dzhalilya;1;;44.1;61.7;22300000;;28900000;;;;;;застройщик;https://a101.ru/promo/start-prodazh-novogo-proekta-biznes-klassa-dom-na-dzhalilya-v-bolshoj-moskve/;2026-09-23
dom-na-dzhalilya;2;;66.5;101.2;30700000;;47100000;;;;;;застройщик;https://a101.ru/promo/start-prodazh-novogo-proekta-biznes-klassa-dom-na-dzhalilya-v-bolshoj-moskve/;2026-09-23
dom-na-dzhalilya;3;;96.7;102.7;38700000;;51800000;;;;;;застройщик;https://a101.ru/promo/start-prodazh-novogo-proekta-biznes-klassa-dom-na-dzhalilya-v-bolshoj-moskve/;2026-09-23
dom-na-dzhalilya;4+;;122.0;;68100000;;;;;;;;novostroev;https://novostroev.ru/novostroyki/moskva/uao/zyablikovo/musy-dzhalilya-6-2/;2026-09-17
dom-na-zorge;студия;;24.4;34.3;14400000;;22800000;;;;;;novostroev;https://novostroev.ru/novostroyki/moskva/sao/sokol/dom-na-zorge/;2026-09-17
dom-na-zorge;1;;36.1;37.3;19600000;;27200000;;;;;;novostroev;https://novostroev.ru/novostroyki/moskva/sao/sokol/dom-na-zorge/;2026-09-17
dom-na-zorge;2;;40.3;74.6;21800000;;38100000;;;;;;novostroev;https://novostroev.ru/novostroyki/moskva/sao/sokol/dom-na-zorge/;2026-09-17
dom-na-zorge;3;;64.1;87.3;28600000;;42800000;;;;;;novostroev;https://novostroev.ru/novostroyki/moskva/sao/sokol/dom-na-zorge/;2026-09-17
dom-na-zorge;4+;;86.4;167.1;36500000;;54200000;;;;;;novostroev;https://novostroev.ru/novostroyki/moskva/sao/sokol/dom-na-zorge/;2026-09-17
dom-soboleva;1;;81.3;137.9;156600000;;263400000;;;;;;novostroev;https://novostroev.ru/novostroyki/moskva/cao/basmannyy/dom-soboleva/;2026-09-05
dom-soboleva;2;;117.2;295.6;224700000;;945900000;;;;;;novostroev;https://novostroev.ru/novostroyki/moskva/cao/basmannyy/dom-soboleva/;2026-09-05
dom-soboleva;3;;193.7;367.0;373100000;;1174400000;;;;;;novostroev;https://novostroev.ru/novostroyki/moskva/cao/basmannyy/dom-soboleva/;2026-09-05
dom-soboleva;4+;;201.3;;453000000;;;;;;;;novostroev;https://novostroev.ru/novostroyki/moskva/cao/basmannyy/dom-soboleva/;2026-09-05
dom-sporta;1;4;45.8;56.3;110432290;;163542645;46.2;110432290;2;;;новострой-м;https://www.novostroy-m.ru/baza/jk_na_ul_drujinnikovskaya;2026-09-22
dom-sporta;2;2;62.8;73.8;143356069;;204017394;;;;;;новострой-м;https://www.novostroy-m.ru/baza/jk_na_ul_drujinnikovskaya;2026-09-22
dom-sporta;3;4;97.5;115.3;289918180;;309715153;;;;;;новострой-м;https://www.novostroy-m.ru/baza/jk_na_ul_drujinnikovskaya;2026-09-22
dom-sporta;4+;3;124.4;158.7;346763445;;398041268;;;;;;новострой-м;https://www.novostroy-m.ru/baza/jk_na_ul_drujinnikovskaya;2026-09-22
dom-xxii;2;2;81.0;;269000000;;;;;;;;застройщик;https://donstroy.moscow/objects/house-XXII/;2026-09-23
dom-xxii;3;2;126.0;;378000000;;;;;;;;застройщик;https://donstroy.moscow/objects/house-XXII/;2026-09-23
dom-xxii;4+;4;152.0;;379000000;;;;;;;;застройщик;https://donstroy.moscow/objects/house-XXII/;2026-09-23
dostizhenie;студия;;25.0;25.0;21700000;;21700000;;;;;;novostroev;https://novostroev.ru/novostroyki/moskva/svao/marfino/dostizhenie-na-ul-akademika-koroleva-21/;2026-08-22
dostizhenie;1;;38.0;64.0;26600000;;60400000;;;;;;novostroev;https://novostroev.ru/novostroyki/moskva/svao/marfino/dostizhenie-na-ul-akademika-koroleva-21/;2026-08-22
dostizhenie;2;;61.0;121.0;40800000;;103300000;;;;;;novostroev;https://novostroev.ru/novostroyki/moskva/svao/marfino/dostizhenie-na-ul-akademika-koroleva-21/;2026-08-22
dostizhenie;3;;79.0;79.0;51700000;;52600000;;;;;;novostroev;https://novostroev.ru/novostroyki/moskva/svao/marfino/dostizhenie-na-ul-akademika-koroleva-21/;2026-08-22
dream-towers;2;;57.1;68.0;33600000;;44600000;;;;;;novostroev;https://novostroev.ru/novostroyki/moskva/uao/nagatinskiy-zaton/dream-towers/;2026-09-17
dream-towers;3;;73.1;103.9;37400000;;73500000;;;;;;novostroev;https://novostroev.ru/novostroyki/moskva/uao/nagatinskiy-zaton/dream-towers/;2026-09-17
dream-towers;4+;;93.0;162.2;50700000;;101000000;;;;;;novostroev;https://novostroev.ru/novostroyki/moskva/uao/nagatinskiy-zaton/dream-towers/;2026-09-17
drim-riva;студия;;28.0;29.0;17400000;;22100000;;;;;;novostroev;https://novostroev.ru/novostroyki/moskva/uao/nagatinskiy-zaton/dream-riva-drim-riva/;2026-09-17
drim-riva;2;;42.0;48.0;27800000;;34100000;;;;;;novostroev;https://novostroev.ru/novostroyki/moskva/uao/nagatinskiy-zaton/dream-riva-drim-riva/;2026-09-17
drim-riva;3;;62.0;67.0;37500000;;51800000;;;;;;novostroev;https://novostroev.ru/novostroyki/moskva/uao/nagatinskiy-zaton/dream-riva-drim-riva/;2026-09-17
drim-riva;4+;;85.0;87.0;61200000;;70700000;;;;;;novostroev;https://novostroev.ru/novostroyki/moskva/uao/nagatinskiy-zaton/dream-riva-drim-riva/;2026-09-17
dubrovka-ot-granel;1;19;38.8;43.4;23400000;;24200000;;;;;;novostroev;https://novostroev.ru/novostroyki/moskva/uvao/yuzhnoportovyy-rayon/mypriority-dubrovka/;2026-09-18
dubrovka-ot-granel;2;3;48.5;63.0;28500000;;30700000;;;;;;novostroev;https://novostroev.ru/novostroyki/moskva/uvao/yuzhnoportovyy-rayon/mypriority-dubrovka/;2026-09-18
dubrovka-ot-granel;4+;5;79.8;100.2;41600000;;50200000;;;;;;novostroev;https://novostroev.ru/novostroyki/moskva/uvao/yuzhnoportovyy-rayon/mypriority-dubrovka/;2026-09-18
duo;1;7;49.6;72.7;137447900;;206600000;49.6;137447900;2;;;новострой-м;https://www.novostroy-m.ru/baza/jk_na_sofiyskoy_naberejnoy;2026-09-23
duo;2;8;75.6;146.5;215905900;;365100000;75.6;215905900;5;;;новострой-м;https://www.novostroy-m.ru/baza/jk_na_sofiyskoy_naberejnoy;2026-09-23
duo;3;10;134.1;188.0;371108200;;496200000;134.1;371108200;3;;;новострой-м;https://www.novostroy-m.ru/baza/jk_na_sofiyskoy_naberejnoy;2026-09-23
duo;4+;6;236.7;427.3;589856400;;1951600000;236.7;589856400;3;;;новострой-м;https://www.novostroy-m.ru/baza/jk_na_sofiyskoy_naberejnoy;2026-09-23
eli-estate;участок;;;;7900000;;;;7900000;;;;застройщик;https://eli-estate.ru/;2026-09-23
eli-estate;участок;;;;15000000;;;;15000000;;;;застройщик;https://eli-estate.ru/;2026-09-23
emoushen;студия;;18.1;33.6;10900000;;15300000;;;;;;novostroev;https://novostroev.ru/novostroyki/moskva/szao/khoroshyevo-mnyevniki/emotion/;2026-09-17
emoushen;1;;43.5;44.0;17900000;;18100000;;;;;;novostroev;https://novostroev.ru/novostroyki/moskva/szao/khoroshyevo-mnyevniki/emotion/;2026-09-17
emoushen;2;;41.3;75.8;17000000;;30900000;;;;;;novostroev;https://novostroev.ru/novostroyki/moskva/szao/khoroshyevo-mnyevniki/emotion/;2026-09-17
emoushen;3;;50.4;140.9;21000000;;88900000;;;;;;novostroev;https://novostroev.ru/novostroyki/moskva/szao/khoroshyevo-mnyevniki/emotion/;2026-09-17
emoushen;4+;;85.7;100.0;34400000;;40900000;;;;;;novostroev;https://novostroev.ru/novostroyki/moskva/szao/khoroshyevo-mnyevniki/emotion/;2026-09-17
enigmiya;1;14;57.6;77.8;81156180;;125538080;59.7;81156180;2;корп. 1;;застройщик;https://enigmiya.ru/search;2026-09-23
enigmiya;2;16;76.2;124.0;112145740;;211283600;76.3;112145740;4;корп. 1;;застройщик;https://enigmiya.ru/search;2026-09-23
enigmiya;3;4;120.6;157.0;166198860;;269400668;120.6;166198860;7;корп. 2;;застройщик;https://enigmiya.ru/search;2026-09-23
enigmiya;4+;3;164.7;171.9;260967150;;276896520;164.7;260967150;13;корп. 2;;застройщик;https://enigmiya.ru/search;2026-09-23
eniteo;2;5;46.6;47.4;28800000;;32200000;;;;;;novostroev;https://novostroev.ru/novostroyki/moskva/uzao/kotlovka/eniteo-eniteo-cherry-city/;2026-09-18
eniteo;3;8;62.5;72.9;36900000;;43200000;;;;;;novostroev;https://novostroev.ru/novostroyki/moskva/uzao/kotlovka/eniteo-eniteo-cherry-city/;2026-09-18
era;1;26;26.6;45.7;21700000;;41000000;;;;;;novostroev;https://novostroev.ru/novostroyki/moskva/uao/danilovskiy/derbenevskaya-20/;2026-09-11
era;2;88;36.2;69.9;29800000;;56900000;;;;;;novostroev;https://novostroev.ru/novostroyki/moskva/uao/danilovskiy/derbenevskaya-20/;2026-09-11
era;3;93;55.2;87.9;38200000;;68600000;;;;;;novostroev;https://novostroev.ru/novostroyki/moskva/uao/danilovskiy/derbenevskaya-20/;2026-09-11
era;4+;61;77.5;135.2;47400000;;143400000;;;;;;novostroev;https://novostroev.ru/novostroyki/moskva/uao/danilovskiy/derbenevskaya-20/;2026-09-11
ever;2;7;43.7;76.3;28600000;;48400000;;;;;;novostroev;https://novostroev.ru/novostroyki/moskva/uzao/obruchevskiy/ever/;2026-09-18
ever;3;13;60.1;97.9;39900000;;63200000;;;;;;novostroev;https://novostroev.ru/novostroyki/moskva/uzao/obruchevskiy/ever/;2026-09-18
ever;4+;8;82.9;119.0;53000000;;75600000;;;;;;novostroev;https://novostroev.ru/novostroyki/moskva/uzao/obruchevskiy/ever/;2026-09-18
evopark-izmaylovo;студия;8;26.2;32.3;10600000;;12700000;;;;;;novostroev;https://novostroev.ru/novostroyki/moskva/vao/perovo/evopark-izmaylovo/;2026-09-17
evopark-izmaylovo;2;19;43.3;51.1;14200000;;18400000;;;;;;novostroev;https://novostroev.ru/novostroyki/moskva/vao/perovo/evopark-izmaylovo/;2026-09-17
evopark-izmaylovo;3;6;47.8;48.5;16000000;;19200000;;;;;;novostroev;https://novostroev.ru/novostroyki/moskva/vao/perovo/evopark-izmaylovo/;2026-09-17
evopark-sokolniki;студия;3;23.8;32.2;11600000;;13100000;;;;;;novostroev;https://novostroev.ru/novostroyki/moskva/vao/preobrazhenskoe/evopark-sokolniki/;2026-08-28
evopark-sokolniki;1;1;38.2;38.2;16000000;;16000000;;;;;;novostroev;https://novostroev.ru/novostroyki/moskva/vao/preobrazhenskoe/evopark-sokolniki/;2026-08-28
evopark-sokolniki;2;56;39.7;82.8;15200000;;32300000;;;;;;novostroev;https://novostroev.ru/novostroyki/moskva/vao/preobrazhenskoe/evopark-sokolniki/;2026-08-28
evopark-sokolniki;3;19;48.2;91.7;18600000;;34800000;;;;;;novostroev;https://novostroev.ru/novostroyki/moskva/vao/preobrazhenskoe/evopark-sokolniki/;2026-08-28
evopark-sokolniki;4+;5;97.0;99.3;36500000;;37400000;;;;;;novostroev;https://novostroev.ru/novostroyki/moskva/vao/preobrazhenskoe/evopark-sokolniki/;2026-08-28
famous;1;17;39.2;57.7;29470560;35084000;57671150;39.2;35084000;3;ФЕЙМОС;Базовая отделка;застройщик;https://www.mr-group.ru/projects/famous/;2026-09-23
famous;2;23;59.7;85.0;38363220;45670500;69700000;59.7;45670500;3;ФЕЙМОС;Базовая отделка;застройщик;https://www.mr-group.ru/projects/famous/;2026-09-23
famous;3;18;82.4;107.7;51704352;61552800;102848550;82.4;61552800;5;ФЕЙМОС;Базовая отделка;застройщик;https://www.mr-group.ru/projects/famous/;2026-09-23
fantom;1;;83.1;92.5;154500000;;162000000;;;;;;novostroev;https://novostroev.ru/novostroyki/moskva/cao/meshchanskiy/phantom/;2026-08-12
fantom;2;;110.0;162.3;186300000;;307000000;;;;;;novostroev;https://novostroev.ru/novostroyki/moskva/cao/meshchanskiy/phantom/;2026-08-12
fantom;3;;169.0;227.8;298800000;;471500000;;;;;;novostroev;https://novostroev.ru/novostroyki/moskva/cao/meshchanskiy/phantom/;2026-08-12
fantom;4+;;225.2;250.1;389600000;;517700000;;;;;;novostroev;https://novostroev.ru/novostroyki/moskva/cao/meshchanskiy/phantom/;2026-08-12
fantom;4+;;279.6;;609500000;;;;;;;;novostroev;https://novostroev.ru/novostroyki/moskva/cao/meshchanskiy/phantom/;2026-08-12
festival-park-2;студия;;22.3;29.6;13100000;;17700000;;;;;;novostroev;https://novostroev.ru/novostroyki/moskva/sao/levoberezhnyy/festival-park/;2026-09-17
festival-park-2;1;;36.0;36.0;19900000;;19900000;;;;;;novostroev;https://novostroev.ru/novostroyki/moskva/sao/levoberezhnyy/festival-park/;2026-09-17
festival-park-2;2;;39.9;65.3;20300000;;35400000;;;;;;novostroev;https://novostroev.ru/novostroyki/moskva/sao/levoberezhnyy/festival-park/;2026-09-17
festival-park-2;3;;65.6;89.8;29000000;;50200000;;;;;;novostroev;https://novostroev.ru/novostroyki/moskva/sao/levoberezhnyy/festival-park/;2026-09-17
festival-park-2;4+;;90.7;132.0;35000000;;64700000;;;;;;novostroev;https://novostroev.ru/novostroyki/moskva/sao/levoberezhnyy/festival-park/;2026-09-17
five-towers;1;;38.0;49.0;24700000;;35600000;;;;;;novostroev;https://novostroev.ru/novostroyki/moskva/uao/donskoy/five-towers/;2026-08-21
five-towers;2;;59.9;81.3;33700000;;51900000;;;;;;novostroev;https://novostroev.ru/novostroyki/moskva/uao/donskoy/five-towers/;2026-08-21
five-towers;3;;87.3;108.5;51100000;;66000000;;;;;;novostroev;https://novostroev.ru/novostroyki/moskva/uao/donskoy/five-towers/;2026-08-21
fiztekhsiti;студия;;26.1;27.8;7800000;;11500000;;;;;;novostroev;https://novostroev.ru/novostroyki/moskva/svao/severnyy-rn/fiztekhsiti/;2026-09-17
fiztekhsiti;2;;43.0;64.9;10800000;;18100000;;;;;;novostroev;https://novostroev.ru/novostroyki/moskva/svao/severnyy-rn/fiztekhsiti/;2026-09-17
fiztekhsiti;3;;67.2;105.2;17200000;;30600000;;;;;;novostroev;https://novostroev.ru/novostroyki/moskva/svao/severnyy-rn/fiztekhsiti/;2026-09-17
fiztekhsiti;4+;;171.7;;43100000;;;;;;;;novostroev;https://novostroev.ru/novostroyki/moskva/svao/severnyy-rn/fiztekhsiti/;2026-09-17
fon-dessin;1;2;78.7;78.8;181050000;;196320000;78.7;181050000;2;;;застройщик;https://www.sminex.com/podbor-nedvizhimosti;2026-09-23
fon-dessin;2;5;113.5;124.5;161800000;;337350000;113.5;161800000;1;;;застройщик;https://www.sminex.com/podbor-nedvizhimosti;2026-09-23
fon-dessin;3;3;141.2;171.3;416550000;;426470000;171.3;416550000;3;;;застройщик;https://www.sminex.com/podbor-nedvizhimosti;2026-09-23
fon-dessin;4+;5;177.6;394.0;466090000;;1651280000;178.8;466090000;4;;;застройщик;https://www.sminex.com/podbor-nedvizhimosti;2026-09-23
forum;1;2;73.4;73.5;153773000;;158686500;73.4;153773000;8;Форум;С отделкой;застройщик;https://www.mr-group.ru/projects/forum/;2026-09-23
forum;2;8;86.1;123.4;169703100;;274415400;86.1;169703100;8;Форум;С отделкой;застройщик;https://www.mr-group.ru/projects/forum/;2026-09-23
forum;3;5;148.4;175.9;318169600;;453802900;148.4;318169600;7;Форум;С отделкой;застройщик;https://www.mr-group.ru/projects/forum/;2026-09-23
frunzenskiy;1;21;58.4;88.7;159200000;;274030000;67.2;159200000;2;D2;;застройщик;https://www.sminex.com/podbor-nedvizhimosti;2026-09-23
frunzenskiy;2;27;89.9;176.9;287940000;;610780000;90.4;287940000;8;D2;;застройщик;https://www.sminex.com/podbor-nedvizhimosti;2026-09-23
frunzenskiy;3;53;125.0;211.4;319950000;;1273700000;125.0;319950000;4;D2;;застройщик;https://www.sminex.com/podbor-nedvizhimosti;2026-09-23
frunzenskiy;4+;55;181.9;527.8;475670000;;3172870000;190.6;475670000;5;D2;;застройщик;https://www.sminex.com/podbor-nedvizhimosti;2026-09-23
full-house;1;;79.9;79.9;41500000;;41500000;;;;;;novostroev;https://novostroev.ru/novostroyki/moskva/zao/troparyevo-nikulino/full-house/;2026-09-18
full-house;2;;75.0;115.6;43000000;;60100000;;;;;;novostroev;https://novostroev.ru/novostroyki/moskva/zao/troparyevo-nikulino/full-house/;2026-09-18
full-house;3;;104.4;104.6;56000000;;58500000;;;;;;novostroev;https://novostroev.ru/novostroyki/moskva/zao/troparyevo-nikulino/full-house/;2026-09-18
full-house;4+;;186.7;186.7;108300000;;108300000;;;;;;novostroev;https://novostroev.ru/novostroyki/moskva/zao/troparyevo-nikulino/full-house/;2026-09-18
gloraks-premium-belorusskaya;студия;;31.4;35.5;21300000;;23900000;;;;;;novostroev;https://novostroev.ru/novostroyki/moskva/sao/begovoy/glorax-aura-belorusskaya/;2026-09-18
gloraks-premium-belorusskaya;1;;53.1;53.1;31900000;;35000000;;;;;;novostroev;https://novostroev.ru/novostroyki/moskva/sao/begovoy/glorax-aura-belorusskaya/;2026-09-18
gloraks-premium-belorusskaya;2;;68.0;97.0;41400000;;59700000;;;;;;novostroev;https://novostroev.ru/novostroyki/moskva/sao/begovoy/glorax-aura-belorusskaya/;2026-09-18
gloraks-premium-belorusskaya;3;;91.1;96.5;47600000;;62700000;;;;;;novostroev;https://novostroev.ru/novostroyki/moskva/sao/begovoy/glorax-aura-belorusskaya/;2026-09-18
gorki-8;дом;8;270.0;1700.0;300000000;;880000000;780.0;300000000;;лот hs1101048, участок 30 сот.;без отделки;NF Group (kf.expert), вторичка;https://kf.expert/zagorod/poselki/gorki-8-sl11010;2026-09-23
gorki-8;участок;3;;;320000000;;700000000;;320000000;;лот ls9922672, 32 сот.;;NF Group (kf.expert), вторичка;https://kf.expert/zagorod/poselki/gorki-8-sl11010;2026-09-23
gorodskaya-usadba-v-orlovo-davydovskom;дом;1;4703.4;4703.4;;;;;;;;;застройщик;https://gorodskaya-usadba.ru/;2026-09-23
grafika-na-vode;1;42;29.5;60.1;14414288;17366612;27458748;29.5;17366612;11;корп. 5;без отделки;застройщик;https://samolet.ru/flats/?free=1&place=true&place_project=69106;2026-09-23
grafika-na-vode;2;45;49.4;94.0;20258761;24408145;36900356;49.4;24408145;9;корп. 5;без отделки;застройщик;https://samolet.ru/flats/?free=1&place=true&place_project=69106;2026-09-23
grafika-na-vode;3;7;88.4;97.2;30795945;37103548;42129486;88.4;37103548;6;корп. 5;без отделки;застройщик;https://samolet.ru/flats/?free=1&place=true&place_project=69106;2026-09-23
grand-fili;1;;39.2;57.7;28100000;;45300000;;;;;;novostroev;https://novostroev.ru/novostroyki/moskva/zao/filyevskiy-park/grand-fili/;2026-09-18
grand-fili;2;;55.4;93.6;39200000;;70100000;;;;;;novostroev;https://novostroev.ru/novostroyki/moskva/zao/filyevskiy-park/grand-fili/;2026-09-18
grand-fili;3;;79.0;108.8;61200000;;82100000;;;;;;novostroev;https://novostroev.ru/novostroyki/moskva/zao/filyevskiy-park/grand-fili/;2026-09-18
grand-fili;4+;;127.2;127.2;96600000;;96600000;;;;;;novostroev;https://novostroev.ru/novostroyki/moskva/zao/filyevskiy-park/grand-fili/;2026-09-18
granel-prityazhenie-siti;студия;;29.6;30.6;7800000;;8100000;29.6;7800000;;;;застройщик;https://granelle.ru/objects/prityazhenie-city/;2026-09-23
granel-prityazhenie-siti;1;;37.0;37.4;9200000;;9300000;37.0;9200000;;;;застройщик;https://granelle.ru/objects/prityazhenie-city/;2026-09-23
granel-prityazhenie-siti;2;;51.4;51.4;11900000;;12000000;51.4;11900000;;;;застройщик;https://granelle.ru/objects/prityazhenie-city/;2026-09-23
headliner;3;;81.8;112.8;39700000;;48600000;;;;;;novostroev;https://novostroev.ru/novostroyki/moskva/cao/presnenskiy/tsentr-siti/;2026-09-17
hide;студия;2;32.2;35.2;19562030;;22008928;32.2;19562030;6;;предчистовая;novostroev;https://novostroev.ru/flats/moskva/zao/ramenki/f94341/;2026-09-18
hide;1;37;36.5;67.5;23132371;;41715225;38.4;23132371;3;;предчистовая;novostroev;https://novostroev.ru/flats/moskva/zao/ramenki/f94279/;2026-09-18
hide;2;41;60.4;76.7;33352428;;49541478;61.0;33352428;3;;предчистовая;novostroev;https://novostroev.ru/flats/moskva/zao/ramenki/f94281/;2026-09-18
hide;3;2;91.2;95.8;62301683;;65756511;91.2;62301683;33;;предчистовая;novostroev;https://novostroev.ru/flats/moskva/zao/ramenki/f159378/;2026-09-18
ilinka-3-8;1;11;47.6;82.9;111960000;;223500000;47.6;111960000;2;Птица Сирин;;застройщик;https://www.sminex.com/podbor-nedvizhimosti;2026-09-23
ilinka-3-8;2;7;76.6;91.5;165530000;;293660000;76.6;165530000;1;Грифон;;застройщик;https://www.sminex.com/podbor-nedvizhimosti;2026-09-23
ilinka-3-8;3;7;112.4;214.0;258620000;;625010000;112.4;258620000;3;Птица Сирин;;застройщик;https://www.sminex.com/podbor-nedvizhimosti;2026-09-23
ilinka-3-8;4+;3;200.7;273.6;484040000;;1009780000;200.7;484040000;3;Птица Сирин;;застройщик;https://www.sminex.com/podbor-nedvizhimosti;2026-09-23
ilinskie-dachi;таунхаус;3;350.0;430.0;149000000;;160000000;430.0;149000000;;лот 159503, участок 5 сот.;;Kalinka, вторичка;https://www.kalinka-realty.ru/zagorod/elitnye-poselki/ilinskie-dachi/;2026-09-23
ilinskie-dachi;дом;;703.0;3100.0;297000000;;2500000000;703.0;297000000;;NF Group лот hs1102903, участок 15 сот.;без отделки;NF Group + Kalinka, вторичка;https://kf.expert/zagorod/poselki/ilinskie-dachi-sl11029;2026-09-23
ilinskie-dachi;участок;;;;305000000;;1321979688;;305000000;;NF Group лот ls9916762, 25 сот.;;NF Group + Kalinka, вторичка;https://kf.expert/zagorod/poselki/ilinskie-dachi-sl11029;2026-09-23
ilinskoe-pole;дом;1;2000.0;2000.0;1800000000;;1800000000;2000.0;1800000000;;;;брокер (Kalinka Realty);https://www.kalinka-realty.ru/zagorod/elitnye-poselki/ilinskoe-pole/;2026-09-23
ilove;3;1;156.9;156.9;69789120;;69789120;156.9;69789120;10;;;novostroev;https://novostroev.ru/novostroyki/moskva/svao/ostankinskiy/na-meste-zavoda-kalibr/;2026-09-11
indivo;студия;8;22.9;25.3;17034605;19357506;20368719;22.9;19357506;2;Корпус 4.1;White Box;застройщик;https://forma.ru/market/projects/indivo;2026-09-23
indivo;1;23;31.0;59.4;22877983;24349965;36286768;33.9;24349965;10;Корпус 5;White Box;застройщик;https://forma.ru/market/projects/indivo;2026-09-23
indivo;2;30;52.9;73.2;27589478;31351680;42898726;54.4;31351680;2;Корпус 4.2;Без отделки;застройщик;https://forma.ru/market/projects/indivo;2026-09-23
indivo;3;11;83.2;97.6;40178195;45657040;51548672;93.0;45657040;4;Корпус 4.1;Без отделки;застройщик;https://forma.ru/market/projects/indivo;2026-09-23
indy-towers;студия;;21.2;36.9;19000000;;34500000;;;;;;novostroev;https://novostroev.ru/novostroyki/moskva/sao/khoroshyevskiy/indy-towers-kuusinena-21/;2026-08-26
indy-towers;1;;32.0;74.9;23000000;;68800000;;;;;;novostroev;https://novostroev.ru/novostroyki/moskva/sao/khoroshyevskiy/indy-towers-kuusinena-21/;2026-08-26
indy-towers;2;;50.0;97.2;30500000;;101500000;;;;;;novostroev;https://novostroev.ru/novostroyki/moskva/sao/khoroshyevskiy/indy-towers-kuusinena-21/;2026-08-26
indy-towers;3;;65.0;118.6;35900000;;99300000;;;;;;novostroev;https://novostroev.ru/novostroyki/moskva/sao/khoroshyevskiy/indy-towers-kuusinena-21/;2026-08-26
indy-towers;4+;;95.4;98.1;55800000;;61800000;;;;;;novostroev;https://novostroev.ru/novostroyki/moskva/sao/khoroshyevskiy/indy-towers-kuusinena-21/;2026-08-26
indzhoy;1;60;25.0;62.5;19400000;;37000000;;;;;;novostroev;https://novostroev.ru/novostroyki/moskva/sao/voykovskiy/zhk-vibe/;2026-09-19
indzhoy;2;150;40.3;91.5;22800000;;46200000;;;;;;novostroev;https://novostroev.ru/novostroyki/moskva/sao/voykovskiy/zhk-vibe/;2026-09-19
indzhoy;3;106;61.4;83.4;30100000;;52400000;;;;;;novostroev;https://novostroev.ru/novostroyki/moskva/sao/voykovskiy/zhk-vibe/;2026-09-19
indzhoy;4+;19;86.6;145.7;44900000;;102400000;;;;;;novostroev;https://novostroev.ru/novostroyki/moskva/sao/voykovskiy/zhk-vibe/;2026-09-19
innovator;2;;40.2;45.7;26300000;;28000000;;;;;;novostroev;https://novostroev.ru/novostroyki/moskva/zao/ramenki/innovator/;2026-09-09
innovator;3;;69.0;99.8;37100000;;52200000;;;;;;novostroev;https://novostroev.ru/novostroyki/moskva/zao/ramenki/innovator/;2026-09-09
insayder;студия;;29.3;34.7;14776460;;24600000;29.3;14776460;6;корпус 1;;застройщик;https://insiderhome.ru/apartments;2026-09-23
insayder;1;;36.6;79.0;20314129;;39100000;44.0;20314129;8;корпус 2;;застройщик;https://insiderhome.ru/apartments;2026-09-23
insayder;2;;56.5;145.8;26848774;;73100000;60.5;26848774;;;;застройщик;https://insiderhome.ru/;2026-09-23
insayder;3;;69.7;134.7;32300000;;71200000;;;;;;novostroev;https://novostroev.ru/novostroyki/moskva/uao/danilovskiy/insider/;2026-09-20
intelligent;студия;;27.9;27.9;18300000;;18300000;;;;;;novostroev;https://novostroev.ru/novostroyki/moskva/cao/basmannyy/intelligent/;2026-09-17
intelligent;2;;37.0;53.3;23100000;;29200000;;;;;;novostroev;https://novostroev.ru/novostroyki/moskva/cao/basmannyy/intelligent/;2026-09-17
intelligent;3;;57.0;83.7;27800000;;39700000;;;;;;novostroev;https://novostroev.ru/novostroyki/moskva/cao/basmannyy/intelligent/;2026-09-17
intelligent;4+;;92.1;97.7;47700000;;54400000;;;;;;novostroev;https://novostroev.ru/novostroyki/moskva/cao/basmannyy/intelligent/;2026-09-17
intonatsiya;1;15;47.6;50.7;23940332;;29373960;48.1;23940332;12;;;novostroev;https://novostroev.ru/novostroyki/moskva/szao/shchukino/intonatsiya/flats/;2026-09-17
intonatsiya;2;36;66.8;75.0;32292000;;41688000;75.0;32292000;11;;;novostroev;https://novostroev.ru/novostroyki/moskva/szao/shchukino/intonatsiya/flats/;2026-09-17
intonatsiya;3;22;98.1;102.8;43219300;;61474400;98.9;43219300;17;;;novostroev;https://novostroev.ru/novostroyki/moskva/szao/shchukino/intonatsiya/flats/;2026-09-17
intonatsiya;4+;8;122.2;129.7;64963868;;80163200;124.1;64963868;18;;;novostroev;https://novostroev.ru/novostroyki/moskva/szao/shchukino/intonatsiya/flats/;2026-09-17
jois;студия;16;22.1;37.5;19832525;20301918;27723641;26.8;20301918;17;Анна;Базовая отделка;застройщик;https://www.mr-group.ru/projects/zhk-jois/;2026-09-23
jois;1;57;34.5;75.0;24162507;27979868;56242150;37.0;27979868;30;Анна;Базовая отделка;застройщик;https://www.mr-group.ru/projects/zhk-jois/;2026-09-23
jois;2;92;58.1;127.7;36330013;39313104;137565210;61.0;39313104;33;Анна;Базовая отделка;застройщик;https://www.mr-group.ru/projects/zhk-jois/;2026-09-23
jois;3;31;82.1;174.7;53033710;60469119;144090604;84.1;60469119;2;Лео;Без отделки;застройщик;https://www.mr-group.ru/projects/zhk-jois/;2026-09-23
jois;4+;2;146.5;197.4;168225950;;206044982;146.5;168225950;55;Анна;Без отделки;застройщик;https://www.mr-group.ru/projects/zhk-jois/;2026-09-23
kavkazskiy-bulvar-51;студия;4;28.1;29.6;14868080;;15553980;29.6;14868080;8;Корпус 3.5;;cian (фид ПИК);https://www.cian.ru/sale/flat/321483071/;2026-09-23
kavkazskiy-bulvar-51;1;76;31.2;45.4;16384200;;20602520;32.9;16384200;22;Корпус 3.5;;cian (фид ПИК);https://www.cian.ru/sale/flat/327245892/;2026-09-23
kavkazskiy-bulvar-51;2;81;46.4;79.6;19928040;;32583680;48.7;19928040;2;Корпус 3.7;;cian (фид ПИК);https://www.cian.ru/sale/flat/322631230/;2026-09-23
kavkazskiy-bulvar-51;3;27;56.2;88.6;23525320;;39911490;56.2;23525320;15;Корпус 3.3;чистовая;cian (фид ПИК);https://www.cian.ru/sale/flat/325495006/;2026-09-23
kazachiy;1;9;62.7;99.9;138817800;;264467200;62.7;138817800;3;Казачий;Без отделки;застройщик;https://www.mr-group.ru/projects/klubnyy-dom-delyuks-klassa-v-zamoskvoreche/;2026-09-23
kazachiy;2;15;108.2;182.5;212288400;;407705000;108.2;212288400;3;Казачий;Без отделки;застройщик;https://www.mr-group.ru/projects/klubnyy-dom-delyuks-klassa-v-zamoskvoreche/;2026-09-23
kazachiy;3;4;172.8;201.3;381195000;;477684900;193.5;381195000;2;Казачий;Без отделки;застройщик;https://www.mr-group.ru/projects/klubnyy-dom-delyuks-klassa-v-zamoskvoreche/;2026-09-23
khamovniki-12;1;;101.0;112.0;;;;;;;;;novostroev;https://novostroev.ru/novostroyki/moskva/cao/khamovniki/khamovniki-12/;2026-09-09
khamovniki-12;2;;147.0;147.0;;;;;;;;;novostroev;https://novostroev.ru/novostroyki/moskva/cao/khamovniki/khamovniki-12/;2026-09-09
khay-layf;1;;23.9;38.4;28400000;;41600000;;;;;;novostroev;https://novostroev.ru/novostroyki/moskva/uao/danilovskiy/high-life-khay-layf/;2026-09-07
khay-layf;2;;35.4;65.9;42900000;;73400000;;;;;;novostroev;https://novostroev.ru/novostroyki/moskva/uao/danilovskiy/high-life-khay-layf/;2026-09-07
khay-layf;3;;67.3;164.4;62000000;;166400000;;;;;;novostroev;https://novostroev.ru/novostroyki/moskva/uao/danilovskiy/high-life-khay-layf/;2026-09-07
khay-layf;4+;;103.9;321.4;78900000;;298300000;;;;;;novostroev;https://novostroev.ru/novostroyki/moskva/uao/danilovskiy/high-life-khay-layf/;2026-09-07
khaydaut;1;;35.2;56.8;28500000;;42400000;;;;;;novostroev;https://novostroev.ru/novostroyki/moskva/zao/ramenki/hideout-khaydaut/;2026-09-18
khaydaut;2;;67.3;71.5;45200000;;51600000;;;;;;novostroev;https://novostroev.ru/novostroyki/moskva/zao/ramenki/hideout-khaydaut/;2026-09-18
khaydaut;3;;90.0;129.1;70500000;;104700000;;;;;;novostroev;https://novostroev.ru/novostroyki/moskva/zao/ramenki/hideout-khaydaut/;2026-09-18
khaydaut;4+;;143.4;;116900000;;;;;;;;novostroev;https://novostroev.ru/novostroyki/moskva/zao/ramenki/hideout-khaydaut/;2026-09-18
king-end-sans;1;;57.1;60.1;68100000;;71600000;;;;;;novostroev;https://novostroev.ru/novostroyki/moskva/zao/ramenki/king-sons/;2026-09-18
king-end-sans;2;;77.9;85.7;85700000;;99900000;;;;;;novostroev;https://novostroev.ru/novostroyki/moskva/zao/ramenki/king-sons/;2026-09-18
klimashkina-7-11;1;5;50.2;79.5;116464000;;162975000;50.2;116464000;2;Климашкина 7/11;Без отделки;застройщик;https://www.mr-group.ru/projects/klimashkina/;2026-09-23
klimashkina-7-11;2;7;109.9;154.7;255627400;;316971200;109.9;255627400;6;Климашкина 7/11;Без отделки;застройщик;https://www.mr-group.ru/projects/klimashkina/;2026-09-23
klimashkina-7-11;3;5;140.4;166.2;282541000;;415998600;156.1;282541000;2;Климашкина 7/11;Без отделки;застройщик;https://www.mr-group.ru/projects/klimashkina/;2026-09-23
klubnyy-dom-tochka-otscheta;1;;48.8;68.2;27000000;;35600000;;;;;;novostroev;https://novostroev.ru/novostroyki/moskovskaya-oblast/odintsovskiy-rn/tochka-otscheta/;2026-09-18
klubnyy-dom-tochka-otscheta;2;;61.8;77.1;31600000;;38400000;;;;;;novostroev;https://novostroev.ru/novostroyki/moskovskaya-oblast/odintsovskiy-rn/tochka-otscheta/;2026-09-18
klubnyy-dom-tochka-otscheta;3;;71.0;108.5;34700000;;52500000;;;;;;novostroev;https://novostroev.ru/novostroyki/moskovskaya-oblast/odintsovskiy-rn/tochka-otscheta/;2026-09-18
kod-sokolniki;студия;;28.3;33.4;18500000;;22500000;;;;;;novostroev;https://novostroev.ru/novostroyki/moskva/vao/sokolniki/kod-sokolniki/;2026-09-18
kod-sokolniki;1;;34.8;45.4;20100000;;29900000;;;;;;novostroev;https://novostroev.ru/novostroyki/moskva/vao/sokolniki/kod-sokolniki/;2026-09-18
kod-sokolniki;2;;59.1;78.0;31900000;;41100000;;;;;;novostroev;https://novostroev.ru/novostroyki/moskva/vao/sokolniki/kod-sokolniki/;2026-09-18
kod-sokolniki;3;;80.9;118.2;42500000;;67300000;;;;;;novostroev;https://novostroev.ru/novostroyki/moskva/vao/sokolniki/kod-sokolniki/;2026-09-18
kollektsiya-luzhniki;1;17;49.7;75.0;71619000;;138500000;49.7;71619000;2;12-эт. корпус, срок 4 кв. 2027;;novostroev;https://novostroev.ru/novostroyki/moskva/cao/khamovniki/luzhniki-collection-kollektsiya-luzhniki/1-komnatnye/;2026-09-15
kollektsiya-luzhniki;2;48;66.2;123.5;109300000;;344100000;;;;;;novostroev;https://novostroev.ru/novostroyki/moskva/cao/khamovniki/luzhniki-collection-kollektsiya-luzhniki/;2026-09-15
kollektsiya-luzhniki;3;54;117.6;161.6;171000000;;436079000;;;;;;novostroev;https://novostroev.ru/novostroyki/moskva/cao/khamovniki/luzhniki-collection-kollektsiya-luzhniki/;2026-09-15
kollektsiya-luzhniki;4+;13;154.6;180.6;253927000;;552154000;155.9;253927000;14;17-эт. корпус, срок 4 кв. 2026;;novostroev;https://novostroev.ru/novostroyki/moskva/cao/khamovniki/luzhniki-collection-kollektsiya-luzhniki/4-komnatnye/;2026-09-15
kosmo-4-22;1;;47.0;69.0;82600000;;237700000;;;;;;novostroev;https://novostroev.ru/novostroyki/moskva/cao/zamoskvoreche/kosmo-4-22/;2026-09-05
kosmo-4-22;2;;73.6;138.9;184100000;;329400000;;;;;;novostroev;https://novostroev.ru/novostroyki/moskva/cao/zamoskvoreche/kosmo-4-22/;2026-09-05
kosmo-4-22;3;;134.3;174.7;247300000;;711900000;;;;;;novostroev;https://novostroev.ru/novostroyki/moskva/cao/zamoskvoreche/kosmo-4-22/;2026-09-05
kronshtadtskiy-9;студия;;21.1;30.8;13900000;;18600000;;;;;;novostroev;https://novostroev.ru/novostroyki/moskva/sao/golovinskiy/kronshtadtskiy-9/;2026-09-17
kronshtadtskiy-9;1;;33.0;54.8;17500000;;25300000;;;;;;novostroev;https://novostroev.ru/novostroyki/moskva/sao/golovinskiy/kronshtadtskiy-9/;2026-09-17
kronshtadtskiy-9;2;;46.6;71.0;21600000;;30100000;;;;;;novostroev;https://novostroev.ru/novostroyki/moskva/sao/golovinskiy/kronshtadtskiy-9/;2026-09-17
kronshtadtskiy-9;3;;67.8;93.4;30600000;;36300000;;;;;;novostroev;https://novostroev.ru/novostroyki/moskva/sao/golovinskiy/kronshtadtskiy-9/;2026-09-17
krylatskaya-33;студия;87;30.2;108.9;19600000;;103700000;;;;;;novostroev;https://novostroev.ru/novostroyki/moskva/zao/krylatskoe/krylatskaya-33/;2026-09-17
krylatskaya-33;1;118;48.5;66.8;27000000;;49300000;;;;;;novostroev;https://novostroev.ru/novostroyki/moskva/zao/krylatskoe/krylatskaya-33/;2026-09-17
krylatskaya-33;2;113;42.2;93.9;34100000;;97000000;;;;;;novostroev;https://novostroev.ru/novostroyki/moskva/zao/krylatskoe/krylatskaya-33/;2026-09-17
krylatskaya-33;3;47;64.4;125.1;48000000;;124900000;;;;;;novostroev;https://novostroev.ru/novostroyki/moskva/zao/krylatskoe/krylatskaya-33/;2026-09-17
krylatskaya-33;4+;12;110.7;388.2;60000000;;457400000;;;;;;novostroev;https://novostroev.ru/novostroyki/moskva/zao/krylatskoe/krylatskaya-33/;2026-09-17
kutuzov-grad;1;;56.7;56.7;27400000;;27400000;;;;;;novostroev;https://novostroev.ru/novostroyki/moskva/zao/mozhayskiy-rayon/kutuzovgrad/;2026-09-17
kutuzov-grad;2;;63.3;99.5;28200000;;35700000;;;;;;novostroev;https://novostroev.ru/novostroyki/moskva/zao/mozhayskiy-rayon/kutuzovgrad/;2026-09-17
kutuzov-grad;3;;74.4;124.6;31000000;;44800000;;;;;;novostroev;https://novostroev.ru/novostroyki/moskva/zao/mozhayskiy-rayon/kutuzovgrad/;2026-09-17
kutuzov-grad;4+;;93.4;134.0;31300000;;48700000;;;;;;novostroev;https://novostroev.ru/novostroyki/moskva/zao/mozhayskiy-rayon/kutuzovgrad/;2026-09-17
kutuzov-siti;студия;;33.2;34.0;21200000;;27500000;;;;;;novostroev;https://novostroev.ru/novostroyki/moskva/zao/mozhayskiy-rayon/kutuzov-siti/;2026-09-23
kutuzov-siti;1;;37.0;47.8;25200000;;35700000;;;;;;novostroev;https://novostroev.ru/novostroyki/moskva/zao/mozhayskiy-rayon/kutuzov-siti/;2026-09-23
kutuzov-siti;2;;45.5;79.0;29700000;;52900000;;;;;;novostroev;https://novostroev.ru/novostroyki/moskva/zao/mozhayskiy-rayon/kutuzov-siti/;2026-09-23
kutuzov-siti;3;;68.1;123.9;48800000;;88700000;;;;;;novostroev;https://novostroev.ru/novostroyki/moskva/zao/mozhayskiy-rayon/kutuzov-siti/;2026-09-23
kutuzov-siti;4+;;196.6;;168600000;;;;;;;;novostroev;https://novostroev.ru/novostroyki/moskva/zao/mozhayskiy-rayon/kutuzov-siti/;2026-09-23
kvartal-foriver;1;12;42.0;56.3;32150000;;47580000;46.3;32150000;21;Sky Корпус 6;;застройщик;https://www.sminex.com/podbor-nedvizhimosti;2026-09-23
kvartal-foriver;2;12;73.7;112.4;56180000;;114370000;73.7;56180000;12;Line Корпус 3;;застройщик;https://www.sminex.com/podbor-nedvizhimosti;2026-09-23
kvartal-foriver;3;20;79.7;164.7;65160000;;141440000;124.8;65160000;2;Line Корпус 2;;застройщик;https://www.sminex.com/podbor-nedvizhimosti;2026-09-23
kvartal-foriver;4+;10;135.2;446.1;86120000;;307810000;135.2;86120000;18;Line Корпус 10;;застройщик;https://www.sminex.com/podbor-nedvizhimosti;2026-09-23
kvartal-mit;студия;25;28.0;30.4;12270485;;13985478;28.4;12270485;27;3.4;чистовая;cian (фид ПИК);https://www.cian.ru/sale/flat/333472656/;2026-09-23
kvartal-mit;1;49;32.0;42.9;15614760;;18416952;32.0;15614760;14;3.6;чистовая;cian (фид ПИК);https://www.cian.ru/sale/flat/333472590/;2026-09-23
kvartal-mit;2;143;45.1;79.1;18245588;;28752208;45.1;18245588;31;3.4;чистовая;cian (фид ПИК);https://www.cian.ru/sale/flat/333472666/;2026-09-23
kvartal-mit;3;44;62.2;91.9;21712047;;33282615;62.2;21712047;7;3.1;чистовая;cian (фид ПИК);https://www.cian.ru/sale/flat/333472792/;2026-09-23
kvartal-mons;студия;39;23.8;44.1;14200000;;22800000;;;;;;novostroev;https://novostroev.ru/novostroyki/moskva/svao/butyrskiy/mons-ogorodnyy-proekt/;2026-09-17
kvartal-mons;1;30;44.9;85.5;22100000;;36800000;;;;;;novostroev;https://novostroev.ru/novostroyki/moskva/svao/butyrskiy/mons-ogorodnyy-proekt/;2026-09-17
kvartal-mons;2;118;60.9;118.0;27300000;;47500000;;;;;;novostroev;https://novostroev.ru/novostroyki/moskva/svao/butyrskiy/mons-ogorodnyy-proekt/;2026-09-17
kvartal-mons;3;25;84.0;132.5;33400000;;56900000;;;;;;novostroev;https://novostroev.ru/novostroyki/moskva/svao/butyrskiy/mons-ogorodnyy-proekt/;2026-09-17
kvartal-mons;4+;3;124.2;126.8;46300000;;50100000;;;;;;novostroev;https://novostroev.ru/novostroyki/moskva/svao/butyrskiy/mons-ogorodnyy-proekt/;2026-09-17
kvartal-serebryanyy-bor;студия;3;24.3;;23500000;;;;;;;;застройщик;https://stmichael.ru/projects/kvartal-serebryanyj-bor/;2026-09-23
kvartal-serebryanyy-bor;1;;31.0;49.6;22700000;;31100000;;;;;;novostroev;https://novostroev.ru/novostroyki/moskva/szao/khoroshyevo-mnyevniki/kvartal-serebryanyy-bor/;2026-09-12
kvartal-serebryanyy-bor;2;;50.0;87.7;30000000;;74400000;;;;;;novostroev;https://novostroev.ru/novostroyki/moskva/szao/khoroshyevo-mnyevniki/kvartal-serebryanyy-bor/;2026-09-12
kvartal-serebryanyy-bor;3;;81.0;116.2;50300000;;97400000;;;;;;novostroev;https://novostroev.ru/novostroyki/moskva/szao/khoroshyevo-mnyevniki/kvartal-serebryanyy-bor/;2026-09-12
kvartal-serebryanyy-bor;4+;;92.8;165.3;63600000;;148400000;;;;;;novostroev;https://novostroev.ru/novostroyki/moskva/szao/khoroshyevo-mnyevniki/kvartal-serebryanyy-bor/;2026-09-12
landshaft;дом;7;1000.0;3500.0;924208446;;2522862000;1300.0;924208446;;лот 107856, участок 25 сот.;;Kalinka, вторичка;https://www.kalinka-realty.ru/zagorod/elitnye-poselki/landshaft/;2026-09-23
landshaft;участок;5;;;252286200;;2600000000;;252286200;;лот 211221, 100 сот.;;Kalinka, вторичка;https://www.kalinka-realty.ru/zagorod/elitnye-poselki/landshaft/;2026-09-23
lavrushinskiy;1;4;66.4;74.9;193140000;;241100000;66.8;193140000;3;Центральный;;застройщик;https://www.sminex.com/podbor-nedvizhimosti;2026-09-23
lavrushinskiy;2;27;82.8;163.8;198980000;;933760000;88.2;198980000;4;Западный;;застройщик;https://www.sminex.com/podbor-nedvizhimosti;2026-09-23
lavrushinskiy;3;29;130.2;337.6;326140000;;2462730000;147.5;326140000;2;Восточный;;застройщик;https://www.sminex.com/podbor-nedvizhimosti;2026-09-23
lavrushinskiy;4+;37;203.6;979.5;530780000;;3872620000;204.8;530780000;4;Западный;;застройщик;https://www.sminex.com/podbor-nedvizhimosti;2026-09-23
layf-taym;1;48;54.8;104.9;69540000;;140940000;55.5;69540000;2;E;;застройщик;https://www.sminex.com/podbor-nedvizhimosti;2026-09-23
layf-taym;2;44;77.1;128.9;120070000;;237180000;105.2;120070000;2;A;;застройщик;https://www.sminex.com/podbor-nedvizhimosti;2026-09-23
layf-taym;3;66;107.5;214.5;145980000;;415330000;119.8;145980000;2;B;;застройщик;https://www.sminex.com/podbor-nedvizhimosti;2026-09-23
layf-taym;4+;55;148.4;509.9;178400000;;999860000;148.8;178400000;2;B;;застройщик;https://www.sminex.com/podbor-nedvizhimosti;2026-09-23
laym;1;;43.5;60.8;24500000;;28900000;;;;;;novostroev;https://novostroev.ru/novostroyki/moskva/svao/alekseevskiy/laym-staroalekseevskaya/;2026-09-18
laym;2;;60.0;78.3;26000000;;34300000;;;;;;novostroev;https://novostroev.ru/novostroyki/moskva/svao/alekseevskiy/laym-staroalekseevskaya/;2026-09-18
laym;3;;92.0;140.6;40900000;;56900000;;;;;;novostroev;https://novostroev.ru/novostroyki/moskva/svao/alekseevskiy/laym-staroalekseevskaya/;2026-09-18
laym;4+;;136.7;152.7;52200000;;59400000;;;;;;novostroev;https://novostroev.ru/novostroyki/moskva/svao/alekseevskiy/laym-staroalekseevskaya/;2026-09-18
le-dom;1;1;126.8;126.8;467192951;;467192951;126.8;467192951;2;Парадный корпус;без отделки;cian (фид Группы ЛСР);https://www.cian.ru/sale/flat/333564427/;2026-09-22
le-dom;2;1;153.8;153.8;696013441;;696013441;153.8;696013441;3;Парадный корпус;без отделки;cian (фид Группы ЛСР);https://www.cian.ru/sale/flat/333564434/;2026-09-22
le-dom;3;3;213.2;398.7;754072366;;1106710966;217.9;754072366;2;Парадный корпус;без отделки;cian (фид Группы ЛСР);https://www.cian.ru/sale/flat/333564432/;2026-09-22
le-dom;4+;4;403.0;2371.0;2574712192;;9436581085;403.0;2574712192;3;Парадный корпус;без отделки;cian (фид Группы ЛСР);https://www.cian.ru/sale/flat/333564417/;2026-09-22
legasi;2;6;44.4;71.6;37128688;;59661344;53.1;37128688;2;секц. 4;;застройщик;https://tashir-estate.ru/projects/legacy/filter;2026-09-23
legasi;3;14;77.0;127.0;53376708;;117767100;77.0;53376708;2;секц. 1;;застройщик;https://tashir-estate.ru/projects/legacy/filter;2026-09-23
legasi;4+;11;103.7;200.5;72062500;;234600649;115.3;72062500;2;секц. 4;;застройщик;https://tashir-estate.ru/projects/legacy/filter;2026-09-23
level-akademicheskaya;студия;;17.9;25.3;16700000;;19900000;;;;;;novostroev;https://novostroev.ru/novostroyki/moskva/uzao/akademicheskiy/level-akademicheskaya/;2026-09-02
level-akademicheskaya;2;;38.1;63.7;27300000;;50100000;;;;;;novostroev;https://novostroev.ru/novostroyki/moskva/uzao/akademicheskiy/level-akademicheskaya/;2026-09-02
level-akademicheskaya;3;;64.2;93.9;56900000;;77900000;;;;;;novostroev;https://novostroev.ru/novostroyki/moskva/uzao/akademicheskiy/level-akademicheskaya/;2026-09-02
level-akademicheskaya;4+;;100.3;143.1;58400000;;188200000;;;;;;novostroev;https://novostroev.ru/novostroyki/moskva/uzao/akademicheskiy/level-akademicheskaya/;2026-09-02
level-baumanskaya;4+;3;125.2;185.5;49069689;;80598522;125.2;49069689;1-2 (двухэтажный);корпус C;Premium;застройщик;https://level.ru/projects/baumanskaya/;2026-09-23
level-michurinskiy;студия;;18.4;28.3;14900000;;17800000;;;;;;novostroev;https://novostroev.ru/novostroyki/moskva/zao/ochakovo-matveevskoe/level-michurinskiy/;2026-09-17
level-michurinskiy;1;;29.3;40.7;18800000;;23500000;;;;;;novostroev;https://novostroev.ru/novostroyki/moskva/zao/ochakovo-matveevskoe/level-michurinskiy/;2026-09-17
level-michurinskiy;2;;34.6;57.4;19400000;;36300000;;;;;;novostroev;https://novostroev.ru/novostroyki/moskva/zao/ochakovo-matveevskoe/level-michurinskiy/;2026-09-17
level-michurinskiy;3;;53.0;81.1;27700000;;45700000;;;;;;novostroev;https://novostroev.ru/novostroyki/moskva/zao/ochakovo-matveevskoe/level-michurinskiy/;2026-09-17
level-michurinskiy;4+;;72.6;248.4;43900000;;151900000;;;;;;novostroev;https://novostroev.ru/novostroyki/moskva/zao/ochakovo-matveevskoe/level-michurinskiy/;2026-09-17
level-paveletskaya-siti;студия;;;;18771643;;;29.0;18771643;2;корпус 10;;застройщик;https://level.ru/projects/paveletskaya-city/;2026-09-23
level-paveletskaya-siti;1;;;;23852499;;;31.1;23852499;10;корпус 15;;застройщик;https://level.ru/projects/paveletskaya-city/;2026-09-23
level-paveletskaya-siti;2;;;;27298981;;;41.5;27298981;22;корпус 15;;застройщик;https://level.ru/projects/paveletskaya-city/;2026-09-23
level-paveletskaya-siti;3;;;;33186947;;;57.1;33186947;2;корпус 15;;застройщик;https://level.ru/projects/paveletskaya-city/;2026-09-23
level-paveletskaya-siti;4+;;83.6;;;;;;;;;;застройщик;https://level.ru/filter/?project=pav_city;2026-09-23
level-prichalnyy;студия;;23.2;23.2;19800000;;19800000;;;;;;novostroev;https://novostroev.ru/novostroyki/moskva/szao/khoroshyevo-mnyevniki/level-prichalnyy/;2026-09-18
level-prichalnyy;2;;67.0;67.0;44500000;;44500000;;;;;;novostroev;https://novostroev.ru/novostroyki/moskva/szao/khoroshyevo-mnyevniki/level-prichalnyy/;2026-09-18
level-prichalnyy;3;;71.7;71.7;48100000;;48100000;;;;;;novostroev;https://novostroev.ru/novostroyki/moskva/szao/khoroshyevo-mnyevniki/level-prichalnyy/;2026-09-18
level-prichalnyy;4+;;90.3;164.2;59300000;;136600000;;;;;;novostroev;https://novostroev.ru/novostroyki/moskva/szao/khoroshyevo-mnyevniki/level-prichalnyy/;2026-09-18
level-streshnevo;4+;;124.1;155.7;34000000;;46500000;124.1;34000000;;;;novostroev;https://novostroev.ru/novostroyki/moskva/szao/pokrovskoe-streshnevo/level-streshnevo/;2026-09-18
level-voykovskaya;студия;;28.4;29.9;17000000;;18000000;29.9;18023132;3;корпус 3;;novostroev;https://novostroev.ru/novostroyki/moskva/sao/voykovskiy/level-voykovskaya/;2026-09-15
level-voykovskaya;1;;40.9;50.1;20600000;;29600000;;;;;;novostroev;https://novostroev.ru/novostroyki/moskva/sao/voykovskiy/level-voykovskaya/;2026-09-15
level-voykovskaya;2;;62.1;72.3;27200000;;38300000;;;;;;novostroev;https://novostroev.ru/novostroyki/moskva/sao/voykovskiy/level-voykovskaya/;2026-09-15
level-voykovskaya;3;;87.3;94.0;34900000;;47500000;;;;;;novostroev;https://novostroev.ru/novostroyki/moskva/sao/voykovskiy/level-voykovskaya/;2026-09-15
level-voykovskaya;4+;;99.1;120.5;42400000;;48600000;;;;;;novostroev;https://novostroev.ru/novostroyki/moskva/sao/voykovskiy/level-voykovskaya/;2026-09-15
levenson;2;;173.3;192.2;;;;;;;;;novostroev;https://novostroev.ru/novostroyki/moskva/cao/presnenskiy/levenson/;2026-09-17
levenson;3;;265.0;350.2;;;;;;;;;novostroev;https://novostroev.ru/novostroyki/moskva/cao/presnenskiy/levenson/;2026-09-17
levenson;4+;;406.3;406.3;;;;;;;;;novostroev;https://novostroev.ru/novostroyki/moskva/cao/presnenskiy/levenson/;2026-09-17
levshinskiy-19;2;;70.0;;;;;;;;;;novostroev;https://novostroev.ru/novostroyki/moskva/cao/khamovniki/your-majesty/;2026-09-17
levshinskiy-19;3;;128.0;164.0;;;;;;;;;novostroev;https://novostroev.ru/novostroyki/moskva/cao/khamovniki/your-majesty/;2026-09-17
levshinskiy-19;4+;;153.0;239.0;;;;;;;;;novostroev;https://novostroev.ru/novostroyki/moskva/cao/khamovniki/your-majesty/;2026-09-17
life-varshavskaya;студия;1;25.5;25.5;19300000;;19300000;;;;;;novostroev;https://novostroev.ru/novostroyki/moskva/uao/moskvoreche-saburovo/tpu-varshavskaya/;2026-09-14
life-varshavskaya;1;7;37.7;39.9;25600000;;27400000;;;;;;novostroev;https://novostroev.ru/novostroyki/moskva/uao/moskvoreche-saburovo/tpu-varshavskaya/;2026-09-14
life-varshavskaya;2;6;42.1;70.9;24900000;;42100000;;;;;;novostroev;https://novostroev.ru/novostroyki/moskva/uao/moskvoreche-saburovo/tpu-varshavskaya/;2026-09-14
life-varshavskaya;3;7;65.1;81.2;32500000;;50482040;;;;;;novostroev;https://novostroev.ru/novostroyki/moskva/uao/moskvoreche-saburovo/tpu-varshavskaya/;2026-09-14
losinoostrovskiy-park;студия;2;28.1;30.7;15094926;;15214920;28.1;15094926;12;Корпус 2.3;без отделки;cian (фид ПИК);https://www.cian.ru/sale/flat/330194663/;2026-09-23
losinoostrovskiy-park;1;11;29.0;41.0;16347260;;19147000;30.2;16347260;13;Корпус 2.3;без отделки;cian (фид ПИК);https://www.cian.ru/sale/flat/333961374/;2026-09-23
losinoostrovskiy-park;2;9;46.7;72.7;20529320;;25241440;46.7;20529320;16;Корпус 2.3;без отделки;cian (фид ПИК);https://www.cian.ru/sale/flat/325920744/;2026-09-23
losinoostrovskiy-park;3;7;71.2;84.6;25660574;;31386600;75.8;25660574;14;Корпус 2.3;без отделки;cian (фид ПИК);https://www.cian.ru/sale/flat/333506028/;2026-09-23
luce;1;2;96.6;96.6;270452000;;284940500;96.6;270452000;3;Люче;Базовая отделка;застройщик;https://www.mr-group.ru/projects/klubnyy-dom-luce/;2026-09-23
luce;2;7;142.4;358.9;355950000;;2153700000;142.4;355950000;2;Люче;Базовая отделка;застройщик;https://www.mr-group.ru/projects/klubnyy-dom-luce/;2026-09-23
luce;3;15;194.0;302.6;496275000;;1210440000;198.5;496275000;2;Люче;Базовая отделка;застройщик;https://www.mr-group.ru/projects/klubnyy-dom-luce/;2026-09-23
luce;4+;4;262.8;766.9;788280000;;4601280000;262.8;788280000;5;Люче;Базовая отделка;застройщик;https://www.mr-group.ru/projects/klubnyy-dom-luce/;2026-09-23
lumin;1;;52.8;;56500000;;;;;;;;novostroev;https://novostroev.ru/novostroyki/moskva/cao/taganskiy/lumin/;2026-09-08
lumin;2;;111.5;;120600000;;;;;;;;novostroev;https://novostroev.ru/novostroyki/moskva/cao/taganskiy/lumin/;2026-09-08
lumin;4+;;213.4;;246500000;;;;;;;;novostroev;https://novostroev.ru/novostroyki/moskva/cao/taganskiy/lumin/;2026-09-08
lunar;студия;;31.6;33.6;25500000;;30800000;;;;;;novostroev;https://novostroev.ru/novostroyki/moskva/uzao/gagarinskiy/lunar/;2026-08-20
lunar;1;;41.7;51.1;32100000;;50000000;;;;;;novostroev;https://novostroev.ru/novostroyki/moskva/uzao/gagarinskiy/lunar/;2026-08-20
lunar;2;;82.7;112.6;68000000;;104100000;;;;;;novostroev;https://novostroev.ru/novostroyki/moskva/uzao/gagarinskiy/lunar/;2026-08-20
lunar;3;;137.0;163.9;125700000;;198300000;;;;;;novostroev;https://novostroev.ru/novostroyki/moskva/uzao/gagarinskiy/lunar/;2026-08-20
lunar;4+;;231.4;;312400000;;;;;;;;novostroev;https://novostroev.ru/novostroyki/moskva/uzao/gagarinskiy/lunar/;2026-08-20
mainstreet;3;1;162.9;162.9;38533995;;38533995;162.9;38533995;10;10/15 эт.;;novostroev;https://novostroev.ru/novostroyki/moskva/zao/fili-davydkovo/mainstreet-meynstrit/;2026-09-17
mainstreet;4+;2;110.9;123.3;38118195;;38260500;123.3;38118195;21;21/29 эт.;;novostroev;https://novostroev.ru/novostroyki/moskva/zao/fili-davydkovo/mainstreet-meynstrit/;2026-09-17
mangazeya-na-rechnom;студия;9;28.5;29.4;22600000;;23300000;;;;;;novostroev;https://novostroev.ru/novostroyki/moskva/sao/levoberezhnyy/mangazeya-na-rechnom/;2026-08-26
mangazeya-na-rechnom;1;40;38.5;69.0;28100000;;39600000;;;;;;novostroev;https://novostroev.ru/novostroyki/moskva/sao/levoberezhnyy/mangazeya-na-rechnom/;2026-08-26
mangazeya-na-rechnom;2;19;56.5;74.4;40400000;;47000000;;;;;;novostroev;https://novostroev.ru/novostroyki/moskva/sao/levoberezhnyy/mangazeya-na-rechnom/;2026-08-26
mangazeya-na-rechnom;3;6;91.4;93.6;57600000;;59900000;91.4;57648240;;;без отделки;novostroev;https://novostroev.ru/novostroyki/moskva/sao/levoberezhnyy/mangazeya-na-rechnom/;2026-08-26
mariinn-park;1;;40.7;49.7;28700000;;42558748;43.5;30239351;;;;novostroev;https://novostroev.ru/novostroyki/moskva/svao/marina-roshcha/oktyabrskaya/;2026-09-18
mariinn-park;2;;66.4;77.1;33800000;;56000000;69.3;45590908;;;;novostroev;https://novostroev.ru/novostroyki/moskva/svao/marina-roshcha/oktyabrskaya/;2026-09-18
mariinn-park;3;;89.3;110.2;49000000;;63100000;;;;;;novostroev;https://novostroev.ru/novostroyki/moskva/svao/marina-roshcha/oktyabrskaya/;2026-09-18
mariinn-park;4+;;118.3;141.1;65600000;;79000000;;;;;;novostroev;https://novostroev.ru/novostroyki/moskva/svao/marina-roshcha/oktyabrskaya/;2026-09-18
mark;студия;;28.2;32.0;15600000;;19700000;;;;;;novostroev;https://novostroev.ru/novostroyki/moskva/uao/danilovskiy/mark/;2026-08-22
mark;1;;35.0;45.5;19000000;;24600000;;;;;;novostroev;https://novostroev.ru/novostroyki/moskva/uao/danilovskiy/mark/;2026-08-22
mark;2;;51.0;76.8;27000000;;42400000;;;;;;novostroev;https://novostroev.ru/novostroyki/moskva/uao/danilovskiy/mark/;2026-08-22
mark;3;;71.6;80.5;41400000;;47800000;;;;;;novostroev;https://novostroev.ru/novostroyki/moskva/uao/danilovskiy/mark/;2026-08-22
maslovo-forest-club;дом;6;284.4;512.7;95232000;;178255000;293.0;95232000;;дом №80, проект Victory, участок 11,61 сот.;;застройщик;https://hals-development.ru/realty/object/maslovo;2026-09-23
masters;студия;;30.2;30.6;26300000;;29200000;;;;;;novostroev;https://novostroev.ru/novostroyki/moskva/sao/khoroshyevskiy/masters-viktorenko-16/;2026-09-12
masters;1;;43.0;62.3;38200000;;55900000;;;;;;novostroev;https://novostroev.ru/novostroyki/moskva/sao/khoroshyevskiy/masters-viktorenko-16/;2026-09-12
masters;2;;67.0;102.4;54900000;;79700000;;;;;;novostroev;https://novostroev.ru/novostroyki/moskva/sao/khoroshyevskiy/masters-viktorenko-16/;2026-09-12
masters;3;;91.0;137.6;66700000;;101300000;;;;;;novostroev;https://novostroev.ru/novostroyki/moskva/sao/khoroshyevskiy/masters-viktorenko-16/;2026-09-12
matveevskiy-park;студия;;19.7;26.0;16700000;;19100000;;;;;;novostroev;https://novostroev.ru/novostroyki/moskva/zao/ochakovo-matveevskoe/matveevskiy-park/;2026-09-09
matveevskiy-park;1;;32.8;43.8;19900000;;26600000;;;;;;novostroev;https://novostroev.ru/novostroyki/moskva/zao/ochakovo-matveevskoe/matveevskiy-park/;2026-09-09
matveevskiy-park;2;;47.7;63.7;25700000;;33100000;;;;;;novostroev;https://novostroev.ru/novostroyki/moskva/zao/ochakovo-matveevskoe/matveevskiy-park/;2026-09-09
matveevskiy-park;3;;60.3;96.6;29600000;;40100000;;;;;;novostroev;https://novostroev.ru/novostroyki/moskva/zao/ochakovo-matveevskoe/matveevskiy-park/;2026-09-09
metropoliya;студия;1;26.7;26.7;18321754;19085160;19085160;26.7;19085160;4;Метрополия 3 корп. 3;Базовая отделка;застройщик;https://www.mr-group.ru/projects/zhiloy-kompleks-metropoliya/;2026-09-23
metropoliya;1;4;41.5;44.9;23346240;24319000;26109440;41.5;24319000;24;Метрополия, объект 2;Базовая отделка;застройщик;https://www.mr-group.ru/projects/zhiloy-kompleks-metropoliya/;2026-09-23
metropoliya;2;4;55.6;55.8;27274817;29646540;29853000;55.8;29646540;24;Метрополия 3 корп. 3;Базовая отделка;застройщик;https://www.mr-group.ru/projects/zhiloy-kompleks-metropoliya/;2026-09-23
metropoliya;4+;1;101.2;101.2;41878179;45519760;45519760;101.2;45519760;4;Метрополия 3 корп. 3;Базовая отделка;застройщик;https://www.mr-group.ru/projects/zhiloy-kompleks-metropoliya/;2026-09-23
michurinskiy-park;студия;;19.6;27.5;13600000;;18900000;;;;;;novostroev;https://novostroev.ru/novostroyki/moskva/zao/ochakovo-matveevskoe/michurinskiy-park/;2026-08-08
michurinskiy-park;1;;31.0;43.4;16400000;;22500000;;;;;;novostroev;https://novostroev.ru/novostroyki/moskva/zao/ochakovo-matveevskoe/michurinskiy-park/;2026-08-08
michurinskiy-park;2;;46.0;63.4;19300000;;35900000;;;;;;novostroev;https://novostroev.ru/novostroyki/moskva/zao/ochakovo-matveevskoe/michurinskiy-park/;2026-08-08
michurinskiy-park;3;;65.9;84.6;26000000;;37600000;;;;;;novostroev;https://novostroev.ru/novostroyki/moskva/zao/ochakovo-matveevskoe/michurinskiy-park/;2026-08-08
mikhalkovskiy;студия;;26.6;32.8;15800000;;17600000;;;;;;novostroev;https://novostroev.ru/novostroyki/moskva/sao/golovinskiy/mikhalkovskiy/;2026-08-16
mikhalkovskiy;1;;36.1;36.1;18200000;;18200000;;;;;;novostroev;https://novostroev.ru/novostroyki/moskva/sao/golovinskiy/mikhalkovskiy/;2026-08-16
mikhalkovskiy;2;;35.4;67.4;18200000;;31000000;;;;;;novostroev;https://novostroev.ru/novostroyki/moskva/sao/golovinskiy/mikhalkovskiy/;2026-08-16
mikhalkovskiy;3;;54.5;85.7;27600000;;43000000;;;;;;novostroev;https://novostroev.ru/novostroyki/moskva/sao/golovinskiy/mikhalkovskiy/;2026-08-16
mikhalkovskiy;4+;;83.4;89.1;34700000;;47900000;;;;;;novostroev;https://novostroev.ru/novostroyki/moskva/sao/golovinskiy/mikhalkovskiy/;2026-08-16
mira;студия;10;28.1;30.1;21329975;24499322;26136844;30.0;24499322;3;Корпус 2;Без отделки;застройщик;https://www.mr-group.ru/projects/zhk-mira/;2026-09-23
mira;1;113;33.3;50.2;24788902;27240552;39691169;35.7;27240552;5;Корпус 3;Без отделки;застройщик;https://www.mr-group.ru/projects/zhk-mira/;2026-09-23
mira;2;92;54.7;76.0;35554188;39070536;68635372;54.7;39070536;6;Корпус 3;Без отделки;застройщик;https://www.mr-group.ru/projects/zhk-mira/;2026-09-23
mira;3;20;75.6;96.2;53084767;58334909;95663464;83.1;58334909;3;Корпус 1;Без отделки;застройщик;https://www.mr-group.ru/projects/zhk-mira/;2026-09-23
mira;4+;6;105.5;145.8;71401457;78463140;179039300;106.7;78463140;4;Корпус 2;Без отделки;застройщик;https://www.mr-group.ru/projects/zhk-mira/;2026-09-23
mirapolis;студия;38;19.6;47.8;7500000;;13300000;;;;;;novostroev;https://novostroev.ru/novostroyki/moskva/svao/yaroslavskiy/mirapolis/;2026-09-17
mirapolis;1;63;35.5;91.7;10200000;;25400000;;;;;;novostroev;https://novostroev.ru/novostroyki/moskva/svao/yaroslavskiy/mirapolis/;2026-09-17
mirapolis;2;82;37.9;70.6;10700000;;20000000;;;;;;novostroev;https://novostroev.ru/novostroyki/moskva/svao/yaroslavskiy/mirapolis/;2026-09-17
mirapolis;3;14;61.7;109.4;16900000;;30100000;;;;;;novostroev;https://novostroev.ru/novostroyki/moskva/svao/yaroslavskiy/mirapolis/;2026-09-17
mirapolis;4+;4;92.8;144.0;25700000;;45600000;;;;;;novostroev;https://novostroev.ru/novostroyki/moskva/svao/yaroslavskiy/mirapolis/;2026-09-17
mod;студия;1;30.4;30.4;21848693;25113440;25113440;30.4;25113440;14;Camus;Базовая отделка;застройщик;https://www.mr-group.ru/projects/zhk-mod/;2026-09-23
mod;1;37;41.2;44.4;26295272;30224450;34183560;41.5;30224450;18;Camus;Базовая отделка;застройщик;https://www.mr-group.ru/projects/zhk-mod/;2026-09-23
mod;2;50;62.2;84.2;36266924;41686120;57213750;64.4;41686120;7;Camus;Базовая отделка;застройщик;https://www.mr-group.ru/projects/zhk-mod/;2026-09-23
mod;3;9;85.2;110.6;46986055;54006960;72157500;85.4;54006960;9;Camus;Базовая отделка;застройщик;https://www.mr-group.ru/projects/zhk-mod/;2026-09-23
mod;4+;5;106.1;115.0;59602630;68508770;72588000;106.1;68508770;38;Camus;Базовая отделка;застройщик;https://www.mr-group.ru/projects/zhk-mod/;2026-09-23
moments;студия;3;26.0;28.1;20666482;24889800;26739960;26.0;24889800;20;Корпус 2.2;White Box;застройщик;https://forma.ru/market/projects/moments;2026-09-23
moments;1;53;36.5;44.8;23398819;29267370;37255680;42.3;29267370;2;Корпус 2.2;White Box;застройщик;https://forma.ru/market/projects/moments;2026-09-23
moments;2;30;56.7;88.2;31409305;40268340;66441060;56.7;40268340;19;Корпус 2.2;White Box;застройщик;https://forma.ru/market/projects/moments;2026-09-23
moments;3;28;81.2;141.1;46255809;54379640;120640500;81.2;54379640;33;Корпус 2.3;White Box;застройщик;https://forma.ru/market/projects/moments;2026-09-23
moments;4+;9;93.8;160.7;44483712;55295100;132593570;93.8;55295100;15;Корпус 2.1;White Box;застройщик;https://forma.ru/market/projects/moments;2026-09-23
monblan;1;;47.0;72.5;51300000;;90900000;;;;;;novostroev;https://novostroev.ru/novostroyki/moskva/cao/zamoskvoreche/monblan/;2026-09-18
monblan;2;;74.0;111.6;81200000;;194800000;;;;;;novostroev;https://novostroev.ru/novostroyki/moskva/cao/zamoskvoreche/monblan/;2026-09-18
monblan;3;;112.0;137.6;117900000;;268300000;;;;;;novostroev;https://novostroev.ru/novostroyki/moskva/cao/zamoskvoreche/monblan/;2026-09-18
monblan;4+;;164.4;174.2;180700000;;285800000;;;;;;novostroev;https://novostroev.ru/novostroyki/moskva/cao/zamoskvoreche/monblan/;2026-09-18
monodom-lake;студия;;28.1;35.6;10300000;;12200000;;;;;;novostroev;https://novostroev.ru/novostroyki/moskva/sao/golovinskiy/monodom-lake/;2026-09-17
monodom-lake;2;;47.1;65.1;16400000;;21600000;;;;;;novostroev;https://novostroev.ru/novostroyki/moskva/sao/golovinskiy/monodom-lake/;2026-09-17
monodom-lake;3;;78.0;125.7;23000000;;37900000;;;;;;novostroev;https://novostroev.ru/novostroyki/moskva/sao/golovinskiy/monodom-lake/;2026-09-17
monodom-lake;4+;;118.4;121.9;34800000;;39000000;;;;;;novostroev;https://novostroev.ru/novostroyki/moskva/sao/golovinskiy/monodom-lake/;2026-09-17
moskvoreche;студия;9;19.1;35.8;14386120;;20842760;19.1;14386120;16;Корпус 1.2;чистовая;cian (фид ПИК);https://www.cian.ru/sale/flat/325979370/;2026-09-23
moskvoreche;1;90;29.4;45.7;17878800;;23554200;31.7;17878800;2;Корпус 2.3;чистовая;cian (фид ПИК);https://www.cian.ru/sale/flat/326676454/;2026-09-23
moskvoreche;2;59;44.5;68.6;22910800;;34786570;45.1;22910800;19;Корпус 2.1;чистовая;cian (фид ПИК);https://www.cian.ru/sale/flat/325330067/;2026-09-23
moskvoreche;3;19;65.6;88.2;32176800;;40958400;65.6;32176800;2;Корпус 2.1;чистовая;cian (фид ПИК);https://www.cian.ru/sale/flat/327497115/;2026-09-23
muza;1;39;41.2;60.9;42576080;;72473940;41.2;42576080;2;корп. 1;;застройщик;https://xn--80aaijj0ai2m.xn--p1ai/catalog?projects=muza;2026-09-23
muza;2;42;64.3;103.1;65742400;;106522000;68.0;65742400;2;корп. 1;;застройщик;https://xn--80aaijj0ai2m.xn--p1ai/catalog?projects=muza;2026-09-23
muza;3;18;73.4;101.0;66192120;;108435360;73.4;66192120;2;корп. 1;;застройщик;https://xn--80aaijj0ai2m.xn--p1ai/catalog?projects=muza;2026-09-23
mypriority-mnevniki;студия;;28.0;30.2;16169209;;20900000;28.1;16169209;3;;;застройщик;https://granelle.ru/objects/mypriority-mnevniki/;2026-09-23
mypriority-mnevniki;1;;31.0;52.2;19100340;;28300000;31.5;19100340;2;;;застройщик;https://granelle.ru/objects/mypriority-mnevniki/;2026-09-23
mypriority-mnevniki;2;;55.0;78.2;30300000;;40900000;;;;;;novostroev;https://novostroev.ru/novostroyki/moskva/szao/khoroshyevo-mnyevniki/mypriority-mnevniki/;2026-09-09
mypriority-mnevniki;3;;59.0;96.9;28326807;;48600000;59.4;28326807;2;;;застройщик;https://granelle.ru/objects/mypriority-mnevniki/;2026-09-23
mypriority-mnevniki;4+;;89.1;;46700000;;;;;;;;novostroev;https://novostroev.ru/novostroyki/moskva/szao/khoroshyevo-mnyevniki/mypriority-mnevniki/;2026-09-09
nachalo;студия;;35.9;40.0;44000000;;61200000;;;;;;novostroev;https://novostroev.ru/novostroyki/moskva/cao/presnenskiy/nachalo/;2026-09-11
nachalo;1;;46.6;59.6;56900000;;88700000;;;;;;novostroev;https://novostroev.ru/novostroyki/moskva/cao/presnenskiy/nachalo/;2026-09-11
nachalo;2;;70.5;138.9;76300000;;180900000;;;;;;novostroev;https://novostroev.ru/novostroyki/moskva/cao/presnenskiy/nachalo/;2026-09-11
nachalo;3;;107.8;163.0;113100000;;241800000;;;;;;novostroev;https://novostroev.ru/novostroyki/moskva/cao/presnenskiy/nachalo/;2026-09-11
nachalo;4+;;164.2;243.0;163600000;;405600000;;;;;;novostroev;https://novostroev.ru/novostroyki/moskva/cao/presnenskiy/nachalo/;2026-09-11
nagatino-ay-lend;студия;;24.5;30.7;16100000;;21500000;;;;;;novostroev;https://novostroev.ru/novostroyki/moskva/uao/danilovskiy/nagatino-i-land/;2026-09-16
nagatino-ay-lend;1;;37.9;55.7;20500000;;32000000;;;;;;novostroev;https://novostroev.ru/novostroyki/moskva/uao/danilovskiy/nagatino-i-land/;2026-09-16
nagatino-ay-lend;2;;63.2;81.7;28000000;;47300000;;;;;;novostroev;https://novostroev.ru/novostroyki/moskva/uao/danilovskiy/nagatino-i-land/;2026-09-16
nagatino-ay-lend;3;;80.2;106.8;41300000;;60800000;;;;;;novostroev;https://novostroev.ru/novostroyki/moskva/uao/danilovskiy/nagatino-i-land/;2026-09-16
nametkin-tauer;студия;;25.8;27.3;10000000;;10300000;;;;;;novostroev;https://novostroev.ru/novostroyki/moskva/uzao/cheryemushki/na-ul-nametkina-10/;2026-09-17
nametkin-tauer;1;;29.9;52.7;13400000;;19900000;;;;;;novostroev;https://novostroev.ru/novostroyki/moskva/uzao/cheryemushki/na-ul-nametkina-10/;2026-09-17
nametkin-tauer;2;;42.1;78.6;14300000;;26700000;;;;;;novostroev;https://novostroev.ru/novostroyki/moskva/uzao/cheryemushki/na-ul-nametkina-10/;2026-09-17
nametkin-tauer;3;;56.7;99.2;18300000;;42200000;;;;;;novostroev;https://novostroev.ru/novostroyki/moskva/uzao/cheryemushki/na-ul-nametkina-10/;2026-09-17
nametkin-tauer;4+;;84.5;110.1;31500000;;44600000;;;;;;novostroev;https://novostroev.ru/novostroyki/moskva/uzao/cheryemushki/na-ul-nametkina-10/;2026-09-17
narvin;студия;;19.1;22.5;12000000;;14900000;;;;;;novostroev;https://novostroev.ru/novostroyki/moskva/sao/golovinskiy/narvin/;2026-09-17
narvin;1;;34.7;42.9;17900000;;21100000;;;;;;novostroev;https://novostroev.ru/novostroyki/moskva/sao/golovinskiy/narvin/;2026-09-17
narvin;2;;49.0;67.1;21700000;;27500000;;;;;;novostroev;https://novostroev.ru/novostroyki/moskva/sao/golovinskiy/narvin/;2026-09-17
narvin;3;;67.0;85.9;28000000;;34500000;;;;;;novostroev;https://novostroev.ru/novostroyki/moskva/sao/golovinskiy/narvin/;2026-09-17
nativ;студия;2;23.5;24.6;18069761;21011350;21707040;23.5;21011350;13;Корпус 5.1;Без отделки;застройщик;https://forma.ru/market/projects/nativ;2026-09-23
nativ;1;14;34.3;44.1;19976940;22833510;28969290;34.3;22833510;2;Корпус 5.5;Без отделки;застройщик;https://forma.ru/market/projects/nativ;2026-09-23
nativ;2;19;53.1;108.1;28077452;31579500;58864280;56.9;31579500;15;Корпус 5.5;Без отделки;застройщик;https://forma.ru/market/projects/nativ;2026-09-23
nativ;3;14;71.3;118.6;40055360;41931530;70183110;71.3;41931530;13;Корпус 5.3;Без отделки;застройщик;https://forma.ru/market/projects/nativ;2026-09-23
nativ;4+;1;124.7;124.7;65192411;75805130;75805130;124.7;75805130;13;Корпус 5.3;Без отделки;застройщик;https://forma.ru/market/projects/nativ;2026-09-23
nays-loft;студия;;22.0;29.6;8100000;;12200000;;;;;;novostroev;https://novostroev.ru/novostroyki/moskva/uvao/nizhegorodskiy/n-ice-loft/;2026-09-17
nays-loft;1;;30.4;49.9;11300000;;22100000;;;;;;novostroev;https://novostroev.ru/novostroyki/moskva/uvao/nizhegorodskiy/n-ice-loft/;2026-09-17
nays-loft;2;;43.4;75.5;14300000;;24900000;;;;;;novostroev;https://novostroev.ru/novostroyki/moskva/uvao/nizhegorodskiy/n-ice-loft/;2026-09-17
nays-loft;3;;66.6;106.3;22200000;;32800000;;;;;;novostroev;https://novostroev.ru/novostroyki/moskva/uvao/nizhegorodskiy/n-ice-loft/;2026-09-17
nazare;студия;27;21.4;26.6;14299908;16627800;20727840;21.4;16627800;5;корп. 6;Без отделки;застройщик;https://xn--80aaijj0ai2m.xn--p1ai/catalog?projects=nazare;2026-09-23
nazare;1;100;31.8;48.6;18574762;21515880;28355040;31.8;21515880;6;корп. 6;Без отделки;застройщик;https://xn--80aaijj0ai2m.xn--p1ai/catalog?projects=nazare;2026-09-23
nazare;2;92;49.7;70.9;26395670;;40249930;49.7;26395670;2;корп. 3;Без отделки;застройщик;https://xn--80aaijj0ai2m.xn--p1ai/catalog?projects=nazare;2026-09-23
nazare;3;8;76.9;87.4;34552600;41295300;49992800;76.9;41295300;23;корп. 4;Без отделки;застройщик;https://xn--80aaijj0ai2m.xn--p1ai/catalog?projects=nazare;2026-09-23
nexus-by-akvilon;студия;;29.0;36.0;19000000;;24700000;;;;;;novostroev;https://novostroev.ru/novostroyki/moskva/zao/kuntsevo/nexus-by-akvilon/;2026-09-18
nexus-by-akvilon;1;;40.0;61.6;24000000;;37300000;;;;;;novostroev;https://novostroev.ru/novostroyki/moskva/zao/kuntsevo/nexus-by-akvilon/;2026-09-18
nexus-by-akvilon;2;;54.0;87.6;29900000;;49200000;;;;;;novostroev;https://novostroev.ru/novostroyki/moskva/zao/kuntsevo/nexus-by-akvilon/;2026-09-18
nexus-by-akvilon;3;;73.8;78.1;42000000;;45900000;;;;;;novostroev;https://novostroev.ru/novostroyki/moskva/zao/kuntsevo/nexus-by-akvilon/;2026-09-18
nexus-by-akvilon;4+;;92.5;93.5;57800000;;60000000;;;;;;novostroev;https://novostroev.ru/novostroyki/moskva/zao/kuntsevo/nexus-by-akvilon/;2026-09-18
nikitskiy-6;4+;;90.0;583.0;268600000;;;;;;;;novostroev;https://novostroev.ru/novostroyki/moskva/cao/arbat/nikitskiy-6/;2026-09-18
nikol;1;43;60.9;276.6;192920000;;1659600000;68.9;192920000;3;Николь Резиденция;Базовая отделка;застройщик;https://www.mr-group.ru/projects/doma-nicole/;2026-09-23
nikol;2;58;101.1;281.8;310080000;;1207250000;129.2;310080000;2;Club;Базовая отделка;застройщик;https://www.mr-group.ru/projects/doma-nicole/;2026-09-23
nikol;3;35;101.6;358.8;304800000;;1794000000;101.6;304800000;2;Николь Резиденция;Базовая отделка;застройщик;https://www.mr-group.ru/projects/doma-nicole/;2026-09-23
nikol;4+;8;179.9;509.7;684000000;;3058200000;180.0;684000000;4;Николь Резиденция;Базовая отделка;застройщик;https://www.mr-group.ru/projects/doma-nicole/;2026-09-23
nikolskaya-sloboda;дом;11;380.0;1864.0;210000000;;1250000000;800.0;210000000;;;;брокер (Kalinka Realty);https://www.kalinka-realty.ru/zagorod/elitnye-poselki/nikolskaia-sloboda/;2026-09-23
nikolskaya-sloboda;участок;1;;;302653333;;302653333;;302653333;;;;брокер (Kalinka Realty);https://www.kalinka-realty.ru/zagorod/elitnye-poselki/nikolskaia-sloboda/;2026-09-23
nizhegorodskaya-ot-granel;студия;;29.9;33.6;14500000;;15700000;;;;;;novostroev;https://novostroev.ru/novostroyki/moskva/uvao/nizhegorodskiy/mypriority-nizhegorodskaya/;2026-09-17
nizhegorodskaya-ot-granel;1;;34.0;45.3;17000000;;26100000;;;;;;novostroev;https://novostroev.ru/novostroyki/moskva/uvao/nizhegorodskiy/mypriority-nizhegorodskaya/;2026-09-17
nizhegorodskaya-ot-granel;2;;49.2;61.6;21800000;;29800000;;;;;;novostroev;https://novostroev.ru/novostroyki/moskva/uvao/nizhegorodskiy/mypriority-nizhegorodskaya/;2026-09-17
nizhegorodskaya-ot-granel;3;;95.2;95.7;39300000;;39500000;;;;;;novostroev;https://novostroev.ru/novostroyki/moskva/uvao/nizhegorodskiy/mypriority-nizhegorodskaya/;2026-09-17
novaya-11;студия;4;28.8;38.6;31992355;;41581142;29.7;31992355;4;;Без отделки;застройщик;https://flats.theelement.ru/;2026-09-23
novaya-11;1;20;38.0;63.0;32844343;;61533275;39.7;32844343;4;;Без отделки;застройщик;https://flats.theelement.ru/;2026-09-23
novaya-11;2;15;56.4;105.1;43763149;;141480649;56.4;43763149;7;;Без отделки;застройщик;https://flats.theelement.ru/;2026-09-23
novaya-11;3;1;149.7;149.7;224505015;;224505015;149.7;224505015;15;;Без отделки;застройщик;https://flats.theelement.ru/;2026-09-23
novye-akademiki;1;;35.9;53.8;;;;;;;;;novostroev;https://novostroev.ru/novostroyki/moskva/uzao/kotlovka/novye-akademiki/;2026-09-18
novye-akademiki;2;;58.0;103.8;;;;;;;;;novostroev;https://novostroev.ru/novostroyki/moskva/uzao/kotlovka/novye-akademiki/;2026-09-18
novye-akademiki;3;;96.0;194.0;;;;;;;;;novostroev;https://novostroev.ru/novostroyki/moskva/uzao/kotlovka/novye-akademiki/;2026-09-18
novye-akademiki;4+;;107.3;155.7;;;;;;;;;novostroev;https://novostroev.ru/novostroyki/moskva/uzao/kotlovka/novye-akademiki/;2026-09-18
obrucheva-30;студия;17;24.4;43.1;18257153;19075258;24038378;26.3;19075258;2;Корпуса 1-2;Без отделки;застройщик;https://www.lsr.ru/msk/kvartiry-v-novostroikah/obruchev/;2026-09-23
obrucheva-30;1;85;33.8;50.7;21803953;21893810;40918803;35.7;21893810;2;Корпуса 1-2;Без отделки;застройщик;https://www.lsr.ru/msk/kvartiry-v-novostroikah/obruchev/;2026-09-23
obrucheva-30;2;82;46.9;117.7;27807056;29207369;74305069;47.1;29207369;30;Корпуса 1-2;Без отделки;застройщик;https://www.lsr.ru/msk/kvartiry-v-novostroikah/obruchev/;2026-09-23
obrucheva-30;3;7;79.7;107.3;50612168;;81506904;98.6;50612168;2;Корпуса 1-2;Без отделки;застройщик;https://www.lsr.ru/msk/kvartiry-v-novostroikah/obruchev/;2026-09-23
obrucheva-30;4+;1;119.3;119.3;88299775;;88299775;119.3;88299775;57;Корпуса 1-2;Без отделки;застройщик;https://www.lsr.ru/msk/kvartiry-v-novostroikah/obruchev/;2026-09-23
obydenskiy-1;3;2;168.5;204.0;650560000;;885190000;204.0;650560000;3;;;застройщик;https://www.sminex.com/podbor-nedvizhimosti;2026-09-23
obydenskiy-1;4+;6;233.0;781.3;987900000;;7087510000;233.0;987900000;4;;;застройщик;https://www.sminex.com/podbor-nedvizhimosti;2026-09-23
oktyabrskaya-98;студия;;16.6;16.6;10900000;;10900000;;;;;;novostroev;https://novostroev.ru/novostroyki/moskva/svao/marina-roshcha/mirror-zdanie/;2026-09-17
oktyabrskaya-98;1;;73.8;73.8;26700000;;26700000;;;;;;novostroev;https://novostroev.ru/novostroyki/moskva/svao/marina-roshcha/mirror-zdanie/;2026-09-17
oktyabrskaya-98;2;;61.2;69.9;26900000;;30200000;;;;;;novostroev;https://novostroev.ru/novostroyki/moskva/svao/marina-roshcha/mirror-zdanie/;2026-09-17
om;1;2;42.9;43.5;23607000;;24453000;43.5;23607000;12;;черновая;mskguru;https://mskguru.ru/novostroyki/4900-zhk-om;2026-02
om;2;1;44.1;44.1;24330000;;24330000;44.1;24330000;21;;черновая;mskguru;https://mskguru.ru/novostroyki/4900-zhk-om;2026-02
om;3;1;102.9;102.9;55752000;;55752000;102.9;55752000;21;;черновая;mskguru;https://mskguru.ru/novostroyki/4900-zhk-om;2026-02
om;4+;1;102.9;102.9;54544000;;54544000;102.9;54544000;24;;черновая;mskguru;https://mskguru.ru/novostroyki/4900-zhk-om;2026-02
om-botanicheskiy;студия;10;28.0;28.8;19300000;;24700000;;;;;;novostroev;https://novostroev.ru/novostroyki/moskva/svao/sviblovo/om-botanicheskiy/;2026-09-15
om-botanicheskiy;1;74;35.0;53.1;22300000;;38700000;;;;;;novostroev;https://novostroev.ru/novostroyki/moskva/svao/sviblovo/om-botanicheskiy/;2026-09-15
om-botanicheskiy;2;71;52.1;83.2;32700000;;65200000;;;;;;novostroev;https://novostroev.ru/novostroyki/moskva/svao/sviblovo/om-botanicheskiy/;2026-09-15
om-botanicheskiy;3;17;78.7;111.9;50300000;;97800000;;;;;;novostroev;https://novostroev.ru/novostroyki/moskva/svao/sviblovo/om-botanicheskiy/;2026-09-15
om-botanicheskiy;4+;5;118.4;120.0;72000000;;111321000;;;;;;novostroev;https://novostroev.ru/novostroyki/moskva/svao/sviblovo/om-botanicheskiy/;2026-09-15
one;студия;14;32.6;38.0;40456500;;52575120;35.0;40456500;51;;Базовая отделка;застройщик;https://www.mr-group.ru/projects/one/;2026-09-23
one;1;95;39.0;66.6;47911500;;86279040;39.0;47911500;46;;Базовая отделка;застройщик;https://www.mr-group.ru/projects/one/;2026-09-23
one;2;88;67.2;93.4;67146240;;124439100;67.2;67146240;38;;Базовая отделка;застройщик;https://www.mr-group.ru/projects/one/;2026-09-23
one;3;12;97.1;109.9;125715370;;136517780;97.1;125715370;38;;Базовая отделка;застройщик;https://www.mr-group.ru/projects/one/;2026-09-23
opus;2;11;55.8;79.2;45300000;;73800000;;;;;;novostroev;https://novostroev.ru/novostroyki/moskva/uao/danilovskiy/opus-opus/;2026-09-08
opus;3;3;89.1;126.7;73600000;;108300000;;;;;;novostroev;https://novostroev.ru/novostroyki/moskva/uao/danilovskiy/opus-opus/;2026-09-08
opus;4+;9;178.6;234.3;140900000;;213000000;;;;;;novostroev;https://novostroev.ru/novostroyki/moskva/uao/danilovskiy/opus-opus/;2026-09-08
orient-ekspress;1;;37.5;50.1;21337500;;25250400;37.5;21337500;7;корпус 1, секция 2;;застройщик;https://oe.rg-dev.ru/flats;2026-09-23
orient-ekspress;2;;54.9;67.9;27450000;;32116700;54.9;27450000;4;корпус 1;;застройщик;https://oe.rg-dev.ru/flats;2026-09-23
orient-ekspress;3;;81.1;81.1;35440700;;36170600;81.1;35440700;4;корпус 1;;застройщик;https://oe.rg-dev.ru/flats;2026-09-23
oro;студия;;20.9;37.1;;;;;;;;;novostroev;https://novostroev.ru/novostroyki/moskva/cao/krasnoselskiy/oro/;2026-09-18
oro;1;;33.6;43.5;;;;;;;;;novostroev;https://novostroev.ru/novostroyki/moskva/cao/krasnoselskiy/oro/;2026-09-18
oro;2;;38.1;67.2;;;;;;;;;novostroev;https://novostroev.ru/novostroyki/moskva/cao/krasnoselskiy/oro/;2026-09-18
oro;3;;59.3;77.2;;;;;;;;;novostroev;https://novostroev.ru/novostroyki/moskva/cao/krasnoselskiy/oro/;2026-09-18
ostrov;студия;111;28.0;37.6;21700000;;35300000;;;;;;novostroev;https://novostroev.ru/novostroyki/moskva/szao/khoroshyevo-mnyevniki/ostrov/;2026-09-11
ostrov;1;107;38.5;51.1;28700000;;49800000;;;;;;novostroev;https://novostroev.ru/novostroyki/moskva/szao/khoroshyevo-mnyevniki/ostrov/;2026-09-11
ostrov;2;184;58.2;91.5;42000000;;85600000;;;;;;novostroev;https://novostroev.ru/novostroyki/moskva/szao/khoroshyevo-mnyevniki/ostrov/;2026-09-11
ostrov;3;140;67.2;147.0;54000000;;352200000;;;;;;novostroev;https://novostroev.ru/novostroyki/moskva/szao/khoroshyevo-mnyevniki/ostrov/;2026-09-11
ostrov;4+;217;100.5;539.6;70500000;;1456920000;;;;;;novostroev;https://novostroev.ru/novostroyki/moskva/szao/khoroshyevo-mnyevniki/ostrov/;2026-09-11
palashevskiy-11;1;6;71.1;79.7;226750000;;344000000;71.1;226750000;2;;;застройщик;https://www.sminex.com/podbor-nedvizhimosti;2026-09-23
palashevskiy-11;2;9;87.6;121.9;273610000;;528960000;87.6;273610000;2;;;застройщик;https://www.sminex.com/podbor-nedvizhimosti;2026-09-23
palashevskiy-11;3;19;140.7;235.0;460020000;;1461760000;140.7;460020000;3;;;застройщик;https://www.sminex.com/podbor-nedvizhimosti;2026-09-23
palashevskiy-11;4+;13;241.6;366.0;733350000;;2671870000;242.4;733350000;4;;;застройщик;https://www.sminex.com/podbor-nedvizhimosti;2026-09-23
parksayd;студия;13;20.1;28.8;15642423;17501267;21552132;21.7;17501267;23;Очередь 1;С отделкой;застройщик;https://www.lsr.ru/msk/kvartiry-v-novostroikah/parkside/;2026-09-23
parksayd;1;6;39.8;46.0;23129047;;31610747;42.3;23129047;23;Очередь 1;Без отделки;застройщик;https://www.lsr.ru/msk/kvartiry-v-novostroikah/parkside/;2026-09-23
parksayd;2;28;63.4;74.1;25493160;28534044;47341925;66.0;28534044;22;Очередь 1;Без отделки;застройщик;https://www.lsr.ru/msk/kvartiry-v-novostroikah/parkside/;2026-09-23
parksayd;3;3;88.4;88.4;44868922;;46246990;88.4;44868922;17;Очередь 1;Без отделки;застройщик;https://www.lsr.ru/msk/kvartiry-v-novostroikah/parkside/;2026-09-23
parkville-zhukovka;дом;9;1200.0;4400.0;;;;1400.0;;;лот hs9919472, участок 37 сот., $7 500 000;с мебелью;NF Group (kf.expert), вторичка;https://kf.expert/zagorod/poselki/parkville-zhukovka-sl13073;2026-09-23
parkville-zhukovka;участок;1;;;;;;;;;лот ls9919477, 51 сот., $6 961 499;;NF Group (kf.expert), вторичка;https://kf.expert/zagorod/poselki/parkville-zhukovka-sl13073;2026-09-23
paveletskaya-ot-granel;студия;;30.2;35.8;25000000;;27100000;;;;;;novostroev;https://novostroev.ru/novostroyki/moskva/cao/zamoskvoreche/mypriority-paveletskaya/;2026-09-17
paveletskaya-ot-granel;1;;38.0;58.2;28700000;;38500000;;;;;;novostroev;https://novostroev.ru/novostroyki/moskva/cao/zamoskvoreche/mypriority-paveletskaya/;2026-09-17
paveletskaya-ot-granel;2;;62.0;92.8;36600000;;57100000;;;;;;novostroev;https://novostroev.ru/novostroyki/moskva/cao/zamoskvoreche/mypriority-paveletskaya/;2026-09-17
paveletskaya-ot-granel;3;;70.2;90.2;43700000;;56500000;;;;;;novostroev;https://novostroev.ru/novostroyki/moskva/cao/zamoskvoreche/mypriority-paveletskaya/;2026-09-17
paveletskaya-ot-granel;4+;;103.3;103.3;56600000;;56800000;;;;;;novostroev;https://novostroev.ru/novostroyki/moskva/cao/zamoskvoreche/mypriority-paveletskaya/;2026-09-17
pavlovo;дом;10;360.0;1500.0;180000000;;1200000000;360.0;180000000;;;;застройщик/агент (сайт проекта, оператор NF GROUP);https://pavlovo-kp.ru/;2026-09-23
petrovskiy-park-ii;студия;;24.7;31.2;14400000;;19000000;;;;;;novostroev;https://novostroev.ru/novostroyki/moskva/sao/savyelovskiy/petrovskiy-park-ii/;2026-09-17
petrovskiy-park-ii;1;;40.0;52.9;20900000;;27600000;;;;;;novostroev;https://novostroev.ru/novostroyki/moskva/sao/savyelovskiy/petrovskiy-park-ii/;2026-09-17
petrovskiy-park-ii;2;;62.0;85.3;26200000;;39400000;;;;;;novostroev;https://novostroev.ru/novostroyki/moskva/sao/savyelovskiy/petrovskiy-park-ii/;2026-09-17
petrovskiy-park-ii;3;;84.0;109.6;37500000;;50400000;;;;;;novostroev;https://novostroev.ru/novostroyki/moskva/sao/savyelovskiy/petrovskiy-park-ii/;2026-09-17
peyv;студия;2;28.8;29.0;25424640;;25859300;28.8;25424640;8;Корпус 1;Без отделки;застройщик;https://forma.ru/market/projects/pave;2026-09-23
peyv;1;26;33.2;46.0;24016537;28111860;38406240;37.8;28111860;5;Корпус 1;Без отделки;застройщик;https://forma.ru/market/projects/pave;2026-09-23
peyv;2;37;54.4;78.1;35853417;39547560;54051360;60.6;39547560;2;Корпус 5;White Box;застройщик;https://forma.ru/market/projects/pave;2026-09-23
peyv;3;28;72.1;102.7;45204960;54923600;70554690;82.0;54923600;10;Корпус 5;White Box;застройщик;https://forma.ru/market/projects/pave;2026-09-23
plekhanova-11;студия;3;24.1;26.6;17277290;;17849160;24.1;17277290;13;Корпус 1.5;чистовая;cian (фид ПИК);https://www.cian.ru/sale/flat/325899365/;2026-09-23
plekhanova-11;1;12;33.6;42.6;20627040;;24869880;33.6;20627040;24;Корпус 1.4;чистовая;cian (фид ПИК);https://www.cian.ru/sale/flat/301688849/;2026-09-23
plekhanova-11;2;2;49.9;58.0;28492900;;29040600;49.9;28492900;22;Корпус 1.4;чистовая;cian (фид ПИК);https://www.cian.ru/sale/flat/328141733/;2026-09-23
poklonnaya-7;студия;;25.3;25.3;;;;;;;;;novostroev;https://novostroev.ru/novostroyki/moskva/zao/dorogomilovo/poklonnaya-7/;2026-09-18
poklonnaya-7;1;;32.4;38.5;;;;;;;;;novostroev;https://novostroev.ru/novostroyki/moskva/zao/dorogomilovo/poklonnaya-7/;2026-09-18
poklonnaya-7;2;;46.3;63.3;;;;;;;;;novostroev;https://novostroev.ru/novostroyki/moskva/zao/dorogomilovo/poklonnaya-7/;2026-09-18
poklonnaya-7;3;;85.5;88.0;;;;;;;;;novostroev;https://novostroev.ru/novostroyki/moskva/zao/dorogomilovo/poklonnaya-7/;2026-09-18
poklonnaya-7;4+;;106.8;106.8;;;;;;;;;novostroev;https://novostroev.ru/novostroyki/moskva/zao/dorogomilovo/poklonnaya-7/;2026-09-18
polar;студия;;19.4;26.1;8300000;;9300000;;;;;;novostroev;https://novostroev.ru/novostroyki/moskva/svao/severnoe-medvedkovo/polar/;2026-09-17
polar;1;;32.9;38.0;10600000;;13600000;;;;;;novostroev;https://novostroev.ru/novostroyki/moskva/svao/severnoe-medvedkovo/polar/;2026-09-17
polar;2;;51.2;56.6;15400000;;19300000;;;;;;novostroev;https://novostroev.ru/novostroyki/moskva/svao/severnoe-medvedkovo/polar/;2026-09-17
polar;3;;76.0;76.8;22900000;;24000000;;;;;;novostroev;https://novostroev.ru/novostroyki/moskva/svao/severnoe-medvedkovo/polar/;2026-09-17
portlend;студия;17;24.3;26.3;20987239;21997640;27199460;25.1;21997640;2;Корпус 6;Без отделки;застройщик;https://forma.ru/market/projects/portland;2026-09-23
portlend;1;31;33.1;48.7;27385130;29756650;42347700;38.5;29756650;2;Корпус 6;Без отделки;застройщик;https://forma.ru/market/projects/portland;2026-09-23
portlend;2;52;56.5;115.1;34460343;40541580;116734420;57.9;40541580;17;Корпус 8;White Box;застройщик;https://forma.ru/market/projects/portland;2026-09-23
portlend;3;15;81.9;134.8;52910052;60426240;110980840;84.3;60426240;15;Корпус 8;White Box;застройщик;https://forma.ru/market/projects/portland;2026-09-23
portlend;4+;11;103.5;137.4;61899142;72458100;101396340;112.6;72458100;2;Корпус 6;Без отделки;застройщик;https://forma.ru/market/projects/portland;2026-09-23
praym-park;1;;48.4;48.4;38700000;;39000000;;;;;;novostroev;https://novostroev.ru/novostroyki/moskva/sao/khoroshyevskiy/praym-park/;2026-09-08
praym-park;2;;35.8;177.7;32900000;;234300000;;;;;;novostroev;https://novostroev.ru/novostroyki/moskva/sao/khoroshyevskiy/praym-park/;2026-09-08
praym-park;3;;66.7;200.0;49600000;;180000000;;;;;;novostroev;https://novostroev.ru/novostroyki/moskva/sao/khoroshyevskiy/praym-park/;2026-09-08
praym-park;4+;;108.0;393.1;84200000;;455600000;;;;;;novostroev;https://novostroev.ru/novostroyki/moskva/sao/khoroshyevskiy/praym-park/;2026-09-08
preobrazhenskaya-ploschad;студия;;27.3;28.0;19000000;;20300000;;;;;;novostroev;https://novostroev.ru/novostroyki/moskva/vao/preobrazhenskoe/preobrazhenskaya-ploshchad/;2026-09-09
preobrazhenskaya-ploschad;1;;34.8;68.5;19300000;;44400000;;;;;;novostroev;https://novostroev.ru/novostroyki/moskva/vao/preobrazhenskoe/preobrazhenskaya-ploshchad/;2026-09-09
preobrazhenskaya-ploschad;2;;63.2;116.9;32300000;;67800000;;;;;;novostroev;https://novostroev.ru/novostroyki/moskva/vao/preobrazhenskoe/preobrazhenskaya-ploshchad/;2026-09-09
preobrazhenskaya-ploschad;3;;78.2;138.7;41800000;;77800000;;;;;;novostroev;https://novostroev.ru/novostroyki/moskva/vao/preobrazhenskoe/preobrazhenskaya-ploshchad/;2026-09-09
preobrazhenskaya-ploschad;4+;;115.1;115.1;78800000;;78800000;;;;;;novostroev;https://novostroev.ru/novostroyki/moskva/vao/preobrazhenskoe/preobrazhenskaya-ploshchad/;2026-09-09
pride;1;11;29.7;36.2;22800000;;27900000;29.7;22800000;;;;novostroev;https://novostroev.ru/novostroyki/moskva/svao/marina-roshcha/pride-prayd/;2026-09-17
pride;2;21;42.0;59.4;34500000;;52600000;42.0;34500000;;;;novostroev;https://novostroev.ru/novostroyki/moskva/svao/marina-roshcha/pride-prayd/;2026-09-17
pride;3;21;67.6;100.4;47700000;;84200000;67.6;47700000;;;;novostroev;https://novostroev.ru/novostroyki/moskva/svao/marina-roshcha/pride-prayd/;2026-09-17
pride;4+;15;96.6;131.2;68500000;;129900000;96.6;68500000;;;;novostroev;https://novostroev.ru/novostroyki/moskva/svao/marina-roshcha/pride-prayd/;2026-09-17
primavera;1;85;40.6;101.6;30600000;;79400000;40.6;30600000;;квартал Россини, корп. 22;;novostroev;https://novostroev.ru/novostroyki/moskva/szao/pokrovskoe-streshnevo/primavera/;2026-09-23
primavera;2;94;63.1;139.6;41600000;;154000000;63.1;41600000;;квартал Россини, корп. 22;;novostroev;https://novostroev.ru/novostroyki/moskva/szao/pokrovskoe-streshnevo/primavera/;2026-09-23
primavera;3;56;74.7;165.6;48100000;;159800000;74.7;48100000;;квартал Россини, корп. 22;;novostroev;https://novostroev.ru/novostroyki/moskva/szao/pokrovskoe-streshnevo/primavera/;2026-09-23
primavera;4+;8;101.0;185.1;91700000;;204100000;101.0;91700000;;квартал Россини, корп. 22;;novostroev;https://novostroev.ru/novostroyki/moskva/szao/pokrovskoe-streshnevo/primavera/;2026-09-23
pushkarev-12;1;4;51.0;51.0;;;;;;;;;anwin.ru;https://anwin.ru/project/zhk-pushkarev-12;2026-09-23
pushkarev-12;2;6;;;;;;;;;;;anwin.ru;https://anwin.ru/project/zhk-pushkarev-12;2026-09-23
pushkarev-12;3;4;;174.5;;;;;;;;;anwin.ru;https://anwin.ru/project/zhk-pushkarev-12;2026-09-23
pushkarev-12;4+;1;279.0;279.0;;;;279.0;;;;;anwin.ru;https://anwin.ru/project/zhk-pushkarev-12;2026-09-23
pyzhevskiy;2;8;83.9;111.4;238943151;;353739560;83.9;238943151;2;;с отделкой;застройщик;https://tekta.ru/search?project=13;2026-09-23
pyzhevskiy;3;4;149.0;149.1;426475566;;495236944;149.0;426475566;2;;с отделкой;застройщик;https://tekta.ru/search?project=13;2026-09-23
pyzhevskiy;4+;10;196.1;243.7;459000000;;750125255;;;;;;novostroev;https://novostroev.ru/novostroyki/moskva/cao/zamoskvoreche/pyzhyevskiy/;2026-09-03
quartier-d-or;1;;60.0;;;;;;;;;;novostroev;https://novostroev.ru/novostroyki/moskva/cao/zamoskvoreche/quartier-d-or/;2026-09-05
quartier-d-or;2;;105.1;;;;;;;;;;novostroev;https://novostroev.ru/novostroyki/moskva/cao/zamoskvoreche/quartier-d-or/;2026-09-05
quartier-d-or;3;;167.8;167.8;;;;;;;;;novostroev;https://novostroev.ru/novostroyki/moskva/cao/zamoskvoreche/quartier-d-or/;2026-09-05
rakurs;студия;10;28.7;37.2;19114922;23598670;30532830;30.4;23598670;4;корп. 2;;застройщик;https://rakurs.moscow/catalog;2026-09-23
rakurs;1;78;33.9;55.1;22356761;27600940;39361080;34.3;27600940;10;корп. 3;;застройщик;https://rakurs.moscow/catalog;2026-09-23
rakurs;2;81;51.5;92.1;28797950;35553020;60538620;53.6;35553020;4;корп. 2;;застройщик;https://rakurs.moscow/catalog;2026-09-23
rakurs;3;25;73.3;126.5;38546450;47588210;75523410;75.1;47588210;7;корп. 4;;застройщик;https://rakurs.moscow/catalog;2026-09-23
rakurs;4+;14;101.8;106.9;51246424;63267190;72370240;102.0;63267190;19;корп. 2;;застройщик;https://rakurs.moscow/catalog;2026-09-23
razdory-2;дом;9;550.0;2100.0;575000000;;;550.0;575000000;;лот hs9911067, участок 10 сот.;с мебелью;NF Group (kf.expert), вторичка;https://kf.expert/zagorod/poselki/razdory-2-sl14080;2026-09-23
rechnoy;дом;5;718.0;2560.0;756858600;;4204770000;718.0;756858600;;лот 204219, участок 18 сот.;;Kalinka, вторичка;https://www.kalinka-realty.ru/zagorod/elitnye-poselki/rechnoi/;2026-09-23
rechnoy;участок;1;;;840954000;;840954000;;840954000;;лот 206418, 18 сот.;;Kalinka, вторичка;https://www.kalinka-realty.ru/zagorod/elitnye-poselki/rechnoi/;2026-09-23
red7;студия;12;27.2;54.9;23000000;;34830000;27.2;23000000;5;;;novostroev;https://novostroev.ru/novostroyki/moskva/cao/krasnoselskiy/siluet-na-uglu-sadovogo-koltsa-i-prospekta-akademika-sakharova/studii/;2026-09-17
red7;2;7;65.0;163.8;49725000;;82719000;66.3;49725000;13;;;novostroev;https://novostroev.ru/novostroyki/moskva/cao/krasnoselskiy/siluet-na-uglu-sadovogo-koltsa-i-prospekta-akademika-sakharova/2-komnatnye/;2026-09-17
red7;3;14;71.2;278.1;50635000;;264195000;77.9;50635000;3;;;novostroev;https://novostroev.ru/novostroyki/moskva/cao/krasnoselskiy/siluet-na-uglu-sadovogo-koltsa-i-prospekta-akademika-sakharova/3-komnatnye/;2026-09-17
red7;4+;4;143.4;255.5;127750000;;172608000;255.5;127750000;4;;;novostroev;https://novostroev.ru/novostroyki/moskva/cao/krasnoselskiy/siluet-na-uglu-sadovogo-koltsa-i-prospekta-akademika-sakharova/;2026-09-17
reka;1;21;52.1;65.6;51787890;57250600;77220000;58.3;57250600;3;Река-4, корп. 1;без отделки;застройщик;https://donstroy.moscow/full-search/;2026-09-23
reka;2;38;81.0;129.0;69109200;75579000;191565000;88.5;75579000;2;Река-4, корп. 1;без отделки;застройщик;https://donstroy.moscow/full-search/;2026-09-23
reka;3;34;102.6;245.9;89939160;92606400;359837100;106.2;92606400;3;Река-4, корп. 1;без отделки;застройщик;https://donstroy.moscow/full-search/;2026-09-23
reka;4+;34;149.6;329.0;127558200;;403000000;150.6;127558200;3;Река-4, корп. 1;без отделки;застройщик;https://donstroy.moscow/full-search/;2026-09-23
renaissance-park;дом;;359.6;;;;;;;;;;realty.yandex.ru (блок застройщика Villagio Estate);https://realty.yandex.ru/moskva_i_moskovskaya_oblast/kupit/kottedzhnye-poselki/renessans-park-1774361/;2026-09-23
renaissance-park;участок;;;;;;;;;;;;realty.yandex.ru (блок застройщика Villagio Estate);https://realty.yandex.ru/moskva_i_moskovskaya_oblast/kupit/kottedzhnye-poselki/renessans-park-1774361/;2026-09-23
renessans;1;;42.4;42.4;29200000;;33700000;;;;;;novostroev;https://novostroev.ru/novostroyki/moskva/vao/sokolniki/zhk-renessans/;2026-09-17
renessans;2;;51.0;74.0;26100000;;55200000;;;;;;novostroev;https://novostroev.ru/novostroyki/moskva/vao/sokolniki/zhk-renessans/;2026-09-17
renessans;3;;73.0;122.3;41700000;;72700000;;;;;;novostroev;https://novostroev.ru/novostroyki/moskva/vao/sokolniki/zhk-renessans/;2026-09-17
renessans;4+;;97.0;192.8;56900000;;147700000;;;;;;novostroev;https://novostroev.ru/novostroyki/moskva/vao/sokolniki/zhk-renessans/;2026-09-17
republic;студия;13;26.9;31.5;17900143;;27781716;27.4;17900143;13;очередь со сроком 4 кв. 2027 (33 эт.);;novostroev;https://novostroev.ru/novostroyki/moskva/cao/presnenskiy/republic/studii/;2026-09-17
republic;1;68;32.1;64.1;22200000;;47054547;;;;;;novostroev;https://novostroev.ru/novostroyki/moskva/cao/presnenskiy/republic/1-komnatnye/;2026-09-17
republic;2;70;47.5;130.9;33700000;;209659602;;;;;;novostroev;https://novostroev.ru/novostroyki/moskva/cao/presnenskiy/republic/;2026-09-17
republic;3;61;74.7;135.1;44300000;;198002560;;;;;;novostroev;https://novostroev.ru/novostroyki/moskva/cao/presnenskiy/republic/;2026-09-17
republic;4+;6;117.3;130.1;90043100;;116059744;117.3;90043100;31;очередь со сроком 4 кв. 2027 (33 эт.);;novostroev;https://novostroev.ru/novostroyki/moskva/cao/presnenskiy/republic/4-komnatnye/;2026-09-17
rezhisser;2;1;65.9;65.9;41900000;;41900000;65.9;41900000;;;;novostroev;https://novostroev.ru/novostroyki/moskva/svao/rostokino/na-ul-vilgelma-pika-3/;2026-09-09
rezhisser;3;2;69.4;83.2;40000000;;42100000;69.4;40000000;;;;novostroev;https://novostroev.ru/novostroyki/moskva/svao/rostokino/na-ul-vilgelma-pika-3/;2026-09-09
rezhisser;4+;1;135.8;135.8;105900000;;105900000;135.8;105900000;;;;novostroev;https://novostroev.ru/novostroyki/moskva/svao/rostokino/na-ul-vilgelma-pika-3/;2026-09-09
rezidentsii-arkhitektorov;1;;29.0;58.5;12900000;;29200000;;;;;;novostroev;https://novostroev.ru/novostroyki/moskva/cao/basmannyy/rezidentsii-arkhitektorov/;2026-09-17
rezidentsii-skolkovo;1;19;42.7;49.7;18331628;;21688766;42.7;18331628;6;Корпус 6.2;без отделки;cian (фид Абсолют Недвижимость);https://www.cian.ru/sale/flat/331001575/;2026-09-23
rezidentsii-skolkovo;2;60;57.5;80.7;23845125;;31531757;61.3;23845125;5;Корпус 6.2;без отделки;cian (фид Абсолют Недвижимость);https://www.cian.ru/sale/flat/331116346/;2026-09-23
rezidentsii-skolkovo;3;39;87.3;106.2;32067120;;44890309;89.8;32067120;7;Корпус 2.1;без отделки;cian (фид Абсолют Недвижимость);https://www.cian.ru/sale/flat/331001530/;2026-09-23
rezidentsii-vorontsova;1;;64.0;83.2;;;;;;;;;novostroev;https://novostroev.ru/novostroyki/moskva/cao/taganskiy/vorontsov/;2026-09-18
rezidentsii-vorontsova;2;;92.0;156.4;;;;;;;;;novostroev;https://novostroev.ru/novostroyki/moskva/cao/taganskiy/vorontsov/;2026-09-18
rezidentsii-vorontsova;3;;152.0;234.5;;;;;;;;;novostroev;https://novostroev.ru/novostroyki/moskva/cao/taganskiy/vorontsov/;2026-09-18
rezidentsii-vorontsova;4+;;187.6;196.5;;;;;;;;;novostroev;https://novostroev.ru/novostroyki/moskva/cao/taganskiy/vorontsov/;2026-09-18
rezidentsiya-1864;4+;7;290.0;1063.0;473840000;;3410000000;302.0;473840000;;;;cian (карточка ЖК);https://zhk-rezidenciya-1864-i.cian.ru/;2026-09-23
rezidentsiya-sokolniki;2;;58.5;70.6;30500000;;35400000;;;;;;novostroev;https://novostroev.ru/novostroyki/moskva/vao/sokolniki/rezidentsiya-sokolniki/;2026-09-17
rezidentsiya-sokolniki;3;;89.1;;46900000;;;;;;;;novostroev;https://novostroev.ru/novostroyki/moskva/vao/sokolniki/rezidentsiya-sokolniki/;2026-09-17
rezidentsiya-sokolniki;4+;;160.3;;84500000;;;;;;;;novostroev;https://novostroev.ru/novostroyki/moskva/vao/sokolniki/rezidentsiya-sokolniki/;2026-09-17
ridzh;студия;27;28.5;33.5;18800000;21859000;26107500;29.3;21859000;3;Ридж ГП-1;;застройщик;https://strana.com/msk/flats/premium/?city=Q2l0eVR5cGU6MQ%3D%3D&project=UHJvamVjdFR5cGU6cmlkZ2U%3D;2026-09-23
ridzh;1;64;35.8;52.7;22480000;26138500;38756000;40.0;26138500;2;Ридж ГП-1;;застройщик;https://strana.com/msk/flats/premium/?city=Q2l0eVR5cGU6MQ%3D%3D&project=UHJvamVjdFR5cGU6cmlkZ2U%3D;2026-09-23
ridzh;2;38;56.5;83.2;33510000;38965500;57535500;65.6;38965500;7;Ридж ГП-1;;застройщик;https://strana.com/msk/flats/premium/?city=Q2l0eVR5cGU6MQ%3D%3D&project=UHJvamVjdFR5cGU6cmlkZ2U%3D;2026-09-23
ridzh;3;12;84.2;109.1;41600000;48367500;59427000;87.8;48367500;3;Ридж ГП-1;;застройщик;https://strana.com/msk/flats/premium/?city=Q2l0eVR5cGU6MQ%3D%3D&project=UHJvamVjdFR5cGU6cmlkZ2U%3D;2026-09-23
riga-hills;студия;396;24.0;36.6;8100000;;11900000;31.3;8142955;2;корпус 1, секция 11 (кв. 443);;застройщик + cian;https://rigahills.ru/flats;2026-09-23
riga-hills;1;413;40.0;58.5;9300000;;18500000;;;;;;cian;https://zhk-riga-hills-i.cian.ru/;2026-09-23
riga-hills;2;307;64.0;101.6;15100000;;29100000;;;;;;cian;https://zhk-riga-hills-i.cian.ru/;2026-09-23
riga-hills;3;115;89.0;110.1;16800000;;30700000;;;;;;cian;https://zhk-riga-hills-i.cian.ru/;2026-09-23
riga-hills;4+;6;104.0;115.9;20700000;;22800000;104.0;20700000;;корпус 1 (4 кв. 2026);;cian;https://zhk-riga-hills-i.cian.ru/;2026-09-23
river-park-kutuzovskiy;студия;9;21.3;41.0;27500000;;48100000;;;;;;novostroev;https://novostroev.ru/novostroyki/moskva/zao/dorogomilovo/river-park-towers-kutuzovskiy-river-park-tauers-kutuzovskiy/;2026-09-18
river-park-kutuzovskiy;1;1;41.2;41.2;37500000;;37500000;;;;;;novostroev;https://novostroev.ru/novostroyki/moskva/zao/dorogomilovo/river-park-towers-kutuzovskiy-river-park-tauers-kutuzovskiy/;2026-09-18
river-park-kutuzovskiy;2;47;36.4;56.6;32200000;;63500000;;;;;;novostroev;https://novostroev.ru/novostroyki/moskva/zao/dorogomilovo/river-park-towers-kutuzovskiy-river-park-tauers-kutuzovskiy/;2026-09-18
river-park-kutuzovskiy;3;82;35.9;104.2;32800000;;128000000;;;;;;novostroev;https://novostroev.ru/novostroyki/moskva/zao/dorogomilovo/river-park-towers-kutuzovskiy-river-park-tauers-kutuzovskiy/;2026-09-18
river-park-kutuzovskiy;4+;46;83.3;151.6;88200000;;288000000;105.3;141830000;10/46;Изумруд;;novostroev;https://novostroev.ru/novostroyki/moskva/zao/dorogomilovo/river-park-towers-kutuzovskiy-river-park-tauers-kutuzovskiy/;2026-09-18
rodina-park;студия;6;29.7;37.9;24981674;;32391383;29.7;24981674;26;корп. 5;;застройщик;https://rodinapark.ru/params?objectType=flats;2026-09-23
rodina-park;1;11;38.5;46.8;28083471;29339188;33467718;38.5;29339188;23;корп. 5;;застройщик;https://rodinapark.ru/params?objectType=flats;2026-09-23
rodina-park;2;24;41.0;62.1;32465975;;45790841;46.8;32465975;30;корп. 4;;застройщик;https://rodinapark.ru/params?objectType=flats;2026-09-23
rodina-park;3;33;61.6;135.1;44114929;49271424;139510570;64.2;49271424;34;корп. 4;;застройщик;https://rodinapark.ru/params?objectType=flats;2026-09-23
rodina-park;4+;9;86.1;174.5;70744577;71101051;221944700;86.1;71101051;10;корп. 1;;застройщик;https://rodinapark.ru/params?objectType=flats;2026-09-23
rodina-peredelkino;студия;14;24.1;27.6;14298964;15368710;18204020;25.0;15368710;16;корп. 5;;застройщик;https://rodina-peredelkino.ru/catalog/;2026-09-23
rodina-peredelkino;2;82;38.0;53.0;18125615;20091710;27803030;38.5;20091710;14;корп. 5;;застройщик;https://rodina-peredelkino.ru/catalog/;2026-09-23
rodina-peredelkino;3;89;63.4;94.7;25588384;28771360;42976050;63.8;28771360;6;корп. 2;;застройщик;https://rodina-peredelkino.ru/catalog/;2026-09-23
rodina-peredelkino;4+;9;89.9;96.9;35986051;36583240;44222910;89.9;36583240;29;корп. 1;;застройщик;https://rodina-peredelkino.ru/catalog/;2026-09-23
rotterdam;студия;3;27.0;33.0;20147994;;24412476;27.0;20147994;27;корпус 2.1;предчистовая;застройщик;https://fsk.ru/rotterdam/flats;2026-09-23
rotterdam;2;6;50.5;60.0;28309492;;40577450;50.5;28309492;25;корпус 2.1;предчистовая;застройщик;https://fsk.ru/rotterdam/flats;2026-09-23
rotterdam;3;6;74.9;89.1;48755855;;55047123;74.9;48755855;17;корпус 2.3;чистовая;застройщик;https://fsk.ru/rotterdam/flats;2026-09-23
rotterdam;4+;5;90.0;109.2;47451604;;72925726;100.1;47451604;10;корпус 2.1;без отделки;застройщик;https://fsk.ru/rotterdam/flats;2026-09-23
rozhdestvenka-8;1;;65.0;;;;;;;;;;novostroev;https://novostroev.ru/novostroyki/moskva/cao/meshchanskiy/rozhdestvenka-8/;2026-09-17
rozhdestvenka-8;2;;132.0;;;;;;;;;;novostroev;https://novostroev.ru/novostroyki/moskva/cao/meshchanskiy/rozhdestvenka-8/;2026-09-17
rozhdestvenka-8;3;;174.0;;;;;;;;;;novostroev;https://novostroev.ru/novostroyki/moskva/cao/meshchanskiy/rozhdestvenka-8/;2026-09-17
russkie-sezony;4+;10;117.2;267.5;492327262;;916726305;117.2;492327262;6;;без отделки;novostroev;https://novostroev.ru/novostroyki/moskva/cao/zamoskvoreche/russkie-sezony/;2026-09-17
rustaveli-14;студия;;23.7;28.9;17000000;;17700000;;;;;;novostroev;https://novostroev.ru/novostroyki/moskva/svao/butyrskiy/na-ul-rustaveli/;2026-09-17
rustaveli-14;1;;29.0;48.2;18600000;;24000000;;;;;;novostroev;https://novostroev.ru/novostroyki/moskva/svao/butyrskiy/na-ul-rustaveli/;2026-09-17
rustaveli-14;2;;45.4;69.2;24900000;;33800000;;;;;;novostroev;https://novostroev.ru/novostroyki/moskva/svao/butyrskiy/na-ul-rustaveli/;2026-09-17
rustaveli-14;3;;66.4;79.5;28400000;;38000000;;;;;;novostroev;https://novostroev.ru/novostroyki/moskva/svao/butyrskiy/na-ul-rustaveli/;2026-09-17
s5;1;41;39.5;60.1;33917364;36866700;66780000;41.1;36866700;3;Серегина 5 корпус 6;Без отделки;застройщик;https://www.mr-group.ru/projects/s5/;2026-09-23
s5;2;31;55.0;85.0;53347764;57986700;89094500;68.3;57986700;3;Серегина 5 корпус 6;Без отделки;застройщик;https://www.mr-group.ru/projects/s5/;2026-09-23
s5;3;29;79.0;122.0;58622400;64622000;128344000;79.0;64622000;23;Серегина 5 корпус 6;Без отделки;застройщик;https://www.mr-group.ru/projects/s5/;2026-09-23
s5;4+;2;123.4;125.9;93320016;101434800;122123000;123.4;101434800;40;Серегина 5 корпус 6;Без отделки;застройщик;https://www.mr-group.ru/projects/s5/;2026-09-23
sadovnicheskaya-69;1;;55.8;264.0;;;;;;;;;novostroev;https://novostroev.ru/novostroyki/moskva/cao/zamoskvoreche/sadovnicheskaya-69/;2026-09-17
sadovnicheskaya-69;2;;100.9;195.8;;;;;;;;;novostroev;https://novostroev.ru/novostroyki/moskva/cao/zamoskvoreche/sadovnicheskaya-69/;2026-09-17
sadovnicheskaya-69;3;;106.2;307.3;;;;;;;;;novostroev;https://novostroev.ru/novostroyki/moskva/cao/zamoskvoreche/sadovnicheskaya-69/;2026-09-17
sadovnicheskaya-69;4+;;169.4;267.0;;;;;;;;;novostroev;https://novostroev.ru/novostroyki/moskva/cao/zamoskvoreche/sadovnicheskaya-69/;2026-09-17
sady-mayendorf;дом;8;1062.0;2800.0;;;;1062.0;;;лот hs9917352, участок 30 сот., $8 500 000;с мебелью;NF Group (kf.expert), вторичка;https://kf.expert/zagorod/poselki/sady-majendorf-sl11016;2026-09-23
sady-mayendorf;участок;3;;;;;;;;;лот ls9919592, 58 сот., $17 400 000;;NF Group (kf.expert), вторичка;https://kf.expert/zagorod/poselki/sady-majendorf-sl11016;2026-09-23
savvinskaya-17;3;;110.4;;;;;;;;;;novostroev;https://novostroev.ru/novostroyki/moskva/cao/khamovniki/saavinskaya-17/;2026-09-18
savvinskaya-17;4+;;110.0;;;;;;;;;;novostroev;https://novostroev.ru/novostroyki/moskva/cao/khamovniki/saavinskaya-17/;2026-09-18
savvinskaya-17;4+;;134.4;;;;;;;;;;novostroev;https://novostroev.ru/novostroyki/moskva/cao/khamovniki/saavinskaya-17/;2026-09-18
savvinskaya-27;2;;82.5;;;;;;;;;;novostroev;https://novostroev.ru/novostroyki/moskva/cao/khamovniki/savvinskaya-27/;2026-09-09
savvinskaya-27;3;;131.3;137.5;;;;;;;;;novostroev;https://novostroev.ru/novostroyki/moskva/cao/khamovniki/savvinskaya-27/;2026-09-09
savvinskaya-27;4+;;191.0;194.4;;;;;;;;;novostroev;https://novostroev.ru/novostroyki/moskva/cao/khamovniki/savvinskaya-27/;2026-09-09
savvinskaya-27;4+;;204.5;239.6;;;;;;;;;novostroev;https://novostroev.ru/novostroyki/moskva/cao/khamovniki/savvinskaya-27/;2026-09-09
savvinskaya-27;4+;;340.9;;;;;;;;;;novostroev;https://novostroev.ru/novostroyki/moskva/cao/khamovniki/savvinskaya-27/;2026-09-09
sbersiti-v-rublevo-arkhangelskom;1;43;42.0;70.0;29800000;;57320000;;;;;;cian;https://zhk-sbersiti-i.cian.ru/;2026-08-01
sbersiti-v-rublevo-arkhangelskom;2;81;62.0;126.0;34200000;;81600000;;;;;;cian;https://zhk-sbersiti-i.cian.ru/;2026-08-01
sbersiti-v-rublevo-arkhangelskom;3;70;72.0;135.1;47100000;;148870000;;;;;;cian;https://zhk-sbersiti-i.cian.ru/;2026-08-01
sbersiti-v-rublevo-arkhangelskom;4+;6;121.8;178.5;74610000;;101260000;123.0;74610000;;В16 корпус 5 (сдача 2028);;cian;https://zhk-sbersiti-i.cian.ru/;2026-08-01
self;1;;37.5;68.0;19900000;;31400000;;;;;;novostroev;https://novostroev.ru/novostroyki/moskva/vao/bogorodskoe/self/;2026-09-18
self;2;;55.0;73.6;21200000;;30900000;;;;;;novostroev;https://novostroev.ru/novostroyki/moskva/vao/bogorodskoe/self/;2026-09-18
self;3;;81.8;92.6;27500000;;34900000;;;;;;novostroev;https://novostroev.ru/novostroyki/moskva/vao/bogorodskoe/self/;2026-09-18
self;4+;;110.4;143.0;43700000;;65600000;;;;;;novostroev;https://novostroev.ru/novostroyki/moskva/vao/bogorodskoe/self/;2026-09-18
seliger-siti;студия;2;29.0;35.3;19362434;24203043;26061003;29.0;24203043;6;Левенгук;Без отделки;застройщик;https://www.mr-group.ru/projects/zhk-seliger-siti/;2026-09-23
seliger-siti;1;3;40.0;41.1;22553057;27843280;29513910;40.1;27843280;4;Ломоносов;Без отделки;застройщик;https://www.mr-group.ru/projects/zhk-seliger-siti/;2026-09-23
seliger-siti;2;2;57.7;70.0;30564036;36824140;36879534;57.7;36824140;15;Ломоносов;Без отделки;застройщик;https://www.mr-group.ru/projects/zhk-seliger-siti/;2026-09-23
seliger-siti;3;5;89.2;92.8;39054517;47627460;50085216;89.2;47627460;3;Левенгук;Без отделки;застройщик;https://www.mr-group.ru/projects/zhk-seliger-siti/;2026-09-23
set;студия;66;22.5;31.9;16487450;19397000;24428300;23.8;19397000;21;СЕТ.2.1;Без отделки;застройщик;https://www.mr-group.ru/projects/zhk-set/;2026-09-23
set;1;295;30.8;72.4;19071255;22436770;45771000;32.5;22436770;54;СЕТ.2.2;Без отделки;застройщик;https://www.mr-group.ru/projects/zhk-set/;2026-09-23
set;2;237;47.9;90.3;25857000;30420000;71313300;50.7;30420000;47;СЕТ.2.1;Без отделки;застройщик;https://www.mr-group.ru/projects/zhk-set/;2026-09-23
set;3;83;76.1;132.8;36680934;43154040;92988000;79.6;43154040;31;СЕТ.2.2;Без отделки;застройщик;https://www.mr-group.ru/projects/zhk-set/;2026-09-23
set;4+;14;92.6;147.4;45994567;54111255;99142500;97.4;54111255;47;СЕТ.2.2;Без отделки;застройщик;https://www.mr-group.ru/projects/zhk-set/;2026-09-23
severnyy-port-beregovye-kvartaly;студия;;28.1;28.8;17600000;;19800000;;;;;;novostroev;https://novostroev.ru/novostroyki/moskva/sao/levoberezhnyy/severnyy-port-beregovye-kvartaly/;2026-08-28
severnyy-port-beregovye-kvartaly;1;;38.0;48.9;21100000;;36100000;;;;;;novostroev;https://novostroev.ru/novostroyki/moskva/sao/levoberezhnyy/severnyy-port-beregovye-kvartaly/;2026-08-28
severnyy-port-beregovye-kvartaly;2;;59.1;98.2;34000000;;69500000;;;;;;novostroev;https://novostroev.ru/novostroyki/moskva/sao/levoberezhnyy/severnyy-port-beregovye-kvartaly/;2026-08-28
severnyy-port-beregovye-kvartaly;3;;88.3;129.8;47600000;;86700000;;;;;;novostroev;https://novostroev.ru/novostroyki/moskva/sao/levoberezhnyy/severnyy-port-beregovye-kvartaly/;2026-08-28
severnyy-port-beregovye-kvartaly;4+;;134.8;146.1;75300000;;98100000;;;;;;novostroev;https://novostroev.ru/novostroyki/moskva/sao/levoberezhnyy/severnyy-port-beregovye-kvartaly/;2026-08-28
sezar-budushchee;1;;29.0;52.6;24300000;;58000000;;;;;;novostroev;https://novostroev.ru/novostroyki/moskva/sao/khoroshyevskiy/sezar-future/;2026-09-17
sezar-budushchee;2;;51.0;87.3;33300000;;77200000;;;;;;novostroev;https://novostroev.ru/novostroyki/moskva/sao/khoroshyevskiy/sezar-future/;2026-09-17
sezar-budushchee;3;;69.0;90.5;42300000;;94300000;;;;;;novostroev;https://novostroev.ru/novostroyki/moskva/sao/khoroshyevskiy/sezar-future/;2026-09-17
sezar-silika;1;;35.0;49.5;;;;;;;;;novostroev;https://novostroev.ru/novostroyki/moskva/szao/khoroshyevo-mnyevniki/sezar-silica/;2026-09-05
sezar-silika;2;;65.7;75.6;;;;;;;;;novostroev;https://novostroev.ru/novostroyki/moskva/szao/khoroshyevo-mnyevniki/sezar-silica/;2026-09-05
sezar-silika;3;;73.0;91.5;;;;;;;;;novostroev;https://novostroev.ru/novostroyki/moskva/szao/khoroshyevo-mnyevniki/sezar-silica/;2026-09-05
sezar-siti;1;;36.0;53.9;23600000;;51200000;;;;;;novostroev;https://novostroev.ru/novostroyki/moskva/sao/khoroshyevskiy/sezar-city/;2026-09-17
sezar-siti;2;;58.0;87.4;32600000;;74300000;;;;;;novostroev;https://novostroev.ru/novostroyki/moskva/sao/khoroshyevskiy/sezar-city/;2026-09-17
sezar-siti;3;;72.0;106.0;37500000;;78700000;;;;;;novostroev;https://novostroev.ru/novostroyki/moskva/sao/khoroshyevskiy/sezar-city/;2026-09-17
sezar-siti;4+;;117.6;121.1;70200000;;111800000;;;;;;novostroev;https://novostroev.ru/novostroyki/moskva/sao/khoroshyevskiy/sezar-city/;2026-09-17
shagal;студия;;27.9;36.6;14600000;;18500000;;;;;;novostroev;https://novostroev.ru/novostroyki/moskva/uao/danilovskiy/shagal/;2026-09-09
shagal;1;;39.6;60.6;18200000;;31000000;;;;;;novostroev;https://novostroev.ru/novostroyki/moskva/uao/danilovskiy/shagal/;2026-09-09
shagal;2;;43.2;84.5;18700000;;48800000;;;;;;novostroev;https://novostroev.ru/novostroyki/moskva/uao/danilovskiy/shagal/;2026-09-09
shagal;3;;80.2;127.7;31300000;;52900000;;;;;;novostroev;https://novostroev.ru/novostroyki/moskva/uao/danilovskiy/shagal/;2026-09-09
shagal;4+;;110.8;159.7;41300000;;68300000;;;;;;novostroev;https://novostroev.ru/novostroyki/moskva/uao/danilovskiy/shagal/;2026-09-09
shelepikha;1;;24.0;51.2;19200000;;31800000;;;;;;novostroev;https://novostroev.ru/novostroyki/moskva/cao/cosmopolit/;2026-09-17
shelepikha;2;;62.0;94.5;32700000;;48300000;;;;;;novostroev;https://novostroev.ru/novostroyki/moskva/cao/cosmopolit/;2026-09-17
shelepikha;3;;93.4;97.9;43000000;;49800000;;;;;;novostroev;https://novostroev.ru/novostroyki/moskva/cao/cosmopolit/;2026-09-17
shift;2;26;45.3;48.8;33200000;;43800000;;;;;;novostroev;https://novostroev.ru/novostroyki/moskva/uao/donskoy/shift-shift/;2026-09-05
shift;3;28;82.3;107.7;61900000;;125400000;;;;;;novostroev;https://novostroev.ru/novostroyki/moskva/uao/donskoy/shift-shift/;2026-09-05
shift;4+;6;108.7;139.2;106200000;;144100000;;;;;;novostroev;https://novostroev.ru/novostroyki/moskva/uao/donskoy/shift-shift/;2026-09-05
sidney-siti;студия;;;;23253040;;;30.7;23253040;7;корпус 6.2, секция 2;без отделки;застройщик;https://fsk.ru/sydney-city/flats;2026-09-23
sidney-siti;1;;;;26402770;;;35.5;26402770;11;корпус 6.1, секция 1;без отделки;застройщик;https://fsk.ru/sydney-city/flats;2026-09-23
sidney-siti;2;;;;31111116;;;43.4;31111116;10;корпус 6.3, секция 3;предчистовая;застройщик;https://fsk.ru/sydney-city/flats;2026-09-23
sidney-siti;3;;61.9;99.5;32200000;;61000000;;;;;;novostroev;https://novostroev.ru/novostroyki/moskva/szao/khoroshyevo-mnyevniki/sydney-city-sidney-siti/;2026-09-18
sidney-siti;4+;;90.8;156.4;49200000;;112800000;;;;;;novostroev;https://novostroev.ru/novostroyki/moskva/szao/khoroshyevo-mnyevniki/sydney-city-sidney-siti/;2026-09-18
sikret-garden;1;135;29.9;69.0;20670040;;40893280;29.9;20670040;19;;;novostroev;https://novostroev.ru/novostroyki/moskva/uzao/obruchevskiy/profsoyuznaya-vl-76a/flats/;2026-09-21
sikret-garden;2;15;62.3;84.6;36157200;;47105490;62.3;36157200;7;;;novostroev;https://novostroev.ru/novostroyki/moskva/uzao/obruchevskiy/profsoyuznaya-vl-76a/flats/;2026-09-21
sikret-garden;3;21;81.7;123.0;43851420;;69355080;81.7;43851420;3;;;novostroev;https://novostroev.ru/novostroyki/moskva/uzao/obruchevskiy/profsoyuznaya-vl-76a/flats/;2026-09-21
sikret-garden;4+;2;109.0;109.8;58549110;;58973340;109.0;58549110;3;;;novostroev;https://novostroev.ru/novostroyki/moskva/uzao/obruchevskiy/profsoyuznaya-vl-76a/flats/;2026-09-21
simfoniya-34;студия;2;27.8;27.8;23733972;27922320;28330980;27.8;27922320;30;Sienna;Готовая отделка;застройщик;https://www.mr-group.ru/projects/symphony-34/;2026-09-23
simfoniya-34;1;40;31.8;41.7;24595056;28935360;39598080;40.8;28935360;8;Crystal;Базовая отделка;застройщик;https://www.mr-group.ru/projects/symphony-34/;2026-09-23
simfoniya-34;2;58;57.6;71.0;33743164;38862720;51240930;57.6;38862720;39;Graphite;Базовая отделка;застройщик;https://www.mr-group.ru/projects/symphony-34/;2026-09-23
simfoniya-34;3;22;82.5;93.1;45587030;53541000;64740000;90.0;53541000;34;Crystal;Базовая отделка;застройщик;https://www.mr-group.ru/projects/symphony-34/;2026-09-23
simfoniya-34;4+;4;132.6;154.9;90333087;95087460;120231360;132.6;95087460;49;Crystal;Базовая отделка;застройщик;https://www.mr-group.ru/projects/symphony-34/;2026-09-23
simonovskiy-val;студия;;34.3;34.4;21400000;;24200000;;;;;;novostroev;https://novostroev.ru/novostroyki/moskva/uvao/yuzhnoportovyy-rayon/simonovskiy-val/;2026-08-26
simonovskiy-val;1;;40.4;41.6;25300000;;28800000;;;;;;novostroev;https://novostroev.ru/novostroyki/moskva/uvao/yuzhnoportovyy-rayon/simonovskiy-val/;2026-08-26
simonovskiy-val;2;;49.8;57.0;25000000;;46700000;;;;;;novostroev;https://novostroev.ru/novostroyki/moskva/uvao/yuzhnoportovyy-rayon/simonovskiy-val/;2026-08-26
simonovskiy-val;3;;54.8;80.8;33600000;;71300000;;;;;;novostroev;https://novostroev.ru/novostroyki/moskva/uvao/yuzhnoportovyy-rayon/simonovskiy-val/;2026-08-26
simonovskiy-val;4+;;76.5;112.7;42600000;;78100000;;;;;;novostroev;https://novostroev.ru/novostroyki/moskva/uvao/yuzhnoportovyy-rayon/simonovskiy-val/;2026-08-26
simvol;студия;67;28.0;37.4;18120960;20592000;24049200;28.6;20592000;9;Гордость, корп. 39;без отделки;застройщик;https://donstroy.moscow/full-search/;2026-09-23
simvol;1;115;36.4;50.7;23320800;;31925880;36.9;23320800;15;Гордость, корп. 36;без отделки;застройщик;https://donstroy.moscow/full-search/;2026-09-23
simvol;2;93;52.5;85.8;32458300;;44101200;62.3;32458300;2;Гордость, корп. 36;без отделки;застройщик;https://donstroy.moscow/full-search/;2026-09-23
simvol;3;44;77.4;116.9;41718600;;62775300;77.4;41718600;4;Гордость, корп. 39;без отделки;застройщик;https://donstroy.moscow/full-search/;2026-09-23
simvol;4+;7;105.8;121.4;53534800;56924000;66193000;106.4;56924000;3;Гордость, корп. 39;без отделки;застройщик;https://donstroy.moscow/full-search/;2026-09-23
siti-bey;студия;24;25.9;34.1;16566860;18407622;21782737;25.9;18407622;31;Пасифик 1;Без отделки;застройщик;https://www.mr-group.ru/projects/zhk-citybay/;2026-09-23
siti-bey;1;363;33.0;89.6;18392415;20436017;32921549;33.7;20436017;11;Пасифик 1;Без отделки;застройщик;https://www.mr-group.ru/projects/zhk-citybay/;2026-09-23
siti-bey;2;256;50.3;80.9;22362837;24847596;39502494;50.3;24847596;17;Пасифик 4;Без отделки;застройщик;https://www.mr-group.ru/projects/zhk-citybay/;2026-09-23
siti-bey;3;136;73.7;132.9;29955317;33283686;59348754;79.4;33283686;2;Норс 7;Базовая отделка;застройщик;https://www.mr-group.ru/projects/zhk-citybay/;2026-09-23
siti-bey;4+;16;96.1;127.0;37271864;41413182;60238938;107.2;41413182;53;Пасифик 4;Без отделки;застройщик;https://www.mr-group.ru/projects/zhk-citybay/;2026-09-23
sitimiks;студия;;20.7;24.2;10400000;;12100000;;;;;;novostroev;https://novostroev.ru/novostroyki/moskva/zao/troparyevo-nikulino/bon-appart/;2026-09-17
sitizen;студия;10;20.8;30.0;15312024;16117920;20709000;20.8;16117920;2;Парус 5;Без отделки;застройщик;https://www.mr-group.ru/projects/cityzen/;2026-09-23
sitizen;1;181;31.9;51.5;18632105;20252288;32161480;32.3;20252288;10;Маяк 3;Без отделки;застройщик;https://www.mr-group.ru/projects/cityzen/;2026-09-23
sitizen;2;115;53.1;72.0;25803028;28046770;41565900;56.9;28046770;7;Маяк 4;Без отделки;застройщик;https://www.mr-group.ru/projects/cityzen/;2026-09-23
sitizen;3;12;74.1;105.7;36312501;39347100;54776380;74.1;39347100;9;Парус 3;Без отделки;застройщик;https://www.mr-group.ru/projects/cityzen/;2026-09-23
skay-garden;студия;2;30.3;32.3;15200000;;15300000;30.3;15200000;;;;novostroev;https://novostroev.ru/novostroyki/moskva/szao/pokrovskoe-streshnevo/sky-garden/;2026-09-02
skay-garden;1;69;33.8;47.3;13900000;;21300000;33.8;13900000;;;;novostroev;https://novostroev.ru/novostroyki/moskva/szao/pokrovskoe-streshnevo/sky-garden/;2026-09-02
skay-garden;2;124;51.5;83.6;18500000;;27700000;51.5;18500000;;;;novostroev;https://novostroev.ru/novostroyki/moskva/szao/pokrovskoe-streshnevo/sky-garden/;2026-09-02
skay-garden;3;82;55.2;116.3;20400000;;37400000;55.2;20400000;;;;novostroev;https://novostroev.ru/novostroyki/moskva/szao/pokrovskoe-streshnevo/sky-garden/;2026-09-02
skay-garden;4+;6;103.2;112.3;36100000;;38900000;103.2;36100000;;;;novostroev;https://novostroev.ru/novostroyki/moskva/szao/pokrovskoe-streshnevo/sky-garden/;2026-09-02
skolkovo-one;студия;1;26.6;26.7;11900000;;11900000;26.7;11900000;2/9;корп. 5, секц. 3, №148;;застройщик;https://skolkovoone.ru/catalog/;2026-09-23
skolkovo-one;1;12;41.4;42.6;20100000;;21300000;41.4;20100000;8/9;корп. 5, секц. 2, №133;;застройщик;https://skolkovoone.ru/catalog/;2026-09-23
skolkovo-one;2;3;45.0;45.5;20200000;;20500000;45.0;20200000;4/9;корп. 4, секц. 3, №200;;застройщик;https://skolkovoone.ru/catalog/;2026-09-23
skolkovo-park;2;2;129.0;131.4;95400000;;97200000;129.0;95400000;;;;застройщик;https://www.park-skolkovo.ru/;2026-09-23
skolkovo-park;4+;2;141.0;141.0;145000000;;210000000;141.0;145000000;9;гараж;с отделкой;застройщик (раздел «вторичные продажи»);https://www.park-skolkovo.ru/;2026-09-23
sky-house;4+;;152.5;155.6;77400000;;78400000;;;;;;novostroev;https://novostroev.ru/novostroyki/moskva/cao/yakimanka/sky-house/;2026-09-17
slava;студия;30;28.1;34.4;28118502;31242780;38331630;28.2;31242780;20;D;Без отделки;застройщик;https://www.mr-group.ru/projects/zhk-slava/;2026-09-23
slava;1;46;36.7;58.1;38261952;42513280;63642740;36.7;42513280;3;F;Без отделки;застройщик;https://www.mr-group.ru/projects/zhk-slava/;2026-09-23
slava;2;47;62.0;86.4;55989981;62211090;92632900;66.7;62211090;2;D;Без отделки;застройщик;https://www.mr-group.ru/projects/zhk-slava/;2026-09-23
slava;3;22;86.7;146.0;90354600;100394000;258768380;101.0;100394000;32;E;Без отделки;застройщик;https://www.mr-group.ru/projects/zhk-slava/;2026-09-23
slava;4+;11;125.2;146.2;105840324;117600360;276698240;125.2;117600360;7;D;Без отделки;застройщик;https://www.mr-group.ru/projects/zhk-slava/;2026-09-23
sobytie;студия;24;25.3;37.3;21200000;;31300000;;;;;;novostroev;https://novostroev.ru/novostroyki/moskva/zao/ramenki/sobytie/;2026-08-19
sobytie;1;66;38.8;56.4;26100000;;40000000;;;;;;novostroev;https://novostroev.ru/novostroyki/moskva/zao/ramenki/sobytie/;2026-08-19
sobytie;2;86;59.8;79.4;32600000;;59100000;;;;;;novostroev;https://novostroev.ru/novostroyki/moskva/zao/ramenki/sobytie/;2026-08-19
sobytie;3;43;75.4;114.2;45800000;;73900000;;;;;;novostroev;https://novostroev.ru/novostroyki/moskva/zao/ramenki/sobytie/;2026-08-19
sobytie;4+;21;112.9;132.8;63900000;;92100000;;;;;;novostroev;https://novostroev.ru/novostroyki/moskva/zao/ramenki/sobytie/;2026-08-19
sokolinn-park;1;;36.9;42.1;16700000;;29600000;;;;;;novostroev;https://novostroev.ru/novostroyki/moskva/vao/bogorodskoe/grazhdanskaya/;2026-09-18
sokolinn-park;2;;50.4;68.7;24800000;;35000000;;;;;;novostroev;https://novostroev.ru/novostroyki/moskva/vao/bogorodskoe/grazhdanskaya/;2026-09-18
sokolinn-park;3;;70.4;88.9;29300000;;43500000;;;;;;novostroev;https://novostroev.ru/novostroyki/moskva/vao/bogorodskoe/grazhdanskaya/;2026-09-18
solos;студия;20;31.1;33.5;18206350;22476975;26396818;31.1;22476975;14;корп. Б;без отделки;застройщик;https://solos.moscow/apartments;2026-09-23
solos;1;148;36.1;67.3;20939808;25851615;42008712;44.4;25851615;7;корп. А;без отделки;застройщик;https://solos.moscow/apartments;2026-09-23
solos;2;23;53.1;83.4;25286627;31218058;52624269;53.1;31218058;15;корп. Б;без отделки;застройщик;https://solos.moscow/apartments;2026-09-23
solos;3;12;79.9;122.5;38889691;48011964;83055846;79.9;48011964;15;корп. А;без отделки;застройщик;https://solos.moscow/apartments;2026-09-23
solos;4+;8;108.7;133.3;62338792;76961472;92255898;110.7;76961472;40;корп. Б;;застройщик;https://solos.moscow/apartments;2026-09-23
soul;студия;8;26.8;30.4;21225656;24232320;27584960;28.8;24232320;11;Корпус 8;Без отделки;застройщик;https://forma.ru/market/projects/soul;2026-09-23
soul;1;59;35.9;55.6;25126787;28149190;42122560;35.9;28149190;2;Корпус 9;White Box;застройщик;https://forma.ru/market/projects/soul;2026-09-23
soul;2;35;58.9;107.0;36950846;38703190;109022300;58.9;38703190;2;Корпус 7;Без отделки;застройщик;https://forma.ru/market/projects/soul;2026-09-23
soul;3;38;76.6;152.8;41052784;48043520;136236480;76.6;48043520;3;Корпус 9;White Box;застройщик;https://forma.ru/market/projects/soul;2026-09-23
soul;4+;6;110.3;159.4;89719030;;132158540;113.9;89719030;18;Корпус 8;Без отделки;застройщик;https://forma.ru/market/projects/soul;2026-09-23
soyuz;студия;14;28.8;39.0;20600000;;28600000;;;;;;novostroev;https://novostroev.ru/novostroyki/moskva/svao/rostokino/soyuz-m/;2026-09-17
soyuz;1;39;41.3;54.7;29900000;;41800000;;;;;;novostroev;https://novostroev.ru/novostroyki/moskva/svao/rostokino/soyuz-m/;2026-09-17
soyuz;2;32;60.1;74.6;43000000;;88900000;;;;;;novostroev;https://novostroev.ru/novostroyki/moskva/svao/rostokino/soyuz-m/;2026-09-17
soyuz;3;35;77.9;163.0;58100000;;212540100;;;;;;novostroev;https://novostroev.ru/novostroyki/moskva/svao/rostokino/soyuz-m/;2026-09-17
soyuz;4+;15;94.7;190.9;91000000;;248503630;;;;;;novostroev;https://novostroev.ru/novostroyki/moskva/svao/rostokino/soyuz-m/;2026-09-17
springs;2;;61.6;65.3;60400000;;125600000;;;;;;novostroev;https://novostroev.ru/novostroyki/moskva/zao/fili-davydkovo/springs/;2026-09-18
springs;3;;109.5;135.7;109300000;;200500000;;;;;;novostroev;https://novostroev.ru/novostroyki/moskva/zao/fili-davydkovo/springs/;2026-09-18
springs;4+;;124.4;178.8;163000000;;359900000;;;;;;novostroev;https://novostroev.ru/novostroyki/moskva/zao/fili-davydkovo/springs/;2026-09-18
sreda-na-lobachevskogo;студия;2;23.5;24.6;18069761;;21707040;23.5;18069761;13;корп. 5.1;;застройщик;https://nativ.forma.ru/list;2026-09-23
sreda-na-lobachevskogo;1;16;34.3;44.1;20531296;;28969290;34.4;20531296;14;корп. 5.5;;застройщик;https://nativ.forma.ru/list;2026-09-23
sreda-na-lobachevskogo;2;21;53.1;108.1;28077452;;56720070;58.0;28077452;2;корп. 5.8;;застройщик;https://nativ.forma.ru/list;2026-09-23
sreda-na-lobachevskogo;3;12;71.3;118.6;41931530;;60357474;71.3;41931530;13;корп. 5.3;;застройщик;https://nativ.forma.ru/list;2026-09-23
sreda-na-lobachevskogo;4+;1;124.7;124.7;65192411;;65192411;124.7;65192411;13;корп. 5.3;;застройщик;https://nativ.forma.ru/list;2026-09-23
stella-di-mosca;1;2;108.0;126.0;;;;;;;;;застройщик/офиц.сайт;https://stellaresidences.ru/;2026-09-23
stella-di-mosca;2;1;199.0;199.0;;;;;;;;;застройщик/офиц.сайт;https://stellaresidences.ru/;2026-09-23
stella-di-mosca;3;1;235.0;235.0;;;;;;;;;застройщик/офиц.сайт;https://stellaresidences.ru/;2026-09-23
stella-di-mosca;таунхаус;1;1000.0;1000.0;;;;;;;;;застройщик/офиц.сайт;https://stellaresidences.ru/;2026-09-23
stellar-siti;студия;109;29.3;31.6;12423200;12529050;15554222;30.3;12529050;10;корп. 4;;застройщик;https://stellarcity.ru/filter;2026-09-23
stellar-siti;2;112;39.5;62.3;17557750;;28318218;39.5;17557750;16;корп. 4;;застройщик;https://stellarcity.ru/filter;2026-09-23
stellar-siti;3;71;71.7;100.5;22944000;;44666667;71.7;22944000;1;корп. 4;;застройщик;https://stellarcity.ru/filter;2026-09-23
stellar-siti;4+;2;114.0;114.7;44745000;;54864833;114.0;44745000;4;корп. 4;;застройщик;https://stellarcity.ru/filter;2026-09-23
stone-blik;студия;;33.0;34.9;23800000;;30800000;33.1;23904820;2;корпус А;;застройщик;https://stone.ru/residential/blik;2026-09-23
stone-blik;1;;40.9;55.0;25300000;;39800000;;;;;;novostroev;https://novostroev.ru/novostroyki/moskva/uao/donskoy/stone-blik/;2026-09-17
stone-blik;2;;67.4;88.6;46100000;;63400000;;;;;;novostroev;https://novostroev.ru/novostroyki/moskva/uao/donskoy/stone-blik/;2026-09-17
stone-blik;3;;85.1;107.1;;;;;;;;;novostroev;https://novostroev.ru/novostroyki/moskva/uao/donskoy/stone-blik/;2026-09-17
stories-na-mosfilmovskoy;студия;11;22.7;34.6;17000000;;23700000;;;;;;novostroev;https://novostroev.ru/novostroyki/moskva/zao/ramenki/stories-na-mosfilmovskoy/;2026-09-09
stories-na-mosfilmovskoy;1;16;38.8;49.9;25000000;;34500000;;;;;;novostroev;https://novostroev.ru/novostroyki/moskva/zao/ramenki/stories-na-mosfilmovskoy/;2026-09-09
stories-na-mosfilmovskoy;2;31;64.8;97.5;35100000;;81900000;;;;;;novostroev;https://novostroev.ru/novostroyki/moskva/zao/ramenki/stories-na-mosfilmovskoy/;2026-09-09
stories-na-mosfilmovskoy;3;10;82.1;131.4;42700000;;115632000;;;;;;novostroev;https://novostroev.ru/novostroyki/moskva/zao/ramenki/stories-na-mosfilmovskoy/;2026-09-09
stories-na-mosfilmovskoy;4+;1;146.4;146.4;128832000;;128832000;146.4;128832000;29;;;novostroev;https://novostroev.ru/novostroyki/moskva/zao/ramenki/stories-na-mosfilmovskoy/;2026-09-09
stoun-greyn;студия;;31.7;35.8;20900000;;24400000;;;;;;novostroev;https://novostroev.ru/novostroyki/moskva/uzao/obruchevskiy/stone-grain/;2026-09-14
stoun-greyn;1;;41.7;47.4;27400000;;31700000;;;;;;novostroev;https://novostroev.ru/novostroyki/moskva/uzao/obruchevskiy/stone-grain/;2026-09-14
stoun-greyn;2;;60.8;89.2;35400000;;52200000;;;;;;novostroev;https://novostroev.ru/novostroyki/moskva/uzao/obruchevskiy/stone-grain/;2026-09-14
stoun-greyn;3;;85.5;126.0;52400000;;90500000;;;;;;novostroev;https://novostroev.ru/novostroyki/moskva/uzao/obruchevskiy/stone-grain/;2026-09-14
stoun-greyn;4+;;117.2;161.1;72300000;;136900000;;;;;;novostroev;https://novostroev.ru/novostroyki/moskva/uzao/obruchevskiy/stone-grain/;2026-09-14
stoun-rayz;студия;;30.2;43.8;21614140;;27400000;30.2;21614140;12;корпус B (кв. B-105);;застройщик;https://stone.ru/residential/rise;2026-09-23
stoun-rayz;1;;38.0;78.6;24500000;;37600000;;;;;;novostroev;https://novostroev.ru/novostroyki/moskva/cao/taganskiy/rise/;2026-09-18
stoun-rayz;2;;60.0;101.6;33900000;;53400000;;;;;;novostroev;https://novostroev.ru/novostroyki/moskva/cao/taganskiy/rise/;2026-09-18
stoun-rayz;3;;81.7;117.4;44400000;;59300000;;;;;;novostroev;https://novostroev.ru/novostroyki/moskva/cao/taganskiy/rise/;2026-09-18
stoun-rayz;4+;;106.3;144.2;58500000;;76400000;;;;;;novostroev;https://novostroev.ru/novostroyki/moskva/cao/taganskiy/rise/;2026-09-18
stoun-sokolniki;студия;;32.6;32.8;21020480;;21664400;32.6;21020480;2;башня C;;застройщик;https://stone.ru/residential/sokolniki;2026-09-23
stoun-sokolniki;1;;40.4;50.3;17400000;;24100000;;;;;;novostroev;https://novostroev.ru/novostroyki/moskva/vao/sokolniki/sokolniki/;2026-08-11
stoun-sokolniki;2;;54.2;90.7;24900000;;42200000;;;;;;novostroev;https://novostroev.ru/novostroyki/moskva/vao/sokolniki/sokolniki/;2026-08-11
stoun-sokolniki;3;;84.4;114.3;34400000;;52800000;;;;;;novostroev;https://novostroev.ru/novostroyki/moskva/vao/sokolniki/sokolniki/;2026-08-11
stoun-sokolniki;4+;;107.7;120.3;42600000;;52100000;;;;;;novostroev;https://novostroev.ru/novostroyki/moskva/vao/sokolniki/sokolniki/;2026-08-11
strana-ozernaya;студия;;19.9;37.5;19200000;;27100000;;;;;;novostroev;https://novostroev.ru/novostroyki/moskva/zao/ochakovo-matveevskoe/strana-ozernaya/;2026-08-20
strana-ozernaya;2;;38.0;65.8;26500000;;39800000;;;;;;novostroev;https://novostroev.ru/novostroyki/moskva/zao/ochakovo-matveevskoe/strana-ozernaya/;2026-08-20
strana-ozernaya;3;;56.0;98.1;33700000;;57400000;;;;;;novostroev;https://novostroev.ru/novostroyki/moskva/zao/ochakovo-matveevskoe/strana-ozernaya/;2026-08-20
strana-ozernaya;4+;;81.9;152.2;49400000;;111600000;;;;;;novostroev;https://novostroev.ru/novostroyki/moskva/zao/ochakovo-matveevskoe/strana-ozernaya/;2026-08-20
strogino-360;студия;11;28.3;35.8;17436547;;21498710;29.3;17436547;6;Корпус 1.3;чистовая;cian (фид ПИК);https://www.cian.ru/sale/flat/333720356/;2026-09-23
strogino-360;1;66;31.0;44.7;18810086;;26224300;32.1;18810086;23;Корпус 1.3;чистовая;cian (фид ПИК);https://www.cian.ru/sale/flat/333720349/;2026-09-23
strogino-360;2;54;49.3;67.4;26347400;;33922420;51.5;26347400;5;Корпус 1.1.2;без отделки;cian (фид ПИК);https://www.cian.ru/sale/flat/333776604/;2026-09-23
strogino-360;3;23;59.5;98.8;32400000;;46258160;72.0;32400000;6;Корпус 1.1.2;без отделки;cian (фид ПИК);https://www.cian.ru/sale/flat/333731788/;2026-09-23
svet;2;36;57.7;80.5;35200000;;47400000;;;;;;novostroev;https://novostroev.ru/novostroyki/moskva/sao/zapadnoe-degunino/svet/;2026-09-15
svet;3;20;67.2;87.5;38500000;;51300000;;;;;;novostroev;https://novostroev.ru/novostroyki/moskva/sao/zapadnoe-degunino/svet/;2026-09-15
sydney-prime;2;4;58.0;58.6;65936720;;69205500;58.0;65936720;2;корпус 3.1, секция 1;предчистовая;застройщик;https://fsk.ru/sydney-prime/flats;2026-09-23
sydney-prime;3;6;96.4;128.6;112170994;;138941100;112.6;112170994;3;корпус 3.2, секция 4;предчистовая;застройщик;https://fsk.ru/sydney-prime/flats;2026-09-23
tatum;1;12;34.5;51.9;23395139;24256950;36584310;34.5;24256950;6;Корпус 1;Без отделки;застройщик;https://forma.ru/market/projects/tatum;2026-09-23
tatum;2;1;63.0;63.0;40798800;;40798800;63.0;40798800;16;Корпус 1;Без отделки;застройщик;https://forma.ru/market/projects/tatum;2026-09-23
tatum;3;9;74.2;107.4;42135063;48715200;64031880;76.5;48715200;22;Корпус 1;Без отделки;застройщик;https://forma.ru/market/projects/tatum;2026-09-23
tatum;4+;1;119.7;119.7;83754090;;83754090;119.7;83754090;25;Корпус 1;Без отделки;застройщик;https://forma.ru/market/projects/tatum;2026-09-23
teatralnyy-kvartal;1;1;38.3;38.3;28725000;;28725000;38.3;28725000;24;Дом «Щусев»;;застройщик;https://krost.ru/projects/Teatralnyj_kvartal;2026-09-23
teatralnyy-kvartal;2;19;57.1;75.0;34866000;38828000;49742000;57.1;38828000;10;Дом «Жолтовский»;;застройщик;https://krost.ru/projects/Teatralnyj_kvartal;2026-09-23
teatralnyy-kvartal;3;13;82.6;94.9;50551200;56415800;67275000;82.6;56415800;5;Дом «Фомин»;;застройщик;https://krost.ru/projects/Teatralnyj_kvartal;2026-09-23
teatralnyy-kvartal;4+;4;104.9;127.5;60460400;68185000;87975000;104.9;68185000;6;Дом «Фомин»;;застройщик;https://krost.ru/projects/Teatralnyj_kvartal;2026-09-23
tessinskiy-v;1;21;51.7;112.9;83002500;;197591935;52.5;83002500;2;Aurora;Без отделки;застройщик;https://flats.theelement.ru/;2026-09-23
tessinskiy-v;2;20;82.8;126.4;130157100;;212194000;84.6;130157100;2;Nox;Без отделки;застройщик;https://flats.theelement.ru/;2026-09-23
tessinskiy-v;3;3;110.9;165.0;179103500;;279658500;110.9;179103500;2;Media;Без отделки;застройщик;https://flats.theelement.ru/;2026-09-23
teyt;студия;;30.8;34.0;20600000;;23600000;;;;;;novostroev;https://novostroev.ru/novostroyki/moskva/svao/marina-roshcha/tate-teyt/;2026-09-20
teyt;1;;36.9;42.8;24200000;;25300000;;;;;;novostroev;https://novostroev.ru/novostroyki/moskva/svao/marina-roshcha/tate-teyt/;2026-09-20
teyt;2;;59.5;65.9;31300000;;38200000;;;;;;novostroev;https://novostroev.ru/novostroyki/moskva/svao/marina-roshcha/tate-teyt/;2026-09-20
teyt;3;;76.8;157.5;41800000;;181600000;;;;;;novostroev;https://novostroev.ru/novostroyki/moskva/svao/marina-roshcha/tate-teyt/;2026-09-20
teyt;4+;;109.8;206.6;62800000;;238200000;;;;;;novostroev;https://novostroev.ru/novostroyki/moskva/svao/marina-roshcha/tate-teyt/;2026-09-20
the-lake;3;;66.2;84.3;41300000;;59200000;66.2;41300000;;;;novostroev;https://novostroev.ru/novostroyki/moskva/svao/sviblovo/the-lake/;2026-09-17
the-lake;4+;;122.3;;74900000;;;122.3;74900000;;;;novostroev;https://novostroev.ru/novostroyki/moskva/svao/sviblovo/the-lake/;2026-09-17
the-lot-by-akvilon;студия;;28.2;29.3;20800000;;24300000;;;;;;novostroev;https://novostroev.ru/novostroyki/moskva/uao/danilovskiy/the-lot-by-akvilon/;2026-09-17
the-lot-by-akvilon;1;;35.7;44.9;26400000;;36400000;;;;;;novostroev;https://novostroev.ru/novostroyki/moskva/uao/danilovskiy/the-lot-by-akvilon/;2026-09-17
the-lot-by-akvilon;2;;37.4;65.2;26700000;;50100000;;;;;;novostroev;https://novostroev.ru/novostroyki/moskva/uao/danilovskiy/the-lot-by-akvilon/;2026-09-17
the-lot-by-akvilon;3;;37.0;72.4;43100000;;53400000;;;;;;novostroev;https://novostroev.ru/novostroyki/moskva/uao/danilovskiy/the-lot-by-akvilon/;2026-09-17
the-lot-by-akvilon;4+;;85.2;110.8;50800000;;86700000;;;;;;novostroev;https://novostroev.ru/novostroyki/moskva/uao/danilovskiy/the-lot-by-akvilon/;2026-09-17
tishinskiy-bulvar;1;51;44.9;94.8;69170000;;225550000;45.6;69170000;2;6;;застройщик;https://www.sminex.com/podbor-nedvizhimosti;2026-09-23
tishinskiy-bulvar;2;45;72.3;119.6;126700000;;279060000;76.1;126700000;2;3;;застройщик;https://www.sminex.com/podbor-nedvizhimosti;2026-09-23
tishinskiy-bulvar;3;87;96.2;169.9;133380000;;424480000;96.2;133380000;2;2;;застройщик;https://www.sminex.com/podbor-nedvizhimosti;2026-09-23
tishinskiy-bulvar;4+;36;126.9;415.8;210200000;;664010000;152.9;210200000;3;4;;застройщик;https://www.sminex.com/podbor-nedvizhimosti;2026-09-23
tophills;студия;;35.0;35.0;21800000;;21800000;;;;;;novostroev;https://novostroev.ru/novostroyki/moskva/uao/nagornyy/v-elektrolitnom-proezde/;2026-09-09
tophills;1;;41.3;66.5;23100000;;36300000;;;;;;novostroev;https://novostroev.ru/novostroyki/moskva/uao/nagornyy/v-elektrolitnom-proezde/;2026-09-09
tophills;2;;63.0;109.1;30200000;;58900000;;;;;;novostroev;https://novostroev.ru/novostroyki/moskva/uao/nagornyy/v-elektrolitnom-proezde/;2026-09-09
tophills;3;;126.3;126.3;60200000;;60200000;;;;;;novostroev;https://novostroev.ru/novostroyki/moskva/uao/nagornyy/v-elektrolitnom-proezde/;2026-09-09
tophills;4+;;130.9;130.9;57800000;;57800000;;;;;;novostroev;https://novostroev.ru/novostroyki/moskva/uao/nagornyy/v-elektrolitnom-proezde/;2026-09-09
turgenev;1;;51.0;87.5;131200000;;220100000;;;;;;novostroev;https://novostroev.ru/novostroyki/moskva/cao/krasnoselskiy/odeon/;2026-09-18
turgenev;2;;78.7;171.9;197000000;;890200000;;;;;;novostroev;https://novostroev.ru/novostroyki/moskva/cao/krasnoselskiy/odeon/;2026-09-18
turgenev;3;;241.7;292.0;982300000;;1511300000;;;;;;novostroev;https://novostroev.ru/novostroyki/moskva/cao/krasnoselskiy/odeon/;2026-09-18
twelve;студия;3;27.8;31.2;15245520;;20700000;27.8;15245520;17;корпус 2;;застройщик;https://twelve.ru/flats;2026-09-23
twelve;1;7;38.0;39.7;22623517;;25400000;39.7;22623517;22;корпус 3;;застройщик;https://twelve.ru/flats;2026-09-23
twelve;2;28;37.7;65.7;23304502;;37900000;39.6;23304502;32;корпус 1;;застройщик;https://twelve.ru/flats;2026-09-23
twelve;3;30;55.1;77.4;29853856;;40300000;56.8;29853856;19;корпус 2;;застройщик;https://twelve.ru/flats;2026-09-23
twelve;4+;27;82.7;98.2;41000000;;49464900;;;;;;novostroev;https://novostroev.ru/novostroyki/moskva/uao/nagornyy/elektrolitnyy-12b/;2026-09-09
u2;1;;38.5;49.5;22000000;;26300000;38.5;22000000;;;;novostroev;https://novostroev.ru/novostroyki/moskva/szao/yuzhnoe-tushino/u2/;2026-09-18
u2;2;;56.9;82.2;26800000;;37800000;56.9;26800000;;;;novostroev;https://novostroev.ru/novostroyki/moskva/szao/yuzhnoe-tushino/u2/;2026-09-18
u2;3;;72.3;91.3;30800000;;46700000;72.3;30800000;;;;novostroev;https://novostroev.ru/novostroyki/moskva/szao/yuzhnoe-tushino/u2/;2026-09-18
u2;4+;;113.4;128.6;53600000;;61700000;113.4;53600000;;;;novostroev;https://novostroev.ru/novostroyki/moskva/szao/yuzhnoe-tushino/u2/;2026-09-18
ultima-siti;1;54;29.1;58.4;19727780;;27255540;29.1;19727780;22;;;novostroev;https://novostroev.ru/novostroyki/moskva/uvao/pechatniki/ultimasity/flats/;2026-09-20
ultima-siti;2;109;52.2;86.0;24880320;;41456820;52.2;24880320;24;;;novostroev;https://novostroev.ru/novostroyki/moskva/uvao/pechatniki/ultimasity/flats/;2026-09-20
ultima-siti;3;12;72.4;98.1;35094600;;48657600;72.4;35094600;46;;;novostroev;https://novostroev.ru/novostroyki/moskva/uvao/pechatniki/ultimasity/flats/;2026-09-20
ultima-siti;4+;1;106.6;106.6;55005600;;55005600;106.6;55005600;40;;;novostroev;https://novostroev.ru/novostroyki/moskva/uvao/pechatniki/ultimasity/flats/;2026-09-20
uno-gorbunova;1;;28.6;48.8;12500000;;21800000;46.2;18868017;15;корпус 1, секция 1, кв. 181;предчистовая (со скидкой 8%, без скидки 20 508 714);застройщик;https://gk-osnova.ru/gorbunova;2026-09-23
uno-gorbunova;2;;53.1;61.2;21200000;;26300000;61.6;22771049;2;корпус 1, секция 1, кв. 3;предчистовая (со скидкой 8%, без скидки 24 751 140);застройщик;https://gk-osnova.ru/gorbunova;2026-09-23
uno-gorbunova;3;;82.3;95.0;34100000;;39200000;82.3;31279954;27;корпус 1, секция 1, кв. 333;предчистовая (со скидкой 10%, без скидки 34 755 504);застройщик;https://gk-osnova.ru/gorbunova;2026-09-23
uno-sokolinaya-gora;студия;;23.7;28.4;14000000;;16000000;;;;;;novostroev;https://novostroev.ru/novostroyki/moskva/vao/sokolinaya-gora/8-oy-ul-sokolinoy-gory-vl-26a/;2026-09-10
uno-sokolinaya-gora;2;;41.0;61.0;19100000;;28000000;;;;;;novostroev;https://novostroev.ru/novostroyki/moskva/vao/sokolinaya-gora/8-oy-ul-sokolinoy-gory-vl-26a/;2026-09-10
uno-sokolinaya-gora;3;;61.5;85.1;26800000;;36800000;;;;;;novostroev;https://novostroev.ru/novostroyki/moskva/vao/sokolinaya-gora/8-oy-ul-sokolinoy-gory-vl-26a/;2026-09-10
uno-sokolinaya-gora;4+;;107.2;107.2;53200000;;53200000;;;;;;novostroev;https://novostroev.ru/novostroyki/moskva/vao/sokolinaya-gora/8-oy-ul-sokolinoy-gory-vl-26a/;2026-09-10
usadba-demidova;дом;6;228.6;328.0;;;;;;;;;застройщик;https://demidov-usadba.ru/;2026-09-23
usadba-demidova;дом;3;228.6;278.9;;;;;;;;;застройщик;https://demidov-usadba.ru/;2026-09-23
uspenskie-dachi;дом;6;380.0;1060.0;160000000;;528000000;400.0;160000000;;;;брокер (Kalinka Realty);https://www.kalinka-realty.ru/zagorod/elitnye-poselki/uspenskie-dachi/;2026-09-23
uspenskie-dachi;участок;5;;;90000000;;560000000;;90000000;;;;брокер (Kalinka Realty);https://www.kalinka-realty.ru/zagorod/elitnye-poselki/uspenskie-dachi/;2026-09-23
varshavskie-vorota;студия;;27.6;27.6;15300000;;15300000;;;;;;novostroev;https://novostroev.ru/novostroyki/moskva/uao/chertanovo-yuzhnoe/varshavskie-vorota/;2026-09-17
varshavskie-vorota;1;;35.8;42.3;17200000;;19200000;;;;;;novostroev;https://novostroev.ru/novostroyki/moskva/uao/chertanovo-yuzhnoe/varshavskie-vorota/;2026-09-17
varshavskie-vorota;2;;54.5;67.7;21100000;;27200000;;;;;;novostroev;https://novostroev.ru/novostroyki/moskva/uao/chertanovo-yuzhnoe/varshavskie-vorota/;2026-09-17
varshavskie-vorota;3;;74.9;82.1;29000000;;32600000;;;;;;novostroev;https://novostroev.ru/novostroyki/moskva/uao/chertanovo-yuzhnoe/varshavskie-vorota/;2026-09-17
varshavskie-vorota;4+;;104.1;104.1;39400000;;39400000;;;;;;novostroev;https://novostroev.ru/novostroyki/moskva/uao/chertanovo-yuzhnoe/varshavskie-vorota/;2026-09-17
veer;студия;121;22.0;37.5;16065000;18900000;25687500;22.5;18900000;3;Веер.1.6;Без отделки;застройщик;https://www.mr-group.ru/projects/zhk-veer/;2026-09-23
veer;1;498;30.2;79.1;18229960;22106800;45828000;32.5;22106800;2;Веер.2.1;Без отделки;застройщик;https://www.mr-group.ru/projects/zhk-veer/;2026-09-23
veer;2;307;49.2;115.6;26472060;31143600;57800000;49.2;31143600;24;Веер.1.5;Без отделки;застройщик;https://www.mr-group.ru/projects/zhk-veer/;2026-09-23
veer;3;91;72.7;118.1;35176400;41384000;67650000;73.9;41384000;51;Веер.1.6;Без отделки;застройщик;https://www.mr-group.ru/projects/zhk-veer/;2026-09-23
veer;4+;3;107.2;158.7;51391680;60460800;84111000;107.2;60460800;11;Веер.1.4;Без отделки;застройщик;https://www.mr-group.ru/projects/zhk-veer/;2026-09-23
veresk;1;;38.0;49.9;19700000;;23300000;;;;;;novostroev;https://novostroev.ru/novostroyki/moskva/szao/khoroshyevo-mnyevniki/v-khoroshyevo-mnyevnikakh/;2026-09-18
veresk;2;;55.3;73.9;22000000;;33400000;;;;;;novostroev;https://novostroev.ru/novostroyki/moskva/szao/khoroshyevo-mnyevniki/v-khoroshyevo-mnyevnikakh/;2026-09-18
veresk;3;;82.3;97.5;32200000;;34400000;;;;;;novostroev;https://novostroev.ru/novostroyki/moskva/szao/khoroshyevo-mnyevniki/v-khoroshyevo-mnyevnikakh/;2026-09-18
vereyskaya-41;1;60;33.3;57.1;19552031;23556663;38558502;34.3;23556663;8;корп. 2.1;предчистовая;застройщик;https://samolet.ru/flats/?free=1&place=true&place_project=57;2026-09-23
vereyskaya-41;2;46;43.5;98.6;24438212;29443628;62838698;43.5;29443628;6;корп. 2.1;предчистовая;застройщик;https://samolet.ru/flats/?free=1&place=true&place_project=57;2026-09-23
vereyskaya-41;3;36;62.4;109.9;31378243;37805111;67568278;62.4;37805111;4;корп. 1;предчистовая;застройщик;https://samolet.ru/flats/?free=1&place=true&place_project=57;2026-09-23
vereyskaya-41;4+;9;98.5;125.8;45583236;54919561;75128519;98.8;54919561;2;корп. 4.1;предчистовая;застройщик;https://samolet.ru/flats/?free=1&place=true&place_project=57;2026-09-23
veri;студия;;25.8;30.0;16300000;;19700000;;;;;;novostroev;https://novostroev.ru/novostroyki/moskva/svao/marfino/very/;2026-07-28
veri;1;;48.4;51.5;25000000;;33400000;;;;;;novostroev;https://novostroev.ru/novostroyki/moskva/svao/marfino/very/;2026-07-28
veri;2;;40.5;51.7;21400000;;33400000;;;;;;novostroev;https://novostroev.ru/novostroyki/moskva/svao/marfino/very/;2026-07-28
veri;3;;59.9;109.8;27300000;;61000000;;;;;;novostroev;https://novostroev.ru/novostroyki/moskva/svao/marfino/very/;2026-07-28
veri;4+;;91.0;120.1;44900000;;74300000;;;;;;novostroev;https://novostroev.ru/novostroyki/moskva/svao/marfino/very/;2026-07-28
veri-na-miklukho-maklaya;студия;6;23.3;27.3;18407000;;20536000;23.3;18407000;7;Корпус 2;без отделки;cian (фид ГК «Основа»);https://www.cian.ru/sale/flat/327410099/;2026-09-23
veri-na-miklukho-maklaya;1;19;28.3;45.3;21225000;;33001500;28.3;21225000;4;Корпус 2;без отделки;cian (фид ГК «Основа»);https://www.cian.ru/sale/flat/327948966/;2026-09-23
veri-na-miklukho-maklaya;2;42;41.0;75.6;26586000;;47175030;42.2;26586000;3;Корпус 2;без отделки;cian (фид ГК «Основа»);https://www.cian.ru/sale/flat/327349583/;2026-09-23
veri-na-miklukho-maklaya;3;40;63.2;98.5;39816000;;66733750;63.2;39816000;7;Корпус 2;без отделки;cian (фид ГК «Основа»);https://www.cian.ru/sale/flat/333581606/;2026-09-23
veri-na-miklukho-maklaya;4+;1;99.6;99.6;67728000;;67728000;99.6;67728000;17;Корпус 1;без отделки;cian (фид ГК «Основа»);https://www.cian.ru/sale/flat/327349615/;2026-09-23
vernissage;2;;44.5;;;;;;;;;;novostroev;https://novostroev.ru/novostroyki/moskva/cao/zamoskvoreche/vernissage/;2026-09-17
vesper-kutuzovsky;1;;48.3;78.9;82900000;;114700000;;;;;;novostroev;https://novostroev.ru/novostroyki/moskva/zao/dorogomilovo/oda-gallery/;2026-09-17
vesper-kutuzovsky;2;;90.0;128.6;131700000;;205300000;;;;;;novostroev;https://novostroev.ru/novostroyki/moskva/zao/dorogomilovo/oda-gallery/;2026-09-17
vesper-kutuzovsky;3;;128.0;462.3;185500000;;1666500000;;;;;;novostroev;https://novostroev.ru/novostroyki/moskva/zao/dorogomilovo/oda-gallery/;2026-09-17
vesper-kutuzovsky;4+;;175.0;228.0;242000000;;375100000;;;;;;novostroev;https://novostroev.ru/novostroyki/moskva/zao/dorogomilovo/oda-gallery/;2026-09-17
veyv;студия;10;21.5;26.8;16601608;18575558;27940302;22.1;18575558;3;Очередь 2;Без отделки;застройщик;https://www.lsr.ru/msk/kvartiry-v-novostroikah/wave/;2026-09-23
veyv;1;93;32.8;41.8;18371070;20557347;36577555;36.5;20557347;9;Очередь 2;Без отделки;застройщик;https://www.lsr.ru/msk/kvartiry-v-novostroikah/wave/;2026-09-23
veyv;2;128;47.5;72.0;24308496;27207264;51563529;48.0;27207264;2;Очередь 2;Без отделки;застройщик;https://www.lsr.ru/msk/kvartiry-v-novostroikah/wave/;2026-09-23
veyv;3;51;71.6;93.4;35747889;40019394;62668693;82.9;40019394;2;Очередь 2;Без отделки;застройщик;https://www.lsr.ru/msk/kvartiry-v-novostroikah/wave/;2026-09-23
veyv;4+;13;103.3;108.2;41998681;;80008992;103.3;41998681;5;Очередь 1;Без отделки;застройщик;https://www.lsr.ru/msk/kvartiry-v-novostroikah/wave/;2026-09-23
viktori-park-rezidensez;2;6;66.5;67.3;124500000;;150300000;66.5;124500000;1;;;novostroev;https://novostroev.ru/novostroyki/moskva/zao/dorogomilovo/victory-park-residence/;2026-09-09
viktori-park-rezidensez;3;20;102.2;152.5;166700000;;259300000;;;;;;novostroev;https://novostroev.ru/novostroyki/moskva/zao/dorogomilovo/victory-park-residence/;2026-09-09
viktori-park-rezidensez;4+;9;206.0;528.5;529000000;;1722900000;206.0;529000000;;;;novostroev;https://novostroev.ru/novostroyki/moskva/zao/dorogomilovo/victory-park-residence/;2026-09-09
voice;студия;;22.2;29.5;12900000;;14500000;;;;;;застройщик;https://3s.group/projects/voice;2026-09-23
voice;1;;36.4;41.8;16800000;;17900000;;;;;;застройщик;https://3s.group/projects/voice;2026-09-23
voice;2;;48.3;55.6;19100000;;20500000;;;;;;застройщик;https://3s.group/projects/voice;2026-09-23
voice;3;;69.7;86.9;;;;;;;;;novostroev;https://novostroev.ru/novostroyki/moskva/uvao/tekstilshchiki/voice-towers/;2026-09-17
voxhall;студия;;22.5;26.0;18057458;;23100000;22.5;18057458;4;кв. № 38;;застройщик;https://etalongroup.ru/msk/object/voxhall/;2026-09-23
voxhall;1;;41.2;53.8;25000000;;52300000;;;;;;novostroev;https://novostroev.ru/novostroyki/moskva/cao/zamoskvoreche/voxhall/;2026-09-06
voxhall;2;;59.0;79.5;31200000;;59200000;;;;;;novostroev;https://novostroev.ru/novostroyki/moskva/cao/zamoskvoreche/voxhall/;2026-09-06
voxhall;3;;81.7;125.3;42900000;;99800000;;;;;;novostroev;https://novostroev.ru/novostroyki/moskva/cao/zamoskvoreche/voxhall/;2026-09-06
voxhall;4+;;86.3;140.5;66300000;;133100000;;;;;;novostroev;https://novostroev.ru/novostroyki/moskva/cao/zamoskvoreche/voxhall/;2026-09-06
vremya;2;;55.5;58.4;23000000;;28500000;;;;;;novostroev;https://novostroev.ru/novostroyki/moskva/vao/preobrazhenskoe/vremya/;2026-09-18
vremya;3;;70.3;73.1;26300000;;27800000;;;;;;novostroev;https://novostroev.ru/novostroyki/moskva/vao/preobrazhenskoe/vremya/;2026-09-18
vremya;4+;;99.4;;44000000;;;;;;;;novostroev;https://novostroev.ru/novostroyki/moskva/vao/preobrazhenskoe/vremya/;2026-09-18
vysotka-na-zhukova;1;;44.0;46.8;37600000;;41700000;;;;;;novostroev;https://novostroev.ru/novostroyki/moskva/szao/khoroshyevo-mnyevniki/demyana-bednogo-24/;2026-09-12
vysotka-na-zhukova;2;;77.3;80.0;57200000;;63200000;;;;;;novostroev;https://novostroev.ru/novostroyki/moskva/szao/khoroshyevo-mnyevniki/demyana-bednogo-24/;2026-09-12
vysotka-na-zhukova;3;;80.8;80.8;59800000;;61200000;;;;;;novostroev;https://novostroev.ru/novostroyki/moskva/szao/khoroshyevo-mnyevniki/demyana-bednogo-24/;2026-09-12
wellton-gold;3;1;95.6;95.6;51624000;;51624000;95.6;51624000;9;;;novostroev;https://novostroev.ru/novostroyki/moskva/szao/khoroshyevo-mnyevniki/wellton-gold/flats/;2026-09-18
wellton-gold;4+;1;114.7;114.7;58497000;;58497000;114.7;58497000;9;;;novostroev;https://novostroev.ru/novostroyki/moskva/szao/khoroshyevo-mnyevniki/wellton-gold/flats/;2026-09-18
wellton-spa-residence;1;20;38.7;63.8;36765000;;62150000;38.7;36765000;2;;;застройщик;https://krost.ru/projects/wellton-spa-residence;2026-09-23
wellton-spa-residence;2;8;44.0;90.5;39780000;;90500000;44.2;39780000;2;;;застройщик;https://krost.ru/projects/wellton-spa-residence;2026-09-23
wellton-spa-residence;3;6;79.4;94.4;79400000;;113280000;79.4;79400000;3;;;застройщик;https://krost.ru/projects/wellton-spa-residence;2026-09-23
wellton-towers;3;1;81.2;81.2;44660000;49613200;49613200;81.2;49613200;23;Корпус 1;;застройщик;https://krost.ru/projects/wellton-towers;2026-09-23
wellton-towers;4+;1;87.3;87.3;45657900;52380000;52380000;87.3;52380000;23;Корпус 1;;застройщик;https://krost.ru/projects/wellton-towers;2026-09-23
west-garden;2;1;69.6;69.6;55490000;;55490000;69.6;55490000;14;корпус 14;;realty.yandex.ru (фид застройщика Sminex);https://realty.yandex.ru/moskva_i_moskovskaya_oblast/kupit/kvartira/zhk-west-garden-1574362/?primarySale=YES;2026-09-23
west-tower;2;;48.1;;20100000;;;;;;;;novostroev;https://novostroev.ru/novostroyki/moskva/zao/ochakovo-matveevskoe/west-tower/;2026-09-18
west-tower;3;;72.0;90.2;30100000;;37700000;;;;;;novostroev;https://novostroev.ru/novostroyki/moskva/zao/ochakovo-matveevskoe/west-tower/;2026-09-18
will-towers;студия;5;25.6;26.4;14679991;;16064895;25.8;14679991;11;;без отделки;novostroev;https://novostroev.ru/flats/moskva/zao/ramenki/f214302/;2026-09-18
will-towers;2;38;47.7;97.1;22794205;;52585515;51.3;22794205;10;;без отделки;novostroev;https://novostroev.ru/flats/moskva/zao/ramenki/f214382/;2026-09-18
will-towers;3;76;71.8;97.7;31186505;;51589174;72.8;31186505;15;;без отделки;novostroev;https://novostroev.ru/flats/moskva/zao/ramenki/f214488/;2026-09-18
will-towers;4+;18;107.0;116.5;42939023;;50197379;111.7;42939023;15;;без отделки;novostroev;https://novostroev.ru/flats/moskva/zao/ramenki/f217809/;2026-09-18
wow;3;;75.6;;47800000;;;;;;;;novostroev;https://novostroev.ru/novostroyki/moskva/uao/danilovskiy/wow/;2026-09-17
wow;4+;;91.4;118.5;50000000;;56200000;;;;;;novostroev;https://novostroev.ru/novostroyki/moskva/uao/danilovskiy/wow/;2026-09-17
zareche-park;студия;4;25.6;32.4;9799090;11806132;15536474;29.1;11806132;2;корп. 4;без отделки;застройщик;https://samolet.ru/flats/?free=1&place=true&place_project=41;2026-09-23
zareche-park;1;41;36.8;48.0;12637244;15225595;22178210;36.8;15225595;2;корп. 4;без отделки;застройщик;https://samolet.ru/flats/?free=1&place=true&place_project=41;2026-09-23
zareche-park;2;26;62.0;88.5;19492534;23484980;30356748;62.8;23484980;6;корп. 4;без отделки;застройщик;https://samolet.ru/flats/?free=1&place=true&place_project=41;2026-09-23
zareche-park;3;15;80.2;106.0;23848235;28732813;38325462;83.3;28732813;8;корп. 4;без отделки;застройщик;https://samolet.ru/flats/?free=1&place=true&place_project=41;2026-09-23
zhukovka-xxi;дом;8;769.0;3000.0;738375000;;3000000000;948.0;738375000;;лот hs1112424, участок 50 сот.;без отделки;NF Group (kf.expert), вторичка;https://kf.expert/zagorod/poselki/zhukovka-21-sl11124;2026-09-23
zikkurat-preobrazhenskiy;студия;;29.3;33.3;;;;;;;;;novostroev;https://novostroev.ru/novostroyki/moskva/vao/preobrazhenskoe/bolshaya-cherkizovskaya-4/;2026-09-18
zikkurat-preobrazhenskiy;1;;31.3;78.1;;;;;;;;;novostroev;https://novostroev.ru/novostroyki/moskva/vao/preobrazhenskoe/bolshaya-cherkizovskaya-4/;2026-09-18
zikkurat-preobrazhenskiy;2;;48.6;103.7;;;;;;;;;novostroev;https://novostroev.ru/novostroyki/moskva/vao/preobrazhenskoe/bolshaya-cherkizovskaya-4/;2026-09-18
zikkurat-preobrazhenskiy;3;;73.3;88.2;;;;;;;;;novostroev;https://novostroev.ru/novostroyki/moskva/vao/preobrazhenskoe/bolshaya-cherkizovskaya-4/;2026-09-18
zikkurat-preobrazhenskiy;4+;;111.9;119.7;;;;;;;;;novostroev;https://novostroev.ru/novostroyki/moskva/vao/preobrazhenskoe/bolshaya-cherkizovskaya-4/;2026-09-18
zilart;студия;125;17.8;32.0;16800000;;22700000;;;;;;novostroev;https://novostroev.ru/novostroyki/moskva/uao/danilovskiy/zilart/;2026-09-20
zilart;1;377;32.6;46.3;21400000;;32900000;;;;;;novostroev;https://novostroev.ru/novostroyki/moskva/uao/danilovskiy/zilart/;2026-09-20
zilart;2;268;51.1;76.8;29100000;;46500000;;;;;;novostroev;https://novostroev.ru/novostroyki/moskva/uao/danilovskiy/zilart/;2026-09-20
zilart;3;11;61.9;87.8;36900000;;68945125;;;;;;novostroev;https://novostroev.ru/novostroyki/moskva/uao/danilovskiy/zilart/;2026-09-20
zilart;4+;8;109.7;126.8;77608474;;111249628;121.0;77608474;24;;;novostroev;https://novostroev.ru/novostroyki/moskva/uao/danilovskiy/zilart/;2026-09-20
zolotye-krylya;1;8;51.8;63.1;;;;;;;;;застройщик;https://golden-w.ru/plans;2026-09-23
zolotye-krylya;2;32;78.5;110.1;;;;;;;;;застройщик;https://golden-w.ru/plans;2026-09-23
zolotye-krylya;3;9;112.5;155.2;;;;;;;;;застройщик;https://golden-w.ru/plans;2026-09-23
zolotye-krylya;4+;7;141.9;186.3;;;;;;;;;застройщик;https://golden-w.ru/plans;2026-09-23
zorge-9;студия;61;16.4;54.0;13100000;;29500000;54.0;29500000;23;;;novostroev;https://novostroev.ru/novostroyki/moskva/sao/khoroshyevskiy/zorge-9/;2026-09-17
zorge-9;1;18;36.1;56.1;21800000;;40300000;36.1;26200000;18;;;novostroev;https://novostroev.ru/novostroyki/moskva/sao/khoroshyevskiy/zorge-9/;2026-09-17
zvezdy-arbata;1;;94.0;128.0;101400000;;191000000;;;;;;novostroev;https://novostroev.ru/novostroyki/moskva/cao/arbat/novyy-arbat-32-zvezdy-arbata/;2026-09-17
zvezdy-arbata;2;;110.8;158.0;121900000;;216800000;;;;;;novostroev;https://novostroev.ru/novostroyki/moskva/cao/arbat/novyy-arbat-32-zvezdy-arbata/;2026-09-17
zvezdy-arbata;4+;;223.0;415.8;355700000;;1000000000;;;;;;novostroev;https://novostroev.ru/novostroyki/moskva/cao/arbat/novyy-arbat-32-zvezdy-arbata/;2026-09-17
