slug;school_id;korpus_id;walk_min;walk_m
1-y-nagatinskiy;shkola-507;shkola-507-2;14;1062
1-y-nagatinskiy;osm-41-mezhdunarodnyy-innovatsionnyy-;osm-41-mezhdunarodnyy-innovatsionnyy--1;19;1414
1-y-nagatinskiy;osm-97-litsey-504;osm-97-litsey-504-1;25;1899
1-y-nagatinskiy;shkola-630-im-g-p-kravchenko;shkola-630-im-g-p-kravchenko-6;27;2000
1-y-nagatinskiy;osm-404-shkola-574;osm-404-shkola-574-1;27;2014
1-y-nagatinskiy;shkola-1450-olimp;shkola-1450-olimp-4;30;2231
2-y-irtyshskiy;shkola-319;shkola-319-3;9;688
2-y-irtyshskiy;osm-426-shkola-1035;osm-426-shkola-1035-1;19;1446
2-y-irtyshskiy;osm-393-shkola-708;osm-393-shkola-708-1;19;1449
2-y-irtyshskiy;shkola-2033;shkola-2033-1;25;1851
2-y-irtyshskiy;tsentr-obrazovaniya-i-sporta-lokomotiv;tsentr-obrazovaniya-i-sporta-lokomotiv-1;26;1913
26-parkvyu;pervyy-moskovskiy-kadetskiy-korpus;pervyy-moskovskiy-kadetskiy-korpus-1;10;718
26-parkvyu;shkola-1454-timiryazevskaya;shkola-1454-timiryazevskaya-4;11;862
26-parkvyu;shkola-1236-im-s-v-milashenkova;shkola-1236-im-s-v-milashenkova-1;18;1367
26-parkvyu;shkola-218;shkola-218-2;19;1414
26-parkvyu;osm-562-shkola-1164;osm-562-shkola-1164-1;26;1972
26-parkvyu;osm-513-finansovo-ekonomicheskaya-shko;osm-513-finansovo-ekonomicheskaya-shko-1;27;2013
26-parkvyu;osm-630-shkola-968;osm-630-shkola-968-1;29;2183
a22;osm-585-shkola-548-tsaritsyno;osm-585-shkola-548-tsaritsyno-1;14;1031
a22;osm-501-shkola-494-im;osm-501-shkola-494-im-1;21;1610
a22;shkola-547;shkola-547-2;22;1667
a22;shkola-630-im-g-p-kravchenko;shkola-630-im-g-p-kravchenko-6;27;2010
a22;shkola-1257;shkola-1257-1;27;2036
a22;shkola-1272;shkola-1272-1;29;2189
admiral;osm-641-shkola-1041;osm-641-shkola-1041-1;7;548
admiral;osm-154-shkola-918;osm-154-shkola-918-1;9;670
admiral;shkola-im-i-s-polbina;shkola-im-i-s-polbina-2;12;884
admiral;osm-234-shkola-519;osm-234-shkola-519-1;16;1213
admiral;shkola-1524;shkola-1524-1;23;1747
admiral;osm-625-shkola-338;osm-625-shkola-338-1;24;1773
admiral;osm-156-shkola-773;osm-156-shkola-773-1;25;1888
admiral;osm-155-gbou-shkola-1256;osm-155-gbou-shkola-1256-1;26;1980
admiral;osm-619-shkola-1148;osm-619-shkola-1148-1;29;2191
afi-tower;shkola-sviblovo;shkola-sviblovo-1;8;571
afi-tower;osm-45-pravoslavnaya-shkola-im-prepod;osm-45-pravoslavnaya-shkola-im-prepod-1;22;1644
afi-tower;pervyy-moskovskiy-obrazovatelnyy-kompleks;pervyy-moskovskiy-obrazovatelnyy-kompleks-4;22;1669
afi-tower;shkola-1499-im-i-a-dokukina;shkola-1499-im-i-a-dokukina-1;29;2210
ahead;osm-413-shkola-696;osm-413-shkola-696-1;5;338
ahead;osm-412-shkola-1114;osm-412-shkola-1114-1;5;379
ahead;osm-46-akademicheskaya-gimnaziya;osm-46-akademicheskaya-gimnaziya-1;29;2145
aktsenty;osm-455-shkola-1678;osm-455-shkola-1678-1;8;566
aktsenty;osm-382-shkola-222;osm-382-shkola-222-1;8;598
aktsenty;shkola-1449-im-m-v-vodopyanova;shkola-1449-im-m-v-vodopyanova-2;19;1449
aktsenty;shkola-1296;shkola-1296-1;21;1583
aktsenty;shkola-771;shkola-771-2;22;1637
aktsenty;shkola-1794-im-a-s-chufistova;shkola-1794-im-a-s-chufistova-3;23;1715
aktsenty;osm-547-shkola-1291-s-uglublennym-izuc;osm-547-shkola-1291-s-uglublennym-izuc-1;23;1747
aktsenty;shkola-183;shkola-183-1;24;1777
aktsenty;osm-375-shkola-1631-imeni-geroya-sovet;osm-375-shkola-1631-imeni-geroya-sovet-2;24;1784
aktsenty;osm-181-gimnaziya-1592;osm-181-gimnaziya-1592-1;24;1785
aktsenty;osm-350-shkola-1416;osm-350-shkola-1416-1;26;1969
aktsenty;osm-495-tsentr-obrazovaniya-1490;osm-495-tsentr-obrazovaniya-1490-1;28;2126
aktsenty;osm-444-shkola-1121;osm-444-shkola-1121-1;30;2217
aktsenty;osm-348-shkola-302;osm-348-shkola-302-1;30;2239
akvilon-beside-2-0;shkola-1363;shkola-1363-7;4;334
akvilon-beside-2-0;osm-81-shkola-398;osm-81-shkola-398-1;9;689
akvilon-beside-2-0;shkola-2090-im-l-h-papernika;shkola-2090-im-l-h-papernika-2;12;931
akvilon-beside-2-0;shkola-777-im-e-v-mihaylova;shkola-777-im-e-v-mihaylova-6;14;1046
akvilon-beside-2-0;osm-398-shkola-1314;osm-398-shkola-1314-1;15;1160
akvilon-beside-2-0;osm-458-gimnaziya-1597;osm-458-gimnaziya-1597-1;16;1174
akvilon-beside-2-0;osm-451-progimnaziya-1882;osm-451-progimnaziya-1882-1;17;1243
akvilon-beside-2-0;osm-499-tsentr-obrazovaniya-lichnost;osm-499-tsentr-obrazovaniya-lichnost-1;18;1327
akvilon-beside-2-0;osm-198-shkola-internat-im-yu-v-nikuli;osm-198-shkola-internat-im-yu-v-nikuli-1;24;1771
akvilon-beside-2-0;shkola-na-yugo-vostoke-im-v-i-chuykova;shkola-na-yugo-vostoke-im-v-i-chuykova-1;25;1866
akvilon-beside-2-0;osm-82-shkola-623;osm-82-shkola-623-1;25;1908
akvilon-beside-2-0;osm-418-shkola-813;osm-418-shkola-813-1;26;1970
akvilon-beside-2-0;osm-199-shkola-394;osm-199-shkola-394-1;26;1974
akvilon-beside-2-0;shkola-1420;shkola-1420-1;27;2037
akvilon-signal;shkola-1494;shkola-1494-3;17;1238
akvilon-signal;shkola-962;shkola-962-3;17;1312
akvilon-signal;shkola-950;shkola-950-5;21;1612
akvilon-signal;osm-576-tsentr-obrazovaniya-264;osm-576-tsentr-obrazovaniya-264-1;23;1734
akvilon-signal;osm-452-shkola-1213;osm-452-shkola-1213-3;25;1878
akvilon-signal;osm-577-shkola-959;osm-577-shkola-959-1;28;2102
alia;shkola-727;shkola-727-1;17;1257
alia;shkola-1285;shkola-1285-4;24;1829
alia;kurchatovskaya-shkola;kurchatovskaya-shkola-6;29;2183
altufevskoe-53;osm-268-shkola-970;osm-268-shkola-970-1;10;741
altufevskoe-53;osm-657-shkola-745;osm-657-shkola-745-1;13;957
altufevskoe-53;shkola-1411;shkola-1411-1;14;1041
altufevskoe-53;shkola-962;shkola-962-5;15;1102
altufevskoe-53;shkola-305;shkola-305-1;16;1173
altufevskoe-53;shkola-1794-im-a-s-chufistova;shkola-1794-im-a-s-chufistova-4;17;1263
altufevskoe-53;osm-517-nachalnaya-shkola-1826;osm-517-nachalnaya-shkola-1826-1;21;1579
altufevskoe-53;osm-348-shkola-302;osm-348-shkola-302-1;21;1588
altufevskoe-53;osm-386-shkola-272;osm-386-shkola-272-1;24;1800
altufevskoe-53;shkola-1370;shkola-1370-2;24;1829
altufevskoe-53;osm-490-shkola-958;osm-490-shkola-958-1;27;2023
altufevskoe-53;osm-454-shkola-267;osm-454-shkola-267-1;27;2028
altufevskoe-53;shkola-1383;shkola-1383-1;28;2075
altufevskoe-53;shkola-1554;shkola-1554-2;28;2077
altufevskoe-53;shkola-1296;shkola-1296-1;29;2204
altufevskoe-53;shkola-656-im-a-s-makarenko;shkola-656-im-a-s-makarenko-2;29;2212
altufevskoe-53;shkola-950;shkola-950-1;30;2222
amber-siti;shkola-1288-im-n-v-troyan;shkola-1288-im-n-v-troyan-3;4;269
amber-siti;pansion-vospitannits-ministerstva-oborony-rf;pansion-vospitannits-ministerstva-oborony-rf-1;13;995
amber-siti;shkola-141-im-riharda-zorge;shkola-141-im-riharda-zorge-1;27;2008
amber-siti;shkola-1409;shkola-1409-1;29;2155
amber-siti;osm-447-litsey-1550;osm-447-litsey-1550-1;30;2233
annabel-s;litsey-ranhigs;litsey-ranhigs-2;4;312
annabel-s;shkola-1529-imeni-a-s-griboedova;shkola-1529-imeni-a-s-griboedova-4;5;348
annabel-s;preduniversitariy-mglu;preduniversitariy-mglu-1;11;810
annabel-s;shkola-1231-im-v-d-polenova;shkola-1231-im-v-d-polenova-4;11;851
annabel-s;pyatdesyat-sedmaya-shkola;pyatdesyat-sedmaya-shkola-3;17;1273
annabel-s;shkola-1253;shkola-1253-2;17;1287
annabel-s;osm-34-shkola-1331-molodaya-iveriya;osm-34-shkola-1331-molodaya-iveriya-1;17;1290
annabel-s;shkola-1799;shkola-1799-3;25;1857
annabel-s;osm-567-pirogovskaya-shkola;osm-567-pirogovskaya-shkola-1;26;1961
annabel-s;shkola-91;shkola-91-1;27;2019
annabel-s;chastnaya-shkola-zolotoe-sechenie;chastnaya-shkola-zolotoe-sechenie-1;28;2080
annabel-s;shkola-1234;shkola-1234-1;29;2212
apsayd-tauers;osm-561-shkola-252;osm-561-shkola-252-1;11;851
apsayd-tauers;osm-441-shkola-1956;osm-441-shkola-1956-1;20;1523
apsayd-tauers;shkola-1236-im-s-v-milashenkova;shkola-1236-im-s-v-milashenkova-4;21;1604
apsayd-tauers;shkola-1494;shkola-1494-2;26;1977
apsayd-tauers;osm-513-finansovo-ekonomicheskaya-shko;osm-513-finansovo-ekonomicheskaya-shko-1;28;2101
apsayd-tauers;shkola-218;shkola-218-2;29;2151
apsayd-tauers;osm-630-shkola-968;osm-630-shkola-968-1;29;2172
apsayd-tauers;osm-562-shkola-1164;osm-562-shkola-1164-1;30;2222
aristarkhovskiy;shkola-sotrudnichestva;shkola-sotrudnichestva-1;4;312
aristarkhovskiy;shkola-2104-na-taganke;shkola-2104-na-taganke-2;7;492
aristarkhovskiy;osm-496-spetsshkola-486;osm-496-spetsshkola-486-1;9;685
aristarkhovskiy;osm-482-tsentr-obrazovaniya-1685;osm-482-tsentr-obrazovaniya-1685-1;10;781
aristarkhovskiy;osm-637-shkola-1271;osm-637-shkola-1271-1;11;811
aristarkhovskiy;shkola-1270-vektor;shkola-1270-vektor-2;11;813
aristarkhovskiy;osm-497-shkola-498;osm-497-shkola-498-1;14;1066
aristarkhovskiy;shkola-pokrovskiy-kvartal;shkola-pokrovskiy-kvartal-7;14;1076
aristarkhovskiy;osm-650-pravoslavnaya-svyato-petrovska;osm-650-pravoslavnaya-svyato-petrovska-1;15;1144
aristarkhovskiy;shkola-tsentra-pedagogicheskogo-masterstva-tspm;shkola-tsentra-pedagogicheskogo-masterstva-tspm-2;17;1251
aristarkhovskiy;inzhenernaya-shkola-1581;inzhenernaya-shkola-1581-2;17;1254
aristarkhovskiy;osm-592-shkola-457;osm-592-shkola-457-1;22;1635
aristarkhovskiy;osm-368-svyato-vladimirskaya-shkola;osm-368-svyato-vladimirskaya-shkola-1;22;1680
aristarkhovskiy;litsey-niu-vshe;litsey-niu-vshe-4;23;1701
aristarkhovskiy;osm-543-internat-tretiy-moskovskiy-kad;osm-543-internat-tretiy-moskovskiy-kad-1;23;1714
aristarkhovskiy;osm-672-shkola-518;osm-672-shkola-518-1;26;1949
aristarkhovskiy;osm-361-shkola-1216;osm-361-shkola-1216-1;26;1967
aristarkhovskiy;osm-546-shkola-1221;osm-546-shkola-1221-1;27;1989
aristarkhovskiy;shkola-1468;shkola-1468-2;27;2007
aristarkhovskiy;osm-216-litsey-1303;osm-216-litsey-1303-1;27;2027
aristarkhovskiy;osm-191-shkola-1229;osm-191-shkola-1229-1;27;2044
aristarkhovskiy;osm-671-shkola-88;osm-671-shkola-88-1;29;2183
aristarkhovskiy;shkola-im-v-v-mayakovskogo;shkola-im-v-v-mayakovskogo-1;30;2233
aristarkhovskiy;osm-432-gbou-sosh-480;osm-432-gbou-sosh-480-1;30;2233
arkhitektor;osm-59-shkola-115;osm-59-shkola-115-1;9;665
arkhitektor;shkola-170-im-a-p-chehova;shkola-170-im-a-p-chehova-1;13;957
arkhitektor;osm-593-shkola-46;osm-593-shkola-46-1;14;1032
arkhitektor;shkola-1514;shkola-1514-3;16;1189
arkhitektor;osm-158-shkola-1100;osm-158-shkola-1100-1;18;1314
arkhitektor;osm-118-shkola-49;osm-118-shkola-49-2;24;1813
arkhitektor;shkola-1541;shkola-1541-1;24;1826
arkhitektor;osm-230-kadetskaya-shkola-internat-69;osm-230-kadetskaya-shkola-internat-69-1;28;2084
arkhitektor;shkola-113;shkola-113-2;28;2095
arkhitektor;osm-231-shkola-internat-62;osm-231-shkola-internat-62-1;28;2106
armani-casa-moscow-residences;shkola-1799;shkola-1799-4;7;512
armani-casa-moscow-residences;shkola-627-im-d-d-lelyushenko;shkola-627-im-d-d-lelyushenko-2;8;628
armani-casa-moscow-residences;osm-331-elizavetinskaya-gimnaziya;osm-331-elizavetinskaya-gimnaziya-1;8;632
armani-casa-moscow-residences;osm-525-shkola-1323;osm-525-shkola-1323-1;9;679
armani-casa-moscow-residences;osm-567-pirogovskaya-shkola;osm-567-pirogovskaya-shkola-1;13;946
armani-casa-moscow-residences;osm-648-frantsuzskiy-litsey-im-aleksan;osm-648-frantsuzskiy-litsey-im-aleksan-1;13;967
armani-casa-moscow-residences;osm-571-shkola-1262;osm-571-shkola-1262-1;16;1194
armani-casa-moscow-residences;osm-672-shkola-518;osm-672-shkola-518-1;20;1536
armani-casa-moscow-residences;shkola-1259;shkola-1259-1;22;1657
armani-casa-moscow-residences;shkola-1529-imeni-a-s-griboedova;shkola-1529-imeni-a-s-griboedova-4;23;1746
armani-casa-moscow-residences;pyatdesyat-sedmaya-shkola;pyatdesyat-sedmaya-shkola-3;24;1764
armani-casa-moscow-residences;shkola-1231-im-v-d-polenova;shkola-1231-im-v-d-polenova-4;26;1941
armani-casa-moscow-residences;ekonomicheskiy-litsey-reu-im-g-v-plehanova;ekonomicheskiy-litsey-reu-im-g-v-plehanova-1;26;1977
armani-casa-moscow-residences;osm-544-shkola-553;osm-544-shkola-553-1;26;1983
armani-casa-moscow-residences;litsey-ranhigs;litsey-ranhigs-2;28;2075
artel;osm-385-shkola-444;osm-385-shkola-444-1;10;785
artel;osm-575-shkola-1502-energiya;osm-575-shkola-1502-energiya-1;12;928
artel;shkola-na-yauze;shkola-na-yauze-1;18;1369
artel;heritage-school;heritage-school-1;20;1525
artel;inzhenernaya-shkola-1581;inzhenernaya-shkola-1581-3;20;1536
artel;osm-424-shkola-378;osm-424-shkola-378-1;23;1731
artel;osm-20-shkola-435;osm-20-shkola-435-1;25;1843
artel;osm-631-shkola-1690;osm-631-shkola-1690-1;25;1864
artel;shkola-1530-shkola-lomonosova;shkola-1530-shkola-lomonosova-2;25;1901
artel;osm-210-shkola-1429-imeni-geroya-sovet;osm-210-shkola-1429-imeni-geroya-sovet-1;26;1915
artel;osm-258-shkola-1301-im;osm-258-shkola-1301-im-1;26;1934
artel;shkola-1505-preobrazhenskaya;shkola-1505-preobrazhenskaya-3;26;1947
artel;osm-221-gimnaziya-1799-shkolnoe-otdele;osm-221-gimnaziya-1799-shkolnoe-otdele-1;28;2102
artel;shkola-1282-sokolniki;shkola-1282-sokolniki-1;28;2110
astris;litsey-vorobevy-gory;litsey-vorobevy-gory-1;11;797
astris;osm-204-shkola-25;osm-204-shkola-25-1;18;1325
astris;osm-91-shkola-22;osm-91-shkola-22-1;18;1345
astris;shkola-2086;shkola-2086-2;18;1360
astris;osm-653-shkola-1260;osm-653-shkola-1260-1;18;1363
astris;litsey-vtoraya-shkola-im-v-f-ovchinnikova;litsey-vtoraya-shkola-im-v-f-ovchinnikova-1;19;1392
astris;osm-93-shkola-1265;osm-93-shkola-1265-1;19;1414
astris;osm-201-shkola-26;osm-201-shkola-26-1;20;1501
astris;shkola-1533-lit;shkola-1533-lit-2;23;1759
astris;shkola-192;shkola-192-1;24;1830
astris;osm-431-shkola-1266;osm-431-shkola-1266-1;30;2224
aura;shkola-547;shkola-547-2;9;655
aura;shkola-630-im-g-p-kravchenko;shkola-630-im-g-p-kravchenko-2;13;992
aura;shkola-1257;shkola-1257-1;20;1490
aura;shkola-stolitsa-kit;shkola-stolitsa-kit-1;23;1702
aura;osm-41-mezhdunarodnyy-innovatsionnyy-;osm-41-mezhdunarodnyy-innovatsionnyy--1;24;1834
aura;litsey-ranhigs;litsey-ranhigs-1;27;2029
aura;shkola-1553-im-v-i-vernadskogo;shkola-1553-im-v-i-vernadskogo-2;27;2055
aura;osm-585-shkola-548-tsaritsyno;osm-585-shkola-548-tsaritsyno-1;29;2138
aurum-time;osm-394-shkola-365;osm-394-shkola-365-1;4;302
aurum-time;osm-395-shkola-442;osm-395-shkola-442-1;8;611
aurum-time;osm-380-shkola-318;osm-380-shkola-318-1;8;619
aurum-time;osm-381-shkola-362;osm-381-shkola-362-1;11;798
aurum-time;osm-305-shkola-390;osm-305-shkola-390-1;14;1029
aurum-time;osm-38-shkola-370-im;osm-38-shkola-370-im-1;16;1207
aurum-time;shkola-1797-bogorodskaya;shkola-1797-bogorodskaya-1;17;1261
aurum-time;shkola-1080;shkola-1080-1;18;1368
aurum-time;shkola-1360;shkola-1360-1;21;1548
aurum-time;osm-136-shkola-internat-5-preobrazhens;osm-136-shkola-internat-5-preobrazhens-1;22;1627
aurum-time;osm-437-shkola-363;osm-437-shkola-363-1;23;1694
aurum-time;osm-314-tsentr-obrazovaniya-1452-bogor;osm-314-tsentr-obrazovaniya-1452-bogor-1;27;2000
aurum-time;shkola-1505-preobrazhenskaya;shkola-1505-preobrazhenskaya-4;29;2203
aurus-rezidentsii;romanovskaya-shkola;romanovskaya-shkola-4;14;1024
aurus-rezidentsii;osm-545-shkola-340;osm-545-shkola-340-1;14;1025
aurus-rezidentsii;osm-612-shkola-2055;osm-612-shkola-2055-1;25;1849
aurus-rezidentsii;shkola-2048;shkola-2048-1;25;1853
aurus-rezidentsii;shkola-2030;shkola-2030-1;25;1873
ays-tauers;shkola-7;shkola-7-2;6;450
ays-tauers;osm-13-shkola-119;osm-13-shkola-119-1;6;485
ays-tauers;osm-44-litsey-moskvich;osm-44-litsey-moskvich-1;8;566
ays-tauers;osm-58-shkola-108;osm-58-shkola-108-1;12;888
ays-tauers;shkola-1514;shkola-1514-5;12;927
ays-tauers;shkola-118;shkola-118-2;16;1186
ays-tauers;shkola-117;shkola-117-2;20;1466
ays-tauers;osm-484-shkola-1264;osm-484-shkola-1264-1;20;1501
ays-tauers;osm-232-tsentr-obrazovaniya-1311-thiya;osm-232-tsentr-obrazovaniya-1311-thiya-1;21;1549
ays-tauers;shkola-1541;shkola-1541-2;21;1573
ays-tauers;osm-231-shkola-internat-62;osm-231-shkola-internat-62-2;21;1609
ays-tauers;osm-485-shkola-1361;osm-485-shkola-1361-1;23;1735
ays-tauers;osm-312-shkola-1536;osm-312-shkola-1536-2;25;1865
ays-tauers;osm-230-kadetskaya-shkola-internat-69;osm-230-kadetskaya-shkola-internat-69-1;25;1884
ays-tauers;osm-0-shkola-1;osm-0-shkola-1-1;26;1915
ays-tauers;osm-610-shkola-324-zhar-ptitsa;osm-610-shkola-324-zhar-ptitsa-1;26;1931
ays-tauers;shkola-58;shkola-58-1;26;1944
ays-tauers;osm-259-shkola-11;osm-259-shkola-11-1;26;1960
ays-tauers;osm-468-shkola-1119;osm-468-shkola-1119-1;26;1983
ays-tauers;sunts-mgu-shkola-internat-im-a-n-kolmogorova;sunts-mgu-shkola-internat-im-a-n-kolmogorova-1;27;2001
ays-tauers;universitetskaya-gimnaziya-mgu-imeni-m-v-lomonosova;universitetskaya-gimnaziya-mgu-imeni-m-v-lomonosova-1;27;2027
ays-tauers;shkola-1434-ramenki;shkola-1434-ramenki-1;27;2050
ays-tauers;shkola-1205;shkola-1205-3;30;2233
ays-tauers;shkola-1498-moskovskaya-mezhdunarodnaya-shkola;shkola-1498-moskovskaya-mezhdunarodnaya-shkola-2;30;2246
azarovo;lomonosovskaya-shkola-pansion-5;lomonosovskaya-shkola-pansion-5-1;21;1553
badaevskiy;shkola-67;shkola-67-5;2;129
badaevskiy;osm-326-shkola-1232;osm-326-shkola-1232-2;4;334
badaevskiy;osm-616-shkola-pri-posolstve-indii;osm-616-shkola-pri-posolstve-indii-1;9;670
badaevskiy;shkola-56-imeni-akademika-v-a-legasova;shkola-56-imeni-akademika-v-a-legasova-2;10;724
badaevskiy;osm-157-shkola-1465-imeni-admirala-n;osm-157-shkola-1465-imeni-admirala-n-1;12;877
badaevskiy;shkola-tehnologii-obucheniya;shkola-tehnologii-obucheniya-1;18;1378
badaevskiy;shkola-1234;shkola-1234-2;24;1767
badaevskiy;shkola-1241-na-krasnoy-presne;shkola-1241-na-krasnoy-presne-1;25;1898
badaevskiy;osm-36-shkola-viktoriya;osm-36-shkola-viktoriya-1;25;1908
badaevskiy;osm-568-pushkinskaya-gimnaziya-na-pres;osm-568-pushkinskaya-gimnaziya-na-pres-1;28;2131
badaevskiy;shkola-1231-im-v-d-polenova;shkola-1231-im-v-d-polenova-6;29;2208
badaevskiy;chastnaya-shkola-zolotoe-sechenie;chastnaya-shkola-zolotoe-sechenie-1;30;2233
balans;shkola-777-im-e-v-mihaylova;shkola-777-im-e-v-mihaylova-5;16;1171
balans;shkola-na-yugo-vostoke-im-v-i-chuykova;shkola-na-yugo-vostoke-im-v-i-chuykova-1;23;1689
balans;osm-499-tsentr-obrazovaniya-lichnost;osm-499-tsentr-obrazovaniya-lichnost-1;25;1875
balans;shkola-2090-im-l-h-papernika;shkola-2090-im-l-h-papernika-3;27;2015
balans;osm-200-shkola-468;osm-200-shkola-468-1;27;2023
balans;osm-398-shkola-1314;osm-398-shkola-1314-1;28;2081
barklaya-6;shkola-integral;shkola-integral-1;7;506
barklaya-6;obrazovatelnyy-tsentr-proton;obrazovatelnyy-tsentr-proton-2;7;524
barklaya-6;osm-570-shkola-590;osm-570-shkola-590-1;13;947
barklaya-6;osm-254-tsentr-obrazovaniya-1816;osm-254-tsentr-obrazovaniya-1816-1;14;1070
barklaya-6;shkola-67;shkola-67-2;17;1263
barklaya-6;osm-183-tsentr-obrazovaniya-1497;osm-183-tsentr-obrazovaniya-1497-1;18;1341
barklaya-6;osm-11-srednyaya-shkola-72;osm-11-srednyaya-shkola-72-1;19;1420
barklaya-6;shkola-2101;shkola-2101-3;28;2112
barklaya-6;mediko-biologicheskaya-shkola-vita;mediko-biologicheskaya-shkola-vita-1;29;2143
barvikha-khills;osm-690-barvihinskaya-srednyaya-obsche;osm-690-barvihinskaya-srednyaya-obsche-1;28;2136
beregovoy-2;osm-46-akademicheskaya-gimnaziya;osm-46-akademicheskaya-gimnaziya-1;11;850
beregovoy-2;obrazovatelnyy-tsentr-proton;obrazovatelnyy-tsentr-proton-1;16;1177
beregovoy-2;osm-412-shkola-1114;osm-412-shkola-1114-1;16;1184
beregovoy-2;shkola-2048;shkola-2048-1;20;1491
beregovoy-2;osm-413-shkola-696;osm-413-shkola-696-1;22;1633
beregovoy-2;osm-11-srednyaya-shkola-72;osm-11-srednyaya-shkola-72-1;24;1832
beregovoy-2;osm-351-shkola-1253;osm-351-shkola-1253-2;25;1867
beregovoy-2;romanovskaya-shkola;romanovskaya-shkola-4;28;2123
berezki-river-village;osm-688-gorkovskaya-shkola;osm-688-gorkovskaya-shkola-1;19;1432
bernikovskaya-naberezhnaya-12;osm-482-tsentr-obrazovaniya-1685;osm-482-tsentr-obrazovaniya-1685-1;2;150
bernikovskaya-naberezhnaya-12;shkola-2104-na-taganke;shkola-2104-na-taganke-2;3;251
bernikovskaya-naberezhnaya-12;osm-650-pravoslavnaya-svyato-petrovska;osm-650-pravoslavnaya-svyato-petrovska-1;8;584
bernikovskaya-naberezhnaya-12;shkola-pokrovskiy-kvartal;shkola-pokrovskiy-kvartal-7;11;841
bernikovskaya-naberezhnaya-12;shkola-sotrudnichestva;shkola-sotrudnichestva-1;14;1016
bernikovskaya-naberezhnaya-12;shkola-tsentra-pedagogicheskogo-masterstva-tspm;shkola-tsentra-pedagogicheskogo-masterstva-tspm-2;14;1016
bernikovskaya-naberezhnaya-12;inzhenernaya-shkola-1581;inzhenernaya-shkola-1581-2;16;1190
bernikovskaya-naberezhnaya-12;osm-368-svyato-vladimirskaya-shkola;osm-368-svyato-vladimirskaya-shkola-1;16;1209
bernikovskaya-naberezhnaya-12;litsey-niu-vshe;litsey-niu-vshe-4;16;1230
bernikovskaya-naberezhnaya-12;osm-637-shkola-1271;osm-637-shkola-1271-1;17;1241
bernikovskaya-naberezhnaya-12;osm-496-spetsshkola-486;osm-496-spetsshkola-486-1;18;1376
bernikovskaya-naberezhnaya-12;osm-672-shkola-518;osm-672-shkola-518-1;20;1478
bernikovskaya-naberezhnaya-12;shkola-1270-vektor;shkola-1270-vektor-2;21;1549
bernikovskaya-naberezhnaya-12;osm-497-shkola-498;osm-497-shkola-498-1;22;1657
bernikovskaya-naberezhnaya-12;shkola-1259;shkola-1259-2;27;1990
bernikovskaya-naberezhnaya-12;osm-592-shkola-457;osm-592-shkola-457-1;28;2063
bernikovskaya-naberezhnaya-12;osm-525-shkola-1323;osm-525-shkola-1323-1;29;2165
bolshaya-nikitskaya-16;shkola-1520-im-kaptsovyh;shkola-1520-im-kaptsovyh-1;3;191
bolshaya-nikitskaya-16;osm-583-shkola-123;osm-583-shkola-123-1;3;201
bolshaya-nikitskaya-16;osm-569-shkola-110;osm-569-shkola-110-1;6;468
bolshaya-nikitskaya-16;shkola-2123-im-migelya-ernandesa;shkola-2123-im-migelya-ernandesa-1;6;471
bolshaya-nikitskaya-16;shkola-91;shkola-91-1;9;686
bolshaya-nikitskaya-16;osm-360-tsentr-obrazovaniya-1441-bronn;osm-360-tsentr-obrazovaniya-1441-bronn-1;12;893
bolshaya-nikitskaya-16;shkola-1234;shkola-1234-1;13;1009
bolshaya-nikitskaya-16;osm-563-shkola-1239;osm-563-shkola-1239-1;15;1128
bolshaya-nikitskaya-16;shkola-179;shkola-179-1;17;1273
bolshaya-nikitskaya-16;shkola-1231-im-v-d-polenova;shkola-1231-im-v-d-polenova-5;18;1346
bolshaya-nikitskaya-16;pyatdesyat-sedmaya-shkola;pyatdesyat-sedmaya-shkola-3;19;1397
bolshaya-nikitskaya-16;osm-34-shkola-1331-molodaya-iveriya;osm-34-shkola-1331-molodaya-iveriya-1;20;1536
bolshaya-nikitskaya-16;shkola-1529-imeni-a-s-griboedova;shkola-1529-imeni-a-s-griboedova-3;21;1566
bolshaya-nikitskaya-16;shkola-2054;shkola-2054-2;22;1625
bolshaya-nikitskaya-16;osm-21-shkola-1113;osm-21-shkola-1113-2;22;1684
bolshaya-nikitskaya-16;shkola-1950;shkola-1950-2;23;1691
bolshaya-nikitskaya-16;shkola-1574;shkola-1574-1;24;1774
bolshaya-nikitskaya-16;osm-92-shkolnoe-otdelenie-22-litseya-;osm-92-shkolnoe-otdelenie-22-litseya--1;24;1811
bolshaya-nikitskaya-16;litsey-niu-vshe;litsey-niu-vshe-1;29;2182
bolshaya-nikitskaya-16;osm-43-russkaya-klassicheskaya-gimnaz;osm-43-russkaya-klassicheskaya-gimnaz-1;30;2244
bolshaya-ordynka-25;osm-525-shkola-1323;osm-525-shkola-1323-1;5;351
bolshaya-ordynka-25;osm-331-elizavetinskaya-gimnaziya;osm-331-elizavetinskaya-gimnaziya-1;5;394
bolshaya-ordynka-25;shkola-1799;shkola-1799-3;9;692
bolshaya-ordynka-25;shkola-627-im-d-d-lelyushenko;shkola-627-im-d-d-lelyushenko-2;10;738
bolshaya-ordynka-25;osm-672-shkola-518;osm-672-shkola-518-1;15;1157
bolshaya-ordynka-25;osm-648-frantsuzskiy-litsey-im-aleksan;osm-648-frantsuzskiy-litsey-im-aleksan-1;17;1274
bolshaya-ordynka-25;osm-567-pirogovskaya-shkola;osm-567-pirogovskaya-shkola-1;18;1343
bolshaya-ordynka-25;shkola-1259;shkola-1259-1;18;1365
bolshaya-ordynka-25;osm-571-shkola-1262;osm-571-shkola-1262-1;18;1385
bolshaya-ordynka-25;ekonomicheskiy-litsey-reu-im-g-v-plehanova;ekonomicheskiy-litsey-reu-im-g-v-plehanova-1;25;1847
bolshaya-ordynka-25;osm-544-shkola-553;osm-544-shkola-553-1;25;1871
bolshaya-ordynka-25;shkola-1529-imeni-a-s-griboedova;shkola-1529-imeni-a-s-griboedova-4;28;2102
bolshaya-ordynka-25;pyatdesyat-sedmaya-shkola;pyatdesyat-sedmaya-shkola-3;28;2119
bolshaya-ordynka-25;litsey-niu-vshe;litsey-niu-vshe-4;28;2121
bolshaya-ordynka-25;osm-368-svyato-vladimirskaya-shkola;osm-368-svyato-vladimirskaya-shkola-1;30;2221
bolshaya-pirogovskaya-51;shkola-1535;shkola-1535-2;7;521
bolshaya-pirogovskaya-51;osm-195-shkola-45;osm-195-shkola-45-1;9;699
bolshaya-pirogovskaya-51;osm-30-filippovskaya-shkola;osm-30-filippovskaya-shkola-1;11;791
bolshaya-pirogovskaya-51;meditsinskiy-sechenovskiy-preduniversariy;meditsinskiy-sechenovskiy-preduniversariy-1;12;936
bolshaya-pirogovskaya-51;osm-498-shkola-54;osm-498-shkola-54-1;14;1029
bolshaya-pirogovskaya-51;pyatdesyat-sedmaya-shkola;pyatdesyat-sedmaya-shkola-2;15;1145
bolshaya-pirogovskaya-51;osm-528-spetsshkola-30;osm-528-spetsshkola-30-1;19;1406
bolshaya-pirogovskaya-51;shkola-171;shkola-171-2;21;1551
bolshaya-pirogovskaya-51;chastnaya-shkola-zolotoe-sechenie;chastnaya-shkola-zolotoe-sechenie-1;23;1742
bolshaya-pirogovskaya-51;osm-33-shkola-viktoriya-2000;osm-33-shkola-viktoriya-2000-1;24;1818
bolshaya-pirogovskaya-51;shkola-1231-im-v-d-polenova;shkola-1231-im-v-d-polenova-6;24;1833
bolshaya-semerka;shkola-1360;shkola-1360-2;8;620
bolshaya-semerka;osm-314-tsentr-obrazovaniya-1452-bogor;osm-314-tsentr-obrazovaniya-1452-bogor-1;8;635
bolshaya-semerka;osm-437-shkola-363;osm-437-shkola-363-1;11;846
bolshaya-semerka;shkola-1797-bogorodskaya;shkola-1797-bogorodskaya-2;13;997
bolshaya-semerka;osm-396-shkola-374;osm-396-shkola-374-1;15;1153
bolshaya-semerka;heritage-school;heritage-school-1;19;1405
bolshaya-semerka;osm-305-shkola-390;osm-305-shkola-390-1;19;1412
bolshaya-semerka;shkola-1080;shkola-1080-1;20;1515
bolshaya-semerka;osm-529-shkola-internat-30-im-k-a-mika;osm-529-shkola-internat-30-im-k-a-mika-1;21;1546
bolshaya-semerka;osm-221-gimnaziya-1799-shkolnoe-otdele;osm-221-gimnaziya-1799-shkolnoe-otdele-1;21;1551
bolshaya-semerka;osm-422-chastnaya-nachalnaya-shkola-ga;osm-422-chastnaya-nachalnaya-shkola-ga-1;21;1563
bolshaya-semerka;osm-575-shkola-1502-energiya;osm-575-shkola-1502-energiya-2;21;1574
bolshaya-semerka;osm-395-shkola-442;osm-395-shkola-442-1;23;1689
bolshaya-semerka;shkola-1404-gamma;shkola-1404-gamma-1;23;1727
bolshaya-semerka;osm-380-shkola-318;osm-380-shkola-318-1;24;1773
bolshaya-semerka;osm-424-shkola-378;osm-424-shkola-378-1;26;1927
bolshaya-semerka;osm-615-chastnaya-shkola-akademicheska;osm-615-chastnaya-shkola-akademicheska-1;27;2011
bolshaya-semerka;osm-38-shkola-370-im;osm-38-shkola-370-im-1;29;2171
bolshaya-semerka;osm-381-shkola-362;osm-381-shkola-362-1;29;2184
bolshaya-semerka;osm-394-shkola-365;osm-394-shkola-365-1;30;2216
bolshaya-tatarskaya-35;shkola-627-im-d-d-lelyushenko;shkola-627-im-d-d-lelyushenko-4;8;594
bolshaya-tatarskaya-35;shkola-1259;shkola-1259-2;11;791
bolshaya-tatarskaya-35;osm-525-shkola-1323;osm-525-shkola-1323-1;15;1100
bolshaya-tatarskaya-35;osm-331-elizavetinskaya-gimnaziya;osm-331-elizavetinskaya-gimnaziya-1;15;1112
bolshaya-tatarskaya-35;osm-672-shkola-518;osm-672-shkola-518-1;16;1215
bolshaya-tatarskaya-35;shkola-1799;shkola-1799-3;20;1470
bolshaya-tatarskaya-35;osm-571-shkola-1262;osm-571-shkola-1262-1;21;1544
bolshaya-tatarskaya-35;osm-648-frantsuzskiy-litsey-im-aleksan;osm-648-frantsuzskiy-litsey-im-aleksan-1;21;1569
bolshaya-tatarskaya-35;ekonomicheskiy-litsey-reu-im-g-v-plehanova;ekonomicheskiy-litsey-reu-im-g-v-plehanova-1;23;1759
bolshaya-tatarskaya-35;osm-497-shkola-498;osm-497-shkola-498-1;24;1837
bolshaya-tatarskaya-35;osm-567-pirogovskaya-shkola;osm-567-pirogovskaya-shkola-1;25;1879
bolshaya-tatarskaya-35;osm-544-shkola-553;osm-544-shkola-553-1;26;1961
bolshaya-tatarskaya-35;osm-637-shkola-1271;osm-637-shkola-1271-1;27;2016
bolshaya-tatarskaya-35;osm-543-internat-tretiy-moskovskiy-kad;osm-543-internat-tretiy-moskovskiy-kad-1;29;2172
bolshaya-tatarskaya-35;litsey-niu-vshe;litsey-niu-vshe-4;29;2183
bolshaya-tatarskaya-35;shkola-2104-na-taganke;shkola-2104-na-taganke-1;30;2217
bolshoy-kozikhinskiy-22;osm-360-tsentr-obrazovaniya-1441-bronn;osm-360-tsentr-obrazovaniya-1441-bronn-1;5;357
bolshoy-kozikhinskiy-22;shkola-1234;shkola-1234-4;7;555
bolshoy-kozikhinskiy-22;osm-569-shkola-110;osm-569-shkola-110-1;9;708
bolshoy-kozikhinskiy-22;osm-563-shkola-1239;osm-563-shkola-1239-1;10;770
bolshoy-kozikhinskiy-22;shkola-1950;shkola-1950-2;11;792
bolshoy-kozikhinskiy-22;shkola-1520-im-kaptsovyh;shkola-1520-im-kaptsovyh-2;12;884
bolshoy-kozikhinskiy-22;osm-21-shkola-1113;osm-21-shkola-1113-2;12;888
bolshoy-kozikhinskiy-22;shkola-1574;shkola-1574-1;12;901
bolshoy-kozikhinskiy-22;shkola-2123-im-migelya-ernandesa;shkola-2123-im-migelya-ernandesa-1;15;1118
bolshoy-kozikhinskiy-22;osm-92-shkolnoe-otdelenie-22-litseya-;osm-92-shkolnoe-otdelenie-22-litseya--1;17;1266
bolshoy-kozikhinskiy-22;osm-583-shkola-123;osm-583-shkola-123-1;17;1298
bolshoy-kozikhinskiy-22;romanovskaya-shkola;romanovskaya-shkola-1;19;1432
bolshoy-kozikhinskiy-22;shkola-91;shkola-91-1;20;1470
bolshoy-kozikhinskiy-22;shkola-2054;shkola-2054-2;22;1657
bolshoy-kozikhinskiy-22;osm-43-russkaya-klassicheskaya-gimnaz;osm-43-russkaya-klassicheskaya-gimnaz-1;25;1844
bolshoy-kozikhinskiy-22;osm-646-shkola-1388;osm-646-shkola-1388-1;25;1910
bolshoy-kozikhinskiy-22;shkola-179;shkola-179-1;26;1970
bolshoy-kozikhinskiy-22;litsey-niu-vshe;litsey-niu-vshe-1;26;1976
bolshoy-kozikhinskiy-22;shkola-1231-im-v-d-polenova;shkola-1231-im-v-d-polenova-5;29;2162
bolshoy-kozikhinskiy-22;osm-36-shkola-viktoriya;osm-36-shkola-viktoriya-1;30;2216
brusov;shkola-1520-im-kaptsovyh;shkola-1520-im-kaptsovyh-1;4;307
brusov;osm-583-shkola-123;osm-583-shkola-123-1;6;413
brusov;osm-569-shkola-110;osm-569-shkola-110-1;11;841
brusov;shkola-2123-im-migelya-ernandesa;shkola-2123-im-migelya-ernandesa-1;12;864
brusov;shkola-179;shkola-179-1;13;987
brusov;osm-360-tsentr-obrazovaniya-1441-bronn;osm-360-tsentr-obrazovaniya-1441-bronn-1;14;1016
brusov;shkola-91;shkola-91-1;14;1080
brusov;shkola-1234;shkola-1234-4;15;1128
brusov;shkola-2054;shkola-2054-2;19;1388
brusov;pyatdesyat-sedmaya-shkola;pyatdesyat-sedmaya-shkola-3;19;1436
brusov;osm-563-shkola-1239;osm-563-shkola-1239-1;20;1503
brusov;shkola-1231-im-v-d-polenova;shkola-1231-im-v-d-polenova-5;21;1554
brusov;osm-21-shkola-1113;osm-21-shkola-1113-2;22;1621
brusov;shkola-1574;shkola-1574-1;23;1712
brusov;osm-92-shkolnoe-otdelenie-22-litseya-;osm-92-shkolnoe-otdelenie-22-litseya--1;23;1744
brusov;osm-34-shkola-1331-molodaya-iveriya;osm-34-shkola-1331-molodaya-iveriya-1;23;1744
brusov;shkola-1529-imeni-a-s-griboedova;shkola-1529-imeni-a-s-griboedova-3;24;1774
brusov;litsey-niu-vshe;litsey-niu-vshe-1;27;2038
brusov;shkola-1950;shkola-1950-2;27;2040
brusov;osm-43-russkaya-klassicheskaya-gimnaz;osm-43-russkaya-klassicheskaya-gimnaz-1;29;2173
brusov;osm-636-frantsuzskiy-litsey-im-a-dyuma;osm-636-frantsuzskiy-litsey-im-a-dyuma-1;30;2215
businovskiy-park;osm-384-shkola-683;osm-384-shkola-683-1;13;968
businovskiy-park;osm-375-shkola-1631-imeni-geroya-sovet;osm-375-shkola-1631-imeni-geroya-sovet-1;18;1350
businovskiy-park;osm-547-shkola-1291-s-uglublennym-izuc;osm-547-shkola-1291-s-uglublennym-izuc-1;22;1624
businovskiy-park;shkola-dmitrovskiy;shkola-dmitrovskiy-1;22;1627
businovskiy-park;shkola-771;shkola-771-2;23;1702
businovskiy-park;shkola-236-im-g-i-schedrina;shkola-236-im-g-i-schedrina-1;23;1712
businovskiy-park;osm-383-shkola-847;osm-383-shkola-847-1;26;1980
capital-towers;shkola-2030;shkola-2030-1;16;1201
capital-towers;osm-545-shkola-340;osm-545-shkola-340-1;21;1571
capital-towers;shkola-1241-na-krasnoy-presne;shkola-1241-na-krasnoy-presne-1;21;1588
capital-towers;osm-612-shkola-2055;osm-612-shkola-2055-1;21;1598
capital-towers;osm-586-moskovskaya-ekonomicheskaya-sh;osm-586-moskovskaya-ekonomicheskaya-sh-1;24;1837
capital-towers;osm-36-shkola-viktoriya;osm-36-shkola-viktoriya-1;25;1872
capital-towers;osm-568-pushkinskaya-gimnaziya-na-pres;osm-568-pushkinskaya-gimnaziya-na-pres-1;26;1935
champine;osm-167-internat-4;osm-167-internat-4-1;4;337
champine;osm-48-shkola-467;osm-48-shkola-467-1;10;740
champine;shkola-im-v-v-mayakovskogo;shkola-im-v-v-mayakovskogo-2;14;1026
champine;osm-432-gbou-sosh-480;osm-432-gbou-sosh-480-1;14;1054
champine;osm-361-shkola-1216;osm-361-shkola-1216-1;17;1308
champine;osm-628-shkola-480-im;osm-628-shkola-480-im-1;19;1408
champine;osm-654-shkola-463-im;osm-654-shkola-463-im-1;21;1559
champine;osm-671-shkola-88;osm-671-shkola-88-1;21;1564
champine;osm-497-shkola-498;osm-497-shkola-498-2;22;1635
champine;shkola-1270-vektor;shkola-1270-vektor-1;22;1643
champine;osm-355-shkola-462;osm-355-shkola-462-1;23;1710
champine;osm-649-kadetskaya-shkola-1785;osm-649-kadetskaya-shkola-1785-1;24;1793
champine;osm-546-shkola-1221;osm-546-shkola-1221-1;26;1919
champine;shkola-1468;shkola-1468-1;27;2019
champine;osm-229-shkola-500;osm-229-shkola-500-1;27;2038
chkalov;shkola-pokrovskiy-kvartal;shkola-pokrovskiy-kvartal-5;6;431
chkalov;shkola-tsentra-pedagogicheskogo-masterstva-tspm;shkola-tsentra-pedagogicheskogo-masterstva-tspm-2;8;591
chkalov;litsey-niu-vshe;litsey-niu-vshe-3;9;644
chkalov;shkola-sotrudnichestva;shkola-sotrudnichestva-2;10;751
chkalov;inzhenernaya-shkola-1581;inzhenernaya-shkola-1581-2;12;916
chkalov;shkola-2104-na-taganke;shkola-2104-na-taganke-3;16;1197
chkalov;osm-601-shkola-1621-drevo-zhizni;osm-601-shkola-1621-drevo-zhizni-1;16;1228
chkalov;osm-650-pravoslavnaya-svyato-petrovska;osm-650-pravoslavnaya-svyato-petrovska-1;18;1342
chkalov;osm-482-tsentr-obrazovaniya-1685;osm-482-tsentr-obrazovaniya-1685-1;18;1347
chkalov;osm-549-tsentr-obrazovaniya-1480;osm-549-tsentr-obrazovaniya-1480-1;19;1435
chkalov;osm-368-svyato-vladimirskaya-shkola;osm-368-svyato-vladimirskaya-shkola-1;19;1456
chkalov;osm-554-chastnaya-shkola-bnot-menahem;osm-554-chastnaya-shkola-bnot-menahem-1;20;1498
chkalov;shkola-354-im-d-m-karbysheva;shkola-354-im-d-m-karbysheva-1;23;1762
chkalov;shkola-1284;shkola-1284-1;28;2111
chkalov;osm-637-shkola-1271;osm-637-shkola-1271-1;28;2124
chkalov;shkola-algoritm;shkola-algoritm-1;28;2133
chkalov;pushkinskaya-shkola-1500;pushkinskaya-shkola-1500-4;28;2134
chkalov;osm-496-spetsshkola-486;osm-496-spetsshkola-486-1;29;2157
chkalov;osm-636-frantsuzskiy-litsey-im-a-dyuma;osm-636-frantsuzskiy-litsey-im-a-dyuma-1;29;2166
chkalov;shkola-1270-vektor;shkola-1270-vektor-2;29;2206
chkalov;osm-114-shkola-vuz-sovremennoe-obrazov;osm-114-shkola-vuz-sovremennoe-obrazov-1;30;2226
chkalov;osm-216-litsey-1303;osm-216-litsey-1303-1;30;2248
clos-17;shkola-1231-im-v-d-polenova;shkola-1231-im-v-d-polenova-3;5;401
clos-17;osm-34-shkola-1331-molodaya-iveriya;osm-34-shkola-1331-molodaya-iveriya-1;6;450
clos-17;shkola-1529-imeni-a-s-griboedova;shkola-1529-imeni-a-s-griboedova-3;8;572
clos-17;shkola-1234;shkola-1234-1;8;604
clos-17;shkola-91;shkola-91-1;10;778
clos-17;pyatdesyat-sedmaya-shkola;pyatdesyat-sedmaya-shkola-3;15;1117
clos-17;shkola-2123-im-migelya-ernandesa;shkola-2123-im-migelya-ernandesa-1;15;1121
clos-17;shkola-1520-im-kaptsovyh;shkola-1520-im-kaptsovyh-1;17;1284
clos-17;osm-583-shkola-123;osm-583-shkola-123-1;20;1471
clos-17;osm-569-shkola-110;osm-569-shkola-110-1;21;1553
clos-17;preduniversitariy-mglu;preduniversitariy-mglu-1;22;1653
clos-17;osm-563-shkola-1239;osm-563-shkola-1239-1;23;1721
clos-17;litsey-ranhigs;litsey-ranhigs-2;25;1888
clos-17;chastnaya-shkola-zolotoe-sechenie;chastnaya-shkola-zolotoe-sechenie-1;26;1931
clos-17;osm-360-tsentr-obrazovaniya-1441-bronn;osm-360-tsentr-obrazovaniya-1441-bronn-1;26;1962
clos-17;osm-36-shkola-viktoriya;osm-36-shkola-viktoriya-1;28;2090
clos-17;shkola-1241-na-krasnoy-presne;shkola-1241-na-krasnoy-presne-1;28;2106
clos-17;osm-157-shkola-1465-imeni-admirala-n;osm-157-shkola-1465-imeni-admirala-n-2;29;2155
clos-17;shkola-1253;shkola-1253-2;30;2245
crystal-trilogiya;shkola-138;shkola-138-2;2;116
crystal-trilogiya;osm-511-horoshevskaya-progimnaziya;osm-511-horoshevskaya-progimnaziya-1;3;227
crystal-trilogiya;shkola-1517;shkola-1517-2;10;770
crystal-trilogiya;shkola-1515;shkola-1515-1;12;904
crystal-trilogiya;kurchatovskaya-shkola;kurchatovskaya-shkola-7;21;1589
crystal-trilogiya;shkola-1560-lider;shkola-1560-lider-3;22;1665
crystal-trilogiya;horoshevskaya-shkola-horoshkola;horoshevskaya-shkola-horoshkola-1;24;1790
crystal-trilogiya;shkola-1210;shkola-1210-2;24;1823
crystal-trilogiya;shkola-1522-im-v-i-churkina;shkola-1522-im-v-i-churkina-1;27;2007
cult;shkola-118;shkola-118-4;3;259
cult;osm-259-shkola-11;osm-259-shkola-11-1;6;464
cult;osm-0-shkola-1;osm-0-shkola-1-1;7;539
cult;osm-312-shkola-1536;osm-312-shkola-1536-1;9;651
cult;shkola-7;shkola-7-4;10;771
cult;osm-624-shkola-120;osm-624-shkola-120-1;12;881
cult;shkola-2086;shkola-2086-1;12;886
cult;shkola-1533-lit;shkola-1533-lit-2;13;972
cult;shkola-1514;shkola-1514-6;13;975
cult;shkola-58;shkola-58-1;15;1108
cult;osm-58-shkola-108;osm-58-shkola-108-1;17;1299
cult;osm-201-shkola-26;osm-201-shkola-26-1;17;1310
cult;shkola-1205;shkola-1205-3;18;1330
cult;osm-204-shkola-25;osm-204-shkola-25-1;19;1431
cult;osm-485-shkola-1361;osm-485-shkola-1361-1;21;1610
cult;osm-484-shkola-1264;osm-484-shkola-1264-1;22;1634
cult;osm-13-shkola-119;osm-13-shkola-119-1;23;1708
cult;shkola-117;shkola-117-2;23;1746
cult;sunts-mgu-shkola-internat-im-a-n-kolmogorova;sunts-mgu-shkola-internat-im-a-n-kolmogorova-1;24;1807
cult;universitetskaya-gimnaziya-mgu-imeni-m-v-lomonosova;universitetskaya-gimnaziya-mgu-imeni-m-v-lomonosova-1;24;1833
cult;litsey-vtoraya-shkola-im-v-f-ovchinnikova;litsey-vtoraya-shkola-im-v-f-ovchinnikova-1;25;1851
cult;osm-322-shkola-104;osm-322-shkola-104-1;26;1959
cult;osm-91-shkola-22;osm-91-shkola-22-1;26;1976
cult;osm-44-litsey-moskvich;osm-44-litsey-moskvich-1;27;2002
cult;osm-93-shkola-1265;osm-93-shkola-1265-1;27;2041
cult;osm-232-tsentr-obrazovaniya-1311-thiya;osm-232-tsentr-obrazovaniya-1311-thiya-1;28;2087
cult;osm-231-shkola-internat-62;osm-231-shkola-internat-62-2;29;2147
cult;osm-653-shkola-1260;osm-653-shkola-1260-1;29;2151
cult;shkola-199;shkola-199-1;29;2193
cult;osm-218-shkola-1379;osm-218-shkola-1379-1;30;2229
d-oro-mile;osm-157-shkola-1465-imeni-admirala-n;osm-157-shkola-1465-imeni-admirala-n-1;3;249
d-oro-mile;osm-616-shkola-pri-posolstve-indii;osm-616-shkola-pri-posolstve-indii-1;10;727
d-oro-mile;shkola-tehnologii-obucheniya;shkola-tehnologii-obucheniya-1;10;763
d-oro-mile;shkola-67;shkola-67-5;10;786
d-oro-mile;osm-326-shkola-1232;osm-326-shkola-1232-2;12;925
d-oro-mile;shkola-56-imeni-akademika-v-a-legasova;shkola-56-imeni-akademika-v-a-legasova-2;14;1022
d-oro-mile;shkola-1231-im-v-d-polenova;shkola-1231-im-v-d-polenova-6;23;1717
d-oro-mile;chastnaya-shkola-zolotoe-sechenie;chastnaya-shkola-zolotoe-sechenie-1;23;1742
d-oro-mile;osm-528-spetsshkola-30;osm-528-spetsshkola-30-1;25;1847
d-oro-mile;shkola-1234;shkola-1234-2;29;2159
danilovskiy-ot-granel;osm-585-shkola-548-tsaritsyno;osm-585-shkola-548-tsaritsyno-1;14;1023
danilovskiy-ot-granel;shkola-547;shkola-547-2;21;1550
danilovskiy-ot-granel;osm-501-shkola-494-im;osm-501-shkola-494-im-1;21;1603
danilovskiy-ot-granel;shkola-630-im-g-p-kravchenko;shkola-630-im-g-p-kravchenko-6;25;1893
danilovskiy-ot-granel;shkola-1257;shkola-1257-1;26;1918
danilovskiy-ot-granel;shkola-1272;shkola-1272-1;30;2217
deko-rezidens;shkola-1257;shkola-1257-1;8;627
deko-rezidens;shkola-547;shkola-547-2;13;1001
deko-rezidens;shkola-630-im-g-p-kravchenko;shkola-630-im-g-p-kravchenko-3;19;1397
deko-rezidens;shkola-627-im-d-d-lelyushenko;shkola-627-im-d-d-lelyushenko-3;21;1555
deko-rezidens;shkola-stolitsa-kit;shkola-stolitsa-kit-1;21;1576
deko-rezidens;osm-544-shkola-553;osm-544-shkola-553-1;24;1833
deko-rezidens;shkola-1553-im-v-i-vernadskogo;shkola-1553-im-v-i-vernadskogo-2;25;1897
deko-rezidens;litsey-ranhigs;litsey-ranhigs-1;26;1913
deko-rezidens;ekonomicheskiy-litsey-reu-im-g-v-plehanova;ekonomicheskiy-litsey-reu-im-g-v-plehanova-1;29;2143
demidov-26;inzhenernaya-shkola-1581;inzhenernaya-shkola-1581-1;4;280
demidov-26;shkola-354-im-d-m-karbysheva;shkola-354-im-d-m-karbysheva-1;10;759
demidov-26;osm-549-tsentr-obrazovaniya-1480;osm-549-tsentr-obrazovaniya-1480-1;14;1074
demidov-26;osm-601-shkola-1621-drevo-zhizni;osm-601-shkola-1621-drevo-zhizni-1;16;1169
demidov-26;osm-554-chastnaya-shkola-bnot-menahem;osm-554-chastnaya-shkola-bnot-menahem-1;16;1237
demidov-26;shkola-1284;shkola-1284-2;17;1283
demidov-26;osm-632-tsentr-obrazovaniya-345;osm-632-tsentr-obrazovaniya-345-1;17;1310
demidov-26;shkola-pokrovskiy-kvartal;shkola-pokrovskiy-kvartal-6;18;1360
demidov-26;pushkinskaya-shkola-1500;pushkinskaya-shkola-1500-1;18;1365
demidov-26;litsey-niu-vshe;litsey-niu-vshe-2;19;1404
demidov-26;osm-114-shkola-vuz-sovremennoe-obrazov;osm-114-shkola-vuz-sovremennoe-obrazov-1;22;1625
demidov-26;shkola-algoritm;shkola-algoritm-1;26;1915
demidov-26;shkola-tsentra-pedagogicheskogo-masterstva-tspm;shkola-tsentra-pedagogicheskogo-masterstva-tspm-2;28;2089
demidov-26;osm-643-shkola-1203;osm-643-shkola-1203-1;28;2101
demidov-26;shkola-sotrudnichestva;shkola-sotrudnichestva-2;28;2129
demidov-26;osm-636-frantsuzskiy-litsey-im-a-dyuma;osm-636-frantsuzskiy-litsey-im-a-dyuma-1;29;2144
demidov-26;osm-609-shkola-1247;osm-609-shkola-1247-1;29;2180
dius;inzhenerno-tehnicheskaya-shkola-im-p-r-popovicha;inzhenerno-tehnicheskaya-shkola-im-p-r-popovicha-1;3;221
dius;novaya-gumanitarnaya-shkola;novaya-gumanitarnaya-shkola-1;11;799
dius;osm-602-gimnaziya-svet;osm-602-gimnaziya-svet-1;11;820
dius;shkola-1575;shkola-1575-1;12;865
dius;shkola-1601-im-e-k-lyutikova;shkola-1601-im-e-k-lyutikova-5;14;1057
dius;shkola-tehnologii-obucheniya;shkola-tehnologii-obucheniya-2;15;1091
dius;shkola-internat-2;shkola-internat-2-1;15;1103
dius;shkola-152;shkola-152-2;16;1189
dius;shkola-218;shkola-218-1;17;1280
dius;osm-596-petrovskaya-shkola;osm-596-petrovskaya-shkola-1;22;1668
dius;shkola-1454-timiryazevskaya;shkola-1454-timiryazevskaya-1;24;1791
dius;litsey-finansovogo-universiteta;litsey-finansovogo-universiteta-1;24;1798
dius;pervyy-moskovskiy-kadetskiy-korpus;pervyy-moskovskiy-kadetskiy-korpus-1;26;1926
dius;shkola-1287;shkola-1287-2;26;1964
dius;shkola-1384;shkola-1384-3;29;2144
dius;osm-562-shkola-1164;osm-562-shkola-1164-1;30;2226
dmitrovskoe-nebo;osm-445-litsey-1594;osm-445-litsey-1594-1;12;917
dmitrovskoe-nebo;shkola-656-im-a-s-makarenko;shkola-656-im-a-s-makarenko-3;14;1058
dmitrovskoe-nebo;osm-443-shkola-660;osm-443-shkola-660-1;19;1454
dmitrovskoe-nebo;shkola-1383;shkola-1383-2;21;1541
dmitrovskoe-nebo;osm-403-shkola-1884;osm-403-shkola-1884-1;23;1717
dmitrovskoe-nebo;shkola-1794-im-a-s-chufistova;shkola-1794-im-a-s-chufistova-2;25;1857
dmitrovskoe-nebo;osm-386-shkola-272;osm-386-shkola-272-1;26;1932
dmitrovskoe-nebo;osm-517-nachalnaya-shkola-1826;osm-517-nachalnaya-shkola-1826-1;27;2047
dmitrovskoe-nebo;shkola-beskudnikovo;shkola-beskudnikovo-1;29;2210
dom-56;osm-609-shkola-1247;osm-609-shkola-1247-1;6;484
dom-56;shkola-354-im-d-m-karbysheva;shkola-354-im-d-m-karbysheva-2;7;517
dom-56;osm-643-shkola-1203;osm-643-shkola-1203-1;10;716
dom-56;osm-632-tsentr-obrazovaniya-345;osm-632-tsentr-obrazovaniya-345-1;11;811
dom-56;osm-210-shkola-1429-imeni-geroya-sovet;osm-210-shkola-1429-imeni-geroya-sovet-1;13;993
dom-56;osm-549-tsentr-obrazovaniya-1480;osm-549-tsentr-obrazovaniya-1480-2;15;1091
dom-56;inzhenernaya-shkola-1581;inzhenernaya-shkola-1581-3;15;1160
dom-56;pushkinskaya-shkola-1500;pushkinskaya-shkola-1500-3;23;1750
dom-56;shkola-315;shkola-315-1;25;1842
dom-56;osm-20-shkola-435;osm-20-shkola-435-1;25;1870
dom-56;shkola-sodruzhestvo;shkola-sodruzhestvo-2;26;1918
dom-56;shkola-na-yauze;shkola-na-yauze-2;27;2057
dom-56;shkola-1228-lefortovo;shkola-1228-lefortovo-5;28;2071
dom-56;osm-604-shkola-1525;osm-604-shkola-1525-1;28;2103
dom-7-danilovskiy;shkola-547;shkola-547-2;8;572
dom-7-danilovskiy;shkola-1257;shkola-1257-1;11;800
dom-7-danilovskiy;shkola-630-im-g-p-kravchenko;shkola-630-im-g-p-kravchenko-2;13;1006
dom-7-danilovskiy;shkola-stolitsa-kit;shkola-stolitsa-kit-1;18;1373
dom-7-danilovskiy;shkola-1553-im-v-i-vernadskogo;shkola-1553-im-v-i-vernadskogo-2;23;1696
dom-7-danilovskiy;litsey-ranhigs;litsey-ranhigs-1;23;1710
dom-7-danilovskiy;osm-544-shkola-553;osm-544-shkola-553-1;26;1929
dom-7-danilovskiy;osm-585-shkola-548-tsaritsyno;osm-585-shkola-548-tsaritsyno-1;28;2079
dom-7-danilovskiy;osm-41-mezhdunarodnyy-innovatsionnyy-;osm-41-mezhdunarodnyy-innovatsionnyy--1;28;2130
dom-7-danilovskiy;shkola-1799;shkola-1799-2;29;2194
dom-7-danilovskiy;litsey-vorobevy-gory;litsey-vorobevy-gory-2;30;2230
dom-a;shkola-627-im-d-d-lelyushenko;shkola-627-im-d-d-lelyushenko-3;9;661
dom-a;shkola-1257;shkola-1257-1;14;1018
dom-a;osm-544-shkola-553;osm-544-shkola-553-1;16;1191
dom-a;ekonomicheskiy-litsey-reu-im-g-v-plehanova;ekonomicheskiy-litsey-reu-im-g-v-plehanova-1;17;1248
dom-a;shkola-1553-im-v-i-vernadskogo;shkola-1553-im-v-i-vernadskogo-1;19;1442
dom-a;shkola-630-im-g-p-kravchenko;shkola-630-im-g-p-kravchenko-4;21;1551
dom-a;litsey-ranhigs;litsey-ranhigs-1;21;1580
dom-a;shkola-stolitsa-kit;shkola-stolitsa-kit-1;24;1791
dom-a;shkola-1259;shkola-1259-1;24;1812
dom-a;shkola-547;shkola-547-2;24;1833
dom-a;osm-571-shkola-1262;osm-571-shkola-1262-1;26;1969
dom-a;shkola-1799;shkola-1799-2;27;2029
dom-dau;romanovskaya-shkola;romanovskaya-shkola-4;16;1222
dom-dau;osm-545-shkola-340;osm-545-shkola-340-1;18;1385
dom-dau;shkola-2048;shkola-2048-1;27;2051
dom-dau;shkola-2030;shkola-2030-1;28;2088
dom-dau;osm-612-shkola-2055;osm-612-shkola-2055-1;29;2208
dom-franka;osm-597-shkola-1297;osm-597-shkola-1297-2;10;736
dom-franka;shkola-2107;shkola-2107-2;14;1032
dom-franka;shkola-marina-roscha-im-v-f-orlova;shkola-marina-roscha-im-v-f-orlova-2;18;1326
dom-franka;shkola-1518;shkola-1518-2;18;1346
dom-franka;shkola-tsentra-pedagogicheskogo-masterstva-tspm;shkola-tsentra-pedagogicheskogo-masterstva-tspm-1;18;1359
dom-franka;shkola-1531-im-s-k-godovikova;shkola-1531-im-s-k-godovikova-2;19;1412
dom-franka;pervyy-moskovskiy-obrazovatelnyy-kompleks;pervyy-moskovskiy-obrazovatelnyy-kompleks-3;19;1413
dom-franka;osm-272-shkola-potentsial;osm-272-shkola-potentsial-1;22;1666
dom-franka;osm-435-gimnaziya-mgups;osm-435-gimnaziya-mgups-1;23;1731
dom-franka;osm-378-shkola-308;osm-378-shkola-308-1;24;1816
dom-franka;osm-467-shkola-237;osm-467-shkola-237-1;28;2103
dom-franka;shkola-internat-1;shkola-internat-1-1;29;2140
dom-franka;shkola-1539;shkola-1539-1;29;2191
dom-franka;osm-428-gimnaziya-1572;osm-428-gimnaziya-1572-1;30;2223
dom-gorizontov;shkola-1440;shkola-1440-1;5;403
dom-gorizontov;osm-540-shkola-63;osm-540-shkola-63-1;7;526
dom-gorizontov;shkola-1371-krylatskoe;shkola-1371-krylatskoe-1;8;603
dom-gorizontov;shkola-1593;shkola-1593-2;13;941
dom-gorizontov;osm-519-shkola-1133;osm-519-shkola-1133-1;17;1303
dom-gorizontov;mezhdunarodnaya-shkola-moskvy-ism;mezhdunarodnaya-shkola-moskvy-ism-1;27;2037
dom-gorizontov;shkola-1293;shkola-1293-2;28;2071
dom-malevich;shkola-950;shkola-950-3;6;445
dom-malevich;osm-577-shkola-959;osm-577-shkola-959-1;6;487
dom-malevich;shkola-1554;shkola-1554-5;13;1003
dom-malevich;osm-576-tsentr-obrazovaniya-264;osm-576-tsentr-obrazovaniya-264-1;14;1035
dom-malevich;shkola-962;shkola-962-1;17;1266
dom-malevich;osm-578-shkola-240;osm-578-shkola-240-1;19;1409
dom-malevich;shkola-1411;shkola-1411-2;20;1523
dom-malevich;osm-490-shkola-958;osm-490-shkola-958-1;22;1627
dom-malevich;osm-657-shkola-745;osm-657-shkola-745-1;24;1811
dom-malevich;osm-267-shkola-606;osm-267-shkola-606-1;24;1830
dom-malevich;osm-454-shkola-267;osm-454-shkola-267-1;25;1896
dom-na-chasovoy;shkola-internat-2;shkola-internat-2-1;6;452
dom-na-chasovoy;inzhenerno-tehnicheskaya-shkola-im-p-r-popovicha;inzhenerno-tehnicheskaya-shkola-im-p-r-popovicha-3;7;520
dom-na-chasovoy;shkola-1575;shkola-1575-2;7;523
dom-na-chasovoy;shkola-152;shkola-152-3;10;719
dom-na-chasovoy;novaya-gumanitarnaya-shkola;novaya-gumanitarnaya-shkola-1;11;792
dom-na-chasovoy;shkola-tehnologii-obucheniya;shkola-tehnologii-obucheniya-2;14;1086
dom-na-chasovoy;litsey-finansovogo-universiteta;litsey-finansovogo-universiteta-1;16;1171
dom-na-chasovoy;shkola-1287;shkola-1287-2;18;1337
dom-na-chasovoy;shkola-1384;shkola-1384-3;20;1517
dom-na-chasovoy;osm-402-shkola-684;osm-402-shkola-684-1;21;1587
dom-na-chasovoy;osm-602-gimnaziya-svet;osm-602-gimnaziya-svet-1;22;1633
dom-na-chasovoy;shkola-1249;shkola-1249-1;24;1791
dom-na-chasovoy;shkola-1601-im-e-k-lyutikova;shkola-1601-im-e-k-lyutikova-5;25;1870
dom-na-chasovoy;britanskaya-mezhdunarodnaya-shkola-bis;britanskaya-mezhdunarodnaya-shkola-bis-3;26;1917
dom-na-chasovoy;shkola-1576;shkola-1576-2;27;2034
dom-na-chasovoy;shkola-218;shkola-218-1;29;2175
dom-na-dzhalilya;osm-334-shkola-534-korpus-2;osm-334-shkola-534-korpus-2-1;3;239
dom-na-dzhalilya;shkola-1552;shkola-1552-1;8;577
dom-na-dzhalilya;shkola-1998-lukomore;shkola-1998-lukomore-1;11;860
dom-na-dzhalilya;shkola-1569-sozvezdie;shkola-1569-sozvezdie-1;11;861
dom-na-dzhalilya;osm-367-shkola-1929;osm-367-shkola-1929-1;14;1036
dom-na-dzhalilya;osm-423-spetsshkola-991;osm-423-spetsshkola-991-1;16;1203
dom-na-dzhalilya;osm-409-shkola-996;osm-409-shkola-996-1;18;1335
dom-na-dzhalilya;osm-304-tsentr-obrazovaniya-1433;osm-304-tsentr-obrazovaniya-1433-1;18;1382
dom-na-dzhalilya;shkola-2116-zyablikovo;shkola-2116-zyablikovo-2;18;1383
dom-na-dzhalilya;shkola-1034-im-v-v-markina;shkola-1034-im-v-v-markina-2;19;1411
dom-na-dzhalilya;osm-371-shkola-939;osm-371-shkola-939-2;21;1556
dom-na-dzhalilya;osm-370-ano-shkola-premer;osm-370-ano-shkola-premer-1;21;1597
dom-na-dzhalilya;osm-303-shkola-871;osm-303-shkola-871-1;21;1602
dom-na-dzhalilya;osm-400-shkola-997;osm-400-shkola-997-1;22;1662
dom-na-dzhalilya;osm-346-shkola-426;osm-346-shkola-426-1;23;1744
dom-na-dzhalilya;osm-399-shkola-867;osm-399-shkola-867-1;24;1770
dom-na-dzhalilya;osm-311-shkola-945;osm-311-shkola-945-1;24;1799
dom-na-dzhalilya;shkola-naslednik;shkola-naslednik-1;24;1820
dom-na-dzhalilya;osm-589-shkola-438;osm-589-shkola-438-1;28;2065
dom-na-dzhalilya;osm-316-shkola-2017;osm-316-shkola-2017-1;28;2118
dom-na-dzhalilya;osm-318-gimnaziya-1587;osm-318-gimnaziya-1587-1;29;2211
dom-na-zorge;osm-401-tsentr-obrazovaniya-1865;osm-401-tsentr-obrazovaniya-1865-1;3;241
dom-na-zorge;shkola-141-im-riharda-zorge;shkola-141-im-riharda-zorge-1;7;516
dom-na-zorge;shkola-1251-im-sharlya-de-gollya;shkola-1251-im-sharlya-de-gollya-3;19;1441
dom-na-zorge;shkola-1288-im-n-v-troyan;shkola-1288-im-n-v-troyan-1;21;1606
dom-na-zorge;kurchatovskaya-shkola;kurchatovskaya-shkola-3;22;1671
dom-na-zorge;osm-52-shkola-90;osm-52-shkola-90-1;23;1738
dom-na-zorge;shkola-1409;shkola-1409-1;25;1895
dom-na-zorge;shkola-1560-lider;shkola-1560-lider-4;25;1906
dom-na-zorge;shkola-1287;shkola-1287-1;27;2060
dom-na-zorge;shkola-1384;shkola-1384-2;28;2108
dom-soboleva;osm-601-shkola-1621-drevo-zhizni;osm-601-shkola-1621-drevo-zhizni-1;4;333
dom-soboleva;shkola-pokrovskiy-kvartal;shkola-pokrovskiy-kvartal-6;6;468
dom-soboleva;litsey-niu-vshe;litsey-niu-vshe-3;7;530
dom-soboleva;osm-554-chastnaya-shkola-bnot-menahem;osm-554-chastnaya-shkola-bnot-menahem-1;13;942
dom-soboleva;osm-549-tsentr-obrazovaniya-1480;osm-549-tsentr-obrazovaniya-1480-1;15;1095
dom-soboleva;inzhenernaya-shkola-1581;inzhenernaya-shkola-1581-1;15;1119
dom-soboleva;shkola-354-im-d-m-karbysheva;shkola-354-im-d-m-karbysheva-1;17;1292
dom-soboleva;shkola-tsentra-pedagogicheskogo-masterstva-tspm;shkola-tsentra-pedagogicheskogo-masterstva-tspm-2;18;1323
dom-soboleva;shkola-1284;shkola-1284-2;19;1395
dom-soboleva;pushkinskaya-shkola-1500;pushkinskaya-shkola-1500-1;21;1604
dom-soboleva;shkola-sotrudnichestva;shkola-sotrudnichestva-2;22;1623
dom-soboleva;shkola-algoritm;shkola-algoritm-1;22;1636
dom-soboleva;osm-114-shkola-vuz-sovremennoe-obrazov;osm-114-shkola-vuz-sovremennoe-obrazov-1;22;1641
dom-soboleva;osm-368-svyato-vladimirskaya-shkola;osm-368-svyato-vladimirskaya-shkola-1;22;1644
dom-soboleva;osm-636-frantsuzskiy-litsey-im-a-dyuma;osm-636-frantsuzskiy-litsey-im-a-dyuma-1;24;1826
dom-soboleva;osm-632-tsentr-obrazovaniya-345;osm-632-tsentr-obrazovaniya-345-1;25;1902
dom-soboleva;osm-650-pravoslavnaya-svyato-petrovska;osm-650-pravoslavnaya-svyato-petrovska-1;26;1956
dom-soboleva;shkola-2104-na-taganke;shkola-2104-na-taganke-3;28;2069
dom-soboleva;osm-482-tsentr-obrazovaniya-1685;osm-482-tsentr-obrazovaniya-1685-1;29;2193
dom-sporta;osm-545-shkola-340;osm-545-shkola-340-1;21;1574
dom-sporta;romanovskaya-shkola;romanovskaya-shkola-4;22;1660
dom-sporta;shkola-2030;shkola-2030-1;28;2075
dom-xxii;osm-498-shkola-54;osm-498-shkola-54-1;8;568
dom-xxii;pyatdesyat-sedmaya-shkola;pyatdesyat-sedmaya-shkola-1;10;732
dom-xxii;shkola-171;shkola-171-1;10;738
dom-xxii;osm-30-filippovskaya-shkola;osm-30-filippovskaya-shkola-1;11;824
dom-xxii;shkola-1535;shkola-1535-1;12;897
dom-xxii;osm-195-shkola-45;osm-195-shkola-45-1;17;1260
dom-xxii;osm-33-shkola-viktoriya-2000;osm-33-shkola-viktoriya-2000-1;18;1358
dom-xxii;shkola-1253;shkola-1253-1;18;1375
dom-xxii;meditsinskiy-sechenovskiy-preduniversariy;meditsinskiy-sechenovskiy-preduniversariy-1;21;1602
dom-xxii;osm-528-spetsshkola-30;osm-528-spetsshkola-30-1;22;1638
dom-xxii;chastnaya-shkola-zolotoe-sechenie;chastnaya-shkola-zolotoe-sechenie-1;25;1845
dom-xxii;shkola-1231-im-v-d-polenova;shkola-1231-im-v-d-polenova-6;26;1936
dom-xxii;shkola-1529-imeni-a-s-griboedova;shkola-1529-imeni-a-s-griboedova-2;27;2054
dom-xxii;osm-37-svyato-dimitrievskaya-shkola;osm-37-svyato-dimitrievskaya-shkola-1;28;2097
dom-xxii;preduniversitariy-mglu;preduniversitariy-mglu-1;30;2232
dosflota-10;shkola-1551;shkola-1551-3;3;198
dosflota-10;shkola-1056;shkola-1056-1;15;1138
dosflota-10;shkola-1571;shkola-1571-6;22;1663
dosflota-10;shkola-2097;shkola-2097-2;23;1737
dosflota-10;shkola-830;shkola-830-3;26;1943
dosflota-10;shkola-1285;shkola-1285-3;28;2078
dostizhenie;shkola-1494;shkola-1494-3;3;247
dostizhenie;osm-452-shkola-1213;osm-452-shkola-1213-3;15;1119
dostizhenie;shkola-962;shkola-962-3;17;1257
dostizhenie;osm-108-shkola-296;osm-108-shkola-296-1;25;1893
dostizhenie;shkola-1223;shkola-1223-2;28;2123
dostizhenie;shkola-1383;shkola-1383-2;30;2221
dream-towers;shkola-463-im-d-n-medvedeva;shkola-463-im-d-n-medvedeva-4;3;194
dream-towers;shkola-1527;shkola-1527-2;18;1375
dream-towers;osm-397-shkola-samson;osm-397-shkola-samson-1;24;1769
dream-towers;shkola-1375;shkola-1375-1;25;1843
dream-towers;shkola-2129-im-p-i-romanova;shkola-2129-im-p-i-romanova-4;26;1923
dream-towers;osm-404-shkola-574;osm-404-shkola-574-1;28;2116
dream-towers;osm-501-shkola-494-im;osm-501-shkola-494-im-1;29;2158
dream-towers;shkola-1272;shkola-1272-1;29;2188
drim-riva;osm-413-shkola-696;osm-413-shkola-696-1;19;1451
drim-riva;osm-453-gbou-sosh-shkola-1010-korpus-3;osm-453-gbou-sosh-shkola-1010-korpus-3-1;21;1612
drim-riva;horoshevskaya-shkola-horoshkola;horoshevskaya-shkola-horoshkola-1;23;1692
drim-riva;osm-412-shkola-1114;osm-412-shkola-1114-1;24;1790
drim-riva;osm-667-shkola-2030;osm-667-shkola-2030-1;26;1976
drim-riva;shkola-1522-im-v-i-churkina;shkola-1522-im-v-i-churkina-1;27;2019
dubrovka-ot-granel;shkola-im-v-v-mayakovskogo;shkola-im-v-v-mayakovskogo-2;8;586
dubrovka-ot-granel;osm-355-shkola-462;osm-355-shkola-462-1;10;713
dubrovka-ot-granel;osm-229-shkola-500;osm-229-shkola-500-1;13;1008
dubrovka-ot-granel;osm-167-internat-4;osm-167-internat-4-1;15;1150
dubrovka-ot-granel;osm-654-shkola-463-im;osm-654-shkola-463-im-1;16;1184
dubrovka-ot-granel;osm-48-shkola-467;osm-48-shkola-467-1;17;1254
dubrovka-ot-granel;shkola-2129-im-p-i-romanova;shkola-2129-im-p-i-romanova-5;22;1647
dubrovka-ot-granel;shkola-1270-vektor;shkola-1270-vektor-1;26;1974
dubrovka-ot-granel;osm-432-gbou-sosh-480;osm-432-gbou-sosh-480-1;27;2038
dubrovka-ot-granel;shkola-1272;shkola-1272-1;28;2083
dubrovka-ot-granel;osm-361-shkola-1216;osm-361-shkola-1216-1;28;2117
duo;osm-525-shkola-1323;osm-525-shkola-1323-1;8;621
duo;shkola-1799;shkola-1799-3;8;635
duo;osm-672-shkola-518;osm-672-shkola-518-1;14;1086
duo;osm-331-elizavetinskaya-gimnaziya;osm-331-elizavetinskaya-gimnaziya-1;16;1215
duo;litsey-niu-vshe;litsey-niu-vshe-4;20;1512
duo;shkola-1259;shkola-1259-2;21;1552
duo;shkola-627-im-d-d-lelyushenko;shkola-627-im-d-d-lelyushenko-2;21;1559
duo;pyatdesyat-sedmaya-shkola;pyatdesyat-sedmaya-shkola-3;23;1688
duo;osm-368-svyato-vladimirskaya-shkola;osm-368-svyato-vladimirskaya-shkola-1;23;1760
duo;shkola-179;shkola-179-1;25;1849
duo;osm-567-pirogovskaya-shkola;osm-567-pirogovskaya-shkola-1;25;1869
duo;osm-648-frantsuzskiy-litsey-im-aleksan;osm-648-frantsuzskiy-litsey-im-aleksan-1;27;2018
duo;shkola-1529-imeni-a-s-griboedova;shkola-1529-imeni-a-s-griboedova-4;27;2025
duo;shkola-pokrovskiy-kvartal;shkola-pokrovskiy-kvartal-1;28;2065
duo;shkola-2104-na-taganke;shkola-2104-na-taganke-1;29;2164
duo;osm-571-shkola-1262;osm-571-shkola-1262-1;29;2208
duo;osm-482-tsentr-obrazovaniya-1685;osm-482-tsentr-obrazovaniya-1685-1;29;2209
duo;shkola-1231-im-v-d-polenova;shkola-1231-im-v-d-polenova-4;30;2219
eden;shkola-1520-im-kaptsovyh;shkola-1520-im-kaptsovyh-1;5;359
eden;osm-583-shkola-123;osm-583-shkola-123-1;7;545
eden;shkola-91;shkola-91-1;8;586
eden;shkola-2123-im-migelya-ernandesa;shkola-2123-im-migelya-ernandesa-1;13;948
eden;osm-569-shkola-110;osm-569-shkola-110-1;13;954
eden;shkola-1231-im-v-d-polenova;shkola-1231-im-v-d-polenova-5;13;1011
eden;pyatdesyat-sedmaya-shkola;pyatdesyat-sedmaya-shkola-3;14;1019
eden;shkola-1234;shkola-1234-1;14;1034
eden;osm-34-shkola-1331-molodaya-iveriya;osm-34-shkola-1331-molodaya-iveriya-1;16;1201
eden;shkola-1529-imeni-a-s-griboedova;shkola-1529-imeni-a-s-griboedova-3;16;1231
eden;shkola-179;shkola-179-1;18;1323
eden;osm-360-tsentr-obrazovaniya-1441-bronn;osm-360-tsentr-obrazovaniya-1441-bronn-1;18;1379
eden;osm-563-shkola-1239;osm-563-shkola-1239-1;22;1615
eden;shkola-2054;shkola-2054-2;25;1903
eden;osm-21-shkola-1113;osm-21-shkola-1113-2;28;2136
eden;preduniversitariy-mglu;preduniversitariy-mglu-1;29;2168
eden;shkola-1950;shkola-1950-2;29;2177
eden;shkola-1574;shkola-1574-1;30;2227
eli-estate;pavlovskaya-gimnaziya;pavlovskaya-gimnaziya-1;28;2072
eli-estate;osm-695-pavlovskaya-srednyaya-obscheob;osm-695-pavlovskaya-srednyaya-obscheob-1;29;2185
emoushen;osm-351-shkola-1253;osm-351-shkola-1253-2;13;1004
emoushen;shkola-1560-lider;shkola-1560-lider-1;16;1230
emoushen;shkola-2048;shkola-2048-1;22;1637
emoushen;shkola-1522-im-v-i-churkina;shkola-1522-im-v-i-churkina-1;25;1905
emoushen;shkola-141-im-riharda-zorge;shkola-141-im-riharda-zorge-1;29;2179
emoushen;shkola-1288-im-n-v-troyan;shkola-1288-im-n-v-troyan-1;30;2230
enigmiya;osm-21-shkola-1113;osm-21-shkola-1113-2;2;162
enigmiya;shkola-1574;shkola-1574-1;3;252
enigmiya;osm-92-shkolnoe-otdelenie-22-litseya-;osm-92-shkolnoe-otdelenie-22-litseya--1;7;537
enigmiya;shkola-1234;shkola-1234-4;7;556
enigmiya;shkola-1520-im-kaptsovyh;shkola-1520-im-kaptsovyh-2;13;990
enigmiya;osm-360-tsentr-obrazovaniya-1441-bronn;osm-360-tsentr-obrazovaniya-1441-bronn-1;13;996
enigmiya;osm-43-russkaya-klassicheskaya-gimnaz;osm-43-russkaya-klassicheskaya-gimnaz-1;15;1115
enigmiya;shkola-1950;shkola-1950-2;16;1175
enigmiya;osm-646-shkola-1388;osm-646-shkola-1388-1;16;1216
enigmiya;shkola-2054;shkola-2054-2;17;1239
enigmiya;osm-569-shkola-110;osm-569-shkola-110-1;17;1243
enigmiya;litsey-niu-vshe;litsey-niu-vshe-1;18;1359
enigmiya;osm-563-shkola-1239;osm-563-shkola-1239-1;19;1401
enigmiya;osm-583-shkola-123;osm-583-shkola-123-1;20;1510
enigmiya;shkola-179;shkola-179-1;21;1577
enigmiya;shkola-2123-im-migelya-ernandesa;shkola-2123-im-migelya-ernandesa-1;22;1654
enigmiya;romanovskaya-shkola;romanovskaya-shkola-1;23;1707
enigmiya;shkola-91;shkola-91-1;26;1922
enigmiya;osm-642-tsentr-obrazovaniya-1447;osm-642-tsentr-obrazovaniya-1447-1;26;1927
enigmiya;shkola-1501;shkola-1501-1;26;1987
eniteo;osm-112-litsey-im-sofi-nyuberg;osm-112-litsey-im-sofi-nyuberg-1;4;299
eniteo;osm-111-shkola-1280;osm-111-shkola-1280-1;6;446
eniteo;osm-500-shkola-im-hinksona;osm-500-shkola-im-hinksona-1;9;662
eniteo;britanskaya-mezhdunarodnaya-shkola-bis;britanskaya-mezhdunarodnaya-shkola-bis-2;14;1084
eniteo;shkola-626-im-n-i-sats;shkola-626-im-n-i-sats-1;15;1095
eniteo;osm-70-shkola-internat-61;osm-70-shkola-internat-61-1;15;1158
eniteo;osm-60-spetsialnaya-shkola-3;osm-60-spetsialnaya-shkola-3-1;16;1214
eniteo;osm-588-shkola-568;osm-588-shkola-568-1;18;1361
eniteo;osm-603-shkola-517;osm-603-shkola-517-1;19;1462
eniteo;akademicheskaya-shkola-1534;akademicheskaya-shkola-1534-2;20;1487
eniteo;shkola-2115;shkola-2115-3;20;1506
eniteo;osm-664-internat-56;osm-664-internat-56-1;20;1508
eniteo;shkola-45-im-l-i-milgrama;shkola-45-im-l-i-milgrama-2;23;1723
eniteo;osm-196-nou-razvitie-shkola-kompensiru;osm-196-nou-razvitie-shkola-kompensiru-1;24;1776
eniteo;osm-617-shkola-522;osm-617-shkola-522-1;24;1805
eniteo;osm-175-shkola-feniks;osm-175-shkola-feniks-1;24;1833
eniteo;osm-558-shkola-541;osm-558-shkola-541-1;25;1851
eniteo;shkola-1533-lit;shkola-1533-lit-1;25;1865
eniteo;osm-322-shkola-104;osm-322-shkola-104-1;25;1876
eniteo;shkola-554;shkola-554-2;27;2059
eniteo;shkola-625;shkola-625-2;28;2118
eniteo;osm-39-shkola-370;osm-39-shkola-370-1;29;2194
eniteo;shkola-1279-evrika;shkola-1279-evrika-2;29;2212
era;shkola-1553-im-v-i-vernadskogo;shkola-1553-im-v-i-vernadskogo-1;4;300
era;shkola-627-im-d-d-lelyushenko;shkola-627-im-d-d-lelyushenko-3;18;1332
era;osm-543-internat-tretiy-moskovskiy-kad;osm-543-internat-tretiy-moskovskiy-kad-1;22;1623
era;ekonomicheskiy-litsey-reu-im-g-v-plehanova;ekonomicheskiy-litsey-reu-im-g-v-plehanova-1;26;1929
era;shkola-1270-vektor;shkola-1270-vektor-1;26;1940
era;shkola-547;shkola-547-1;27;2009
era;shkola-im-v-v-mayakovskogo;shkola-im-v-v-mayakovskogo-1;27;2017
ever;osm-158-shkola-1100;osm-158-shkola-1100-1;7;561
ever;shkola-1514;shkola-1514-4;13;991
ever;osm-59-shkola-115;osm-59-shkola-115-1;16;1225
ever;shkola-170-im-a-p-chehova;shkola-170-im-a-p-chehova-1;20;1528
ever;shkola-117;shkola-117-3;21;1545
ever;osm-230-kadetskaya-shkola-internat-69;osm-230-kadetskaya-shkola-internat-69-1;21;1571
ever;osm-231-shkola-internat-62;osm-231-shkola-internat-62-1;21;1593
ever;osm-593-shkola-46;osm-593-shkola-46-1;22;1627
ever;shkola-121;shkola-121-1;25;1841
ever;osm-232-tsentr-obrazovaniya-1311-thiya;osm-232-tsentr-obrazovaniya-1311-thiya-1;25;1847
ever;osm-484-shkola-1264;osm-484-shkola-1264-1;29;2163
ever;osm-118-shkola-49;osm-118-shkola-49-2;29;2167
evopark-izmaylovo;shkola-2126-perovo;shkola-2126-perovo-1;19;1455
evopark-izmaylovo;osm-290-shkola-788;osm-290-shkola-788-1;20;1520
evopark-izmaylovo;osm-442-shkola-920;osm-442-shkola-920-1;27;1997
evopark-sokolniki;osm-575-shkola-1502-energiya;osm-575-shkola-1502-energiya-2;5;374
evopark-sokolniki;heritage-school;heritage-school-1;8;605
evopark-sokolniki;osm-221-gimnaziya-1799-shkolnoe-otdele;osm-221-gimnaziya-1799-shkolnoe-otdele-1;14;1077
evopark-sokolniki;osm-529-shkola-internat-30-im-k-a-mika;osm-529-shkola-internat-30-im-k-a-mika-1;15;1118
evopark-sokolniki;osm-424-shkola-378;osm-424-shkola-378-1;15;1151
evopark-sokolniki;osm-314-tsentr-obrazovaniya-1452-bogor;osm-314-tsentr-obrazovaniya-1452-bogor-1;16;1195
evopark-sokolniki;shkola-1797-bogorodskaya;shkola-1797-bogorodskaya-2;17;1295
evopark-sokolniki;shkola-1080;shkola-1080-2;19;1415
evopark-sokolniki;osm-437-shkola-363;osm-437-shkola-363-1;20;1496
evopark-sokolniki;shkola-1404-gamma;shkola-1404-gamma-1;21;1543
evopark-sokolniki;osm-422-chastnaya-nachalnaya-shkola-ga;osm-422-chastnaya-nachalnaya-shkola-ga-1;24;1833
evopark-sokolniki;shkola-1360;shkola-1360-2;25;1866
evopark-sokolniki;shkola-1530-shkola-lomonosova;shkola-1530-shkola-lomonosova-1;26;1940
evopark-sokolniki;osm-631-shkola-1690;osm-631-shkola-1690-1;27;2034
evopark-sokolniki;shkola-1505-preobrazhenskaya;shkola-1505-preobrazhenskaya-1;28;2082
evopark-sokolniki;shkola-1282-sokolniki;shkola-1282-sokolniki-1;30;2224
famous;osm-570-shkola-590;osm-570-shkola-590-1;12;890
famous;obrazovatelnyy-tsentr-proton;obrazovatelnyy-tsentr-proton-2;13;971
famous;shkola-integral;shkola-integral-1;14;1027
famous;osm-183-tsentr-obrazovaniya-1497;osm-183-tsentr-obrazovaniya-1497-1;17;1283
famous;osm-254-tsentr-obrazovaniya-1816;osm-254-tsentr-obrazovaniya-1816-1;17;1284
famous;osm-11-srednyaya-shkola-72;osm-11-srednyaya-shkola-72-1;18;1339
famous;shkola-67;shkola-67-3;21;1541
famous;osm-46-akademicheskaya-gimnaziya;osm-46-akademicheskaya-gimnaziya-1;25;1844
fantom;osm-114-shkola-vuz-sovremennoe-obrazov;osm-114-shkola-vuz-sovremennoe-obrazov-1;5;339
fantom;shkola-1284;shkola-1284-2;6;437
fantom;pushkinskaya-shkola-1500;pushkinskaya-shkola-1500-2;7;542
fantom;shkola-algoritm;shkola-algoritm-1;13;948
fantom;osm-554-chastnaya-shkola-bnot-menahem;osm-554-chastnaya-shkola-bnot-menahem-1;13;1005
fantom;shkola-2054;shkola-2054-1;14;1070
fantom;shkola-2107;shkola-2107-4;15;1107
fantom;osm-636-frantsuzskiy-litsey-im-a-dyuma;osm-636-frantsuzskiy-litsey-im-a-dyuma-1;15;1119
fantom;litsey-niu-vshe;litsey-niu-vshe-2;17;1290
fantom;osm-601-shkola-1621-drevo-zhizni;osm-601-shkola-1621-drevo-zhizni-1;18;1322
fantom;inzhenernaya-shkola-1581;inzhenernaya-shkola-1581-1;19;1448
fantom;shkola-pokrovskiy-kvartal;shkola-pokrovskiy-kvartal-6;20;1504
fantom;osm-43-russkaya-klassicheskaya-gimnaz;osm-43-russkaya-klassicheskaya-gimnaz-1;21;1566
fantom;shkola-1501;shkola-1501-1;27;2036
fantom;shkola-354-im-d-m-karbysheva;shkola-354-im-d-m-karbysheva-1;30;2217
fenomen-goroda;shkola-814;shkola-814-3;9;711
fenomen-goroda;shkola-1589;shkola-1589-1;23;1708
fenomen-goroda;shkola-intellektual;shkola-intellektual-1;23;1728
fenomen-goroda;lomonosovskaya-shkola;lomonosovskaya-shkola-1;25;1871
fenomen-goroda;shkola-97;shkola-97-1;26;1919
fenomen-goroda;shkola-1248;shkola-1248-3;27;2029
fenomen-goroda;sunts-mgu-shkola-internat-im-a-n-kolmogorova;sunts-mgu-shkola-internat-im-a-n-kolmogorova-2;28;2100
festival-park-2;shkola-167-im-l-a-govorova;shkola-167-im-l-a-govorova-1;6;443
festival-park-2;cambridge-international-school-cis;cambridge-international-school-cis-1;7;547
festival-park-2;shkola-158;shkola-158-2;14;1069
festival-park-2;shkola-597-novoe-pokolenie;shkola-597-novoe-pokolenie-1;21;1571
festival-park-2;shkola-1590-im-v-v-kolesnika;shkola-1590-im-v-v-kolesnika-2;22;1679
festival-park-2;shkola-1315;shkola-1315-1;23;1753
festival-park-2;shkola-1583-im-k-a-kerimova;shkola-1583-im-k-a-kerimova-2;25;1911
festival-park-2;osm-22-znamenskaya-gimnaziya;osm-22-znamenskaya-gimnaziya-1;26;1940
festival-park-2;shkola-1474;shkola-1474-1;29;2151
festival-park-2;shkola-648-im-a-g-karlova;shkola-648-im-a-g-karlova-1;30;2222
five-towers;osm-429-sosh-198;osm-429-sosh-198-1;15;1148
five-towers;shkola-630-im-g-p-kravchenko;shkola-630-im-g-p-kravchenko-5;17;1286
five-towers;shkola-625;shkola-625-1;19;1458
five-towers;osm-431-shkola-1266;osm-431-shkola-1266-1;22;1658
five-towers;shkola-45-im-l-i-milgrama;shkola-45-im-l-i-milgrama-4;23;1700
five-towers;osm-633-baumanskaya-inzhenernaya-shkol;osm-633-baumanskaya-inzhenernaya-shkol-1;24;1835
five-towers;osm-39-shkola-370;osm-39-shkola-370-1;25;1858
five-towers;shkola-192;shkola-192-1;25;1887
fiztekhsiti;shkola-2044-im-a-m-serebryakova;shkola-2044-im-a-m-serebryakova-1;17;1300
fiztekhsiti;shkola-709-im-v-i-dolgih;shkola-709-im-v-i-dolgih-1;19;1430
fiztekhsiti;osm-7-shkola-1;osm-7-shkola-1-1;26;1952
fon-dessin;shkola-pokrovskiy-kvartal;shkola-pokrovskiy-kvartal-3;8;579
fon-dessin;litsey-niu-vshe;litsey-niu-vshe-2;8;603
fon-dessin;osm-636-frantsuzskiy-litsey-im-a-dyuma;osm-636-frantsuzskiy-litsey-im-a-dyuma-1;10;739
fon-dessin;shkola-algoritm;shkola-algoritm-1;11;846
fon-dessin;pushkinskaya-shkola-1500;pushkinskaya-shkola-1500-4;11;847
fon-dessin;osm-554-chastnaya-shkola-bnot-menahem;osm-554-chastnaya-shkola-bnot-menahem-1;12;937
fon-dessin;shkola-1284;shkola-1284-1;14;1013
fon-dessin;osm-601-shkola-1621-drevo-zhizni;osm-601-shkola-1621-drevo-zhizni-1;14;1028
fon-dessin;osm-368-svyato-vladimirskaya-shkola;osm-368-svyato-vladimirskaya-shkola-1;15;1091
fon-dessin;osm-114-shkola-vuz-sovremennoe-obrazov;osm-114-shkola-vuz-sovremennoe-obrazov-1;15;1108
fon-dessin;shkola-tsentra-pedagogicheskogo-masterstva-tspm;shkola-tsentra-pedagogicheskogo-masterstva-tspm-2;20;1475
fon-dessin;osm-650-pravoslavnaya-svyato-petrovska;osm-650-pravoslavnaya-svyato-petrovska-1;24;1775
fon-dessin;inzhenernaya-shkola-1581;inzhenernaya-shkola-1581-1;25;1881
fon-dessin;osm-482-tsentr-obrazovaniya-1685;osm-482-tsentr-obrazovaniya-1685-1;27;2012
fon-dessin;shkola-sotrudnichestva;shkola-sotrudnichestva-2;28;2072
fon-dessin;shkola-179;shkola-179-1;28;2077
fon-dessin;shkola-2054;shkola-2054-2;28;2113
fon-dessin;osm-549-tsentr-obrazovaniya-1480;osm-549-tsentr-obrazovaniya-1480-1;29;2203
fon-dessin;shkola-2104-na-taganke;shkola-2104-na-taganke-2;30;2225
foriver-residence;shkola-1272;shkola-1272-1;16;1231
foriver-residence;osm-501-shkola-494-im;osm-501-shkola-494-im-1;18;1322
foriver-residence;osm-229-shkola-500;osm-229-shkola-500-1;24;1812
foriver-residence;osm-654-shkola-463-im;osm-654-shkola-463-im-1;25;1841
foriver-residence;osm-355-shkola-462;osm-355-shkola-462-1;26;1937
foriver-residence;shkola-2129-im-p-i-romanova;shkola-2129-im-p-i-romanova-3;26;1938
foriver-residence;osm-585-shkola-548-tsaritsyno;osm-585-shkola-548-tsaritsyno-1;28;2072
forum;shkola-2054;shkola-2054-1;5;392
forum;shkola-2107;shkola-2107-5;6;475
forum;pushkinskaya-shkola-1500;pushkinskaya-shkola-1500-2;10;756
forum;osm-43-russkaya-klassicheskaya-gimnaz;osm-43-russkaya-klassicheskaya-gimnaz-1;12;889
forum;osm-114-shkola-vuz-sovremennoe-obrazov;osm-114-shkola-vuz-sovremennoe-obrazov-1;12;922
forum;litsey-niu-vshe;litsey-niu-vshe-1;13;956
forum;shkola-1284;shkola-1284-2;14;1081
forum;shkola-algoritm;shkola-algoritm-1;18;1323
forum;shkola-1501;shkola-1501-1;18;1358
forum;osm-636-frantsuzskiy-litsey-im-a-dyuma;osm-636-frantsuzskiy-litsey-im-a-dyuma-1;20;1466
forum;osm-92-shkolnoe-otdelenie-22-litseya-;osm-92-shkolnoe-otdelenie-22-litseya--1;22;1628
forum;osm-554-chastnaya-shkola-bnot-menahem;osm-554-chastnaya-shkola-bnot-menahem-1;22;1665
forum;osm-646-shkola-1388;osm-646-shkola-1388-1;23;1700
forum;osm-21-shkola-1113;osm-21-shkola-1113-1;25;1862
forum;osm-601-shkola-1621-drevo-zhizni;osm-601-shkola-1621-drevo-zhizni-1;26;1934
forum;osm-597-shkola-1297;osm-597-shkola-1297-1;27;2031
forum;shkola-1574;shkola-1574-1;27;2039
forum;inzhenernaya-shkola-1581;inzhenernaya-shkola-1581-1;27;2060
forum;shkola-pokrovskiy-kvartal;shkola-pokrovskiy-kvartal-6;28;2116
forum;osm-674-shkola-1275;osm-674-shkola-1275-1;29;2174
forum;shkola-tsentra-pedagogicheskogo-masterstva-tspm;shkola-tsentra-pedagogicheskogo-masterstva-tspm-1;30;2246
frunzenskiy;shkola-171;shkola-171-1;6;470
frunzenskiy;pyatdesyat-sedmaya-shkola;pyatdesyat-sedmaya-shkola-1;11;809
frunzenskiy;osm-498-shkola-54;osm-498-shkola-54-1;15;1099
frunzenskiy;osm-33-shkola-viktoriya-2000;osm-33-shkola-viktoriya-2000-1;16;1165
frunzenskiy;shkola-1253;shkola-1253-1;17;1278
frunzenskiy;osm-30-filippovskaya-shkola;osm-30-filippovskaya-shkola-1;17;1286
frunzenskiy;shkola-1535;shkola-1535-1;20;1537
frunzenskiy;osm-37-svyato-dimitrievskaya-shkola;osm-37-svyato-dimitrievskaya-shkola-1;21;1562
frunzenskiy;osm-528-spetsshkola-30;osm-528-spetsshkola-30-1;23;1730
frunzenskiy;chastnaya-shkola-zolotoe-sechenie;chastnaya-shkola-zolotoe-sechenie-2;24;1780
frunzenskiy;meditsinskiy-sechenovskiy-preduniversariy;meditsinskiy-sechenovskiy-preduniversariy-1;24;1805
frunzenskiy;shkola-630-im-g-p-kravchenko;shkola-630-im-g-p-kravchenko-1;24;1836
frunzenskiy;shkola-1529-imeni-a-s-griboedova;shkola-1529-imeni-a-s-griboedova-2;25;1850
frunzenskiy;osm-195-shkola-45;osm-195-shkola-45-1;25;1881
frunzenskiy;litsey-vorobevy-gory;litsey-vorobevy-gory-2;27;2014
frunzenskiy;shkola-1231-im-v-d-polenova;shkola-1231-im-v-d-polenova-6;27;2028
frunzenskiy;preduniversitariy-mglu;preduniversitariy-mglu-1;28;2135
frunzenskiy;shkola-1799;shkola-1799-2;29;2153
frunzenskiy;litsey-ranhigs;litsey-ranhigs-2;30;2233
full-house;shkola-875;shkola-875-1;11;794
full-house;osm-29-nemetskaya-shkola-v-moskve;osm-29-nemetskaya-shkola-v-moskve-1;15;1128
full-house;shkola-1329;shkola-1329-1;16;1193
full-house;shkola-1317;shkola-1317-1;16;1209
full-house;osm-610-shkola-324-zhar-ptitsa;osm-610-shkola-324-zhar-ptitsa-2;18;1360
full-house;shkola-1543;shkola-1543-1;20;1492
full-house;osm-162-shkola-14;osm-162-shkola-14-1;22;1635
full-house;shkola-na-prospekte-vernadskogo;shkola-na-prospekte-vernadskogo-2;23;1714
full-house;shkola-1541;shkola-1541-3;25;1847
full-house;osm-608-shkola-1307-troparevo;osm-608-shkola-1307-troparevo-2;25;1862
full-house;shkola-843;shkola-843-2;25;1905
full-house;litsey-prezidentskoy-akademii-ranhigs;litsey-prezidentskoy-akademii-ranhigs-1;28;2100
full-house;tsois-moskva-98;tsois-moskva-98-1;28;2129
full-house;shkola-1741;shkola-1741-1;29;2167
gloraks-premium-belorusskaya;osm-447-litsey-1550;osm-447-litsey-1550-1;2;124
gloraks-premium-belorusskaya;osm-344-kadetskaya-shkola-1784;osm-344-kadetskaya-shkola-1784-2;11;857
gloraks-premium-belorusskaya;shkola-1288-im-n-v-troyan;shkola-1288-im-n-v-troyan-5;18;1328
gloraks-premium-belorusskaya;pansion-vospitannits-ministerstva-oborony-rf;pansion-vospitannits-ministerstva-oborony-rf-1;21;1555
gloraks-premium-belorusskaya;shkola-1570;shkola-1570-1;22;1658
gloraks-premium-belorusskaya;shkola-1601-im-e-k-lyutikova;shkola-1601-im-e-k-lyutikova-3;22;1666
gloraks-premium-belorusskaya;shkola-1409;shkola-1409-2;29;2185
gloraks-premium-belorusskaya;shkola-152;shkola-152-1;29;2204
golubinskaya-28;britanskaya-mezhdunarodnaya-shkola-bis;britanskaya-mezhdunarodnaya-shkola-bis-1;3;248
golubinskaya-28;osm-65-shkola-im-n-m-karamzina-korpus;osm-65-shkola-im-n-m-karamzina-korpus-1;4;319
golubinskaya-28;osm-15-shkola-yasenevo;osm-15-shkola-yasenevo-1;5;342
golubinskaya-28;osm-4-shkola-im-n-m-karamzina-korpus;osm-4-shkola-im-n-m-karamzina-korpus-1;5;358
golubinskaya-28;osm-75-shkola-im-n-m-karamzina-korpus;osm-75-shkola-im-n-m-karamzina-korpus-1;7;534
golubinskaya-28;shkola-1561;shkola-1561-1;9;677
golubinskaya-28;osm-477-shkola-1212;osm-477-shkola-1212-4;19;1444
golubinskaya-28;shkola-1103-im-a-v-solomatina;shkola-1103-im-a-v-solomatina-3;21;1608
golubinskaya-28;osm-475-pravoslavnaya-gimnaziya-radone;osm-475-pravoslavnaya-gimnaziya-radone-1;29;2160
golubinskaya-28;shkola-2103;shkola-2103-1;30;2241
gorodskaya-usadba-v-orlovo-davydovskom;shkola-2107;shkola-2107-3;8;566
gorodskaya-usadba-v-orlovo-davydovskom;osm-597-shkola-1297;osm-597-shkola-1297-1;9;676
gorodskaya-usadba-v-orlovo-davydovskom;pushkinskaya-shkola-1500;pushkinskaya-shkola-1500-1;18;1345
gorodskaya-usadba-v-orlovo-davydovskom;shkola-tsentra-pedagogicheskogo-masterstva-tspm;shkola-tsentra-pedagogicheskogo-masterstva-tspm-1;22;1677
gorodskaya-usadba-v-orlovo-davydovskom;shkola-1284;shkola-1284-2;25;1894
gorodskaya-usadba-v-orlovo-davydovskom;shkola-marina-roscha-im-v-f-orlova;shkola-marina-roscha-im-v-f-orlova-3;26;1925
gorodskaya-usadba-v-orlovo-davydovskom;osm-114-shkola-vuz-sovremennoe-obrazov;osm-114-shkola-vuz-sovremennoe-obrazov-1;27;2001
gorodskaya-usadba-v-orlovo-davydovskom;shkola-2054;shkola-2054-1;28;2123
gorodskaya-usadba-v-orlovo-davydovskom;shkola-1501;shkola-1501-1;29;2210
grafika-na-vode;osm-665-shkola-493;osm-665-shkola-493-1;24;1776
grafika-na-vode;osm-154-shkola-918;osm-154-shkola-918-1;26;1918
grafika-na-vode;shkola-im-f-m-dostoevskogo;shkola-im-f-m-dostoevskogo-1;29;2142
grand-fili;shkola-2101;shkola-2101-2;6;424
grand-fili;osm-170-psihonevrologicheskiy-internat;osm-170-psihonevrologicheskiy-internat-1;8;585
grand-fili;osm-184-shkola-73;osm-184-shkola-73-1;14;1074
grand-fili;osm-186-shkola-262;osm-186-shkola-262-1;16;1202
grand-fili;osm-188-navigatskaya-shkola;osm-188-navigatskaya-shkola-1;18;1339
grand-fili;mediko-biologicheskaya-shkola-vita;mediko-biologicheskaya-shkola-vita-1;23;1721
grand-fili;shkola-887;shkola-887-2;29;2146
grand-fili;osm-183-tsentr-obrazovaniya-1497;osm-183-tsentr-obrazovaniya-1497-1;30;2228
granel-prityazhenie-siti;mezhdunarodnaya-gimnaziya-skolkovo;mezhdunarodnaya-gimnaziya-skolkovo-1;10;785
granel-prityazhenie-siti;innovatsionnaya-shkola-skolka;innovatsionnaya-shkola-skolka-1;13;955
granel-prityazhenie-siti;osm-651-nemchinovskiy-litsey;osm-651-nemchinovskiy-litsey-2;26;1987
headliner;romanovskaya-shkola;romanovskaya-shkola-4;4;328
headliner;shkola-2048;shkola-2048-1;18;1368
headliner;osm-545-shkola-340;osm-545-shkola-340-1;20;1532
headliner;osm-46-akademicheskaya-gimnaziya;osm-46-akademicheskaya-gimnaziya-1;24;1773
headliner;obrazovatelnyy-tsentr-proton;obrazovatelnyy-tsentr-proton-1;27;2016
headliner;osm-351-shkola-1253;osm-351-shkola-1253-2;27;2058
hide;osm-389-shkola-12;osm-389-shkola-12-1;9;647
hide;osm-329-shkola-74;osm-329-shkola-74-1;18;1330
hide;shkola-67;shkola-67-1;25;1902
ilinka-3-8;shkola-179;shkola-179-1;15;1119
ilinka-3-8;litsey-niu-vshe;litsey-niu-vshe-4;15;1148
ilinka-3-8;osm-368-svyato-vladimirskaya-shkola;osm-368-svyato-vladimirskaya-shkola-1;18;1378
ilinka-3-8;osm-636-frantsuzskiy-litsey-im-a-dyuma;osm-636-frantsuzskiy-litsey-im-a-dyuma-1;19;1413
ilinka-3-8;osm-525-shkola-1323;osm-525-shkola-1323-1;20;1466
ilinka-3-8;shkola-1799;shkola-1799-3;20;1495
ilinka-3-8;shkola-pokrovskiy-kvartal;shkola-pokrovskiy-kvartal-3;21;1562
ilinka-3-8;shkola-2054;shkola-2054-2;22;1663
ilinka-3-8;pushkinskaya-shkola-1500;pushkinskaya-shkola-1500-4;22;1667
ilinka-3-8;shkola-algoritm;shkola-algoritm-1;22;1667
ilinka-3-8;shkola-1520-im-kaptsovyh;shkola-1520-im-kaptsovyh-1;23;1706
ilinka-3-8;osm-583-shkola-123;osm-583-shkola-123-1;24;1822
ilinka-3-8;osm-672-shkola-518;osm-672-shkola-518-1;25;1895
ilinka-3-8;pyatdesyat-sedmaya-shkola;pyatdesyat-sedmaya-shkola-3;26;1921
ilinka-3-8;osm-331-elizavetinskaya-gimnaziya;osm-331-elizavetinskaya-gimnaziya-1;28;2075
ilinka-3-8;shkola-tsentra-pedagogicheskogo-masterstva-tspm;shkola-tsentra-pedagogicheskogo-masterstva-tspm-2;29;2158
ilinka-3-8;osm-650-pravoslavnaya-svyato-petrovska;osm-650-pravoslavnaya-svyato-petrovska-1;29;2162
ilinka-3-8;shkola-2104-na-taganke;shkola-2104-na-taganke-1;29;2178
ilinka-3-8;shkola-1284;shkola-1284-1;29;2180
ilinka-3-8;osm-554-chastnaya-shkola-bnot-menahem;osm-554-chastnaya-shkola-bnot-menahem-1;29;2195
ilinka-3-8;osm-114-shkola-vuz-sovremennoe-obrazov;osm-114-shkola-vuz-sovremennoe-obrazov-1;29;2196
ilinka-3-8;shkola-91;shkola-91-1;29;2203
ilinka-3-8;osm-482-tsentr-obrazovaniya-1685;osm-482-tsentr-obrazovaniya-1685-1;30;2226
ilinka-3-8;shkola-1234;shkola-1234-4;30;2227
ilinka-3-8;osm-569-shkola-110;osm-569-shkola-110-1;30;2250
ilinskie-dachi;osm-680-ilinskaya-srednyaya-obscheobra;osm-680-ilinskaya-srednyaya-obscheobra-1;15;1119
ilinskoe-pole;osm-680-ilinskaya-srednyaya-obscheobra;osm-680-ilinskaya-srednyaya-obscheobra-1;17;1244
ilinskoe-pole;osm-704-ilinskaya-shkola;osm-704-ilinskaya-shkola-1;27;2045
ilove;shkola-1531-im-s-k-godovikova;shkola-1531-im-s-k-godovikova-1;4;290
ilove;pervyy-moskovskiy-obrazovatelnyy-kompleks;pervyy-moskovskiy-obrazovatelnyy-kompleks-2;12;887
ilove;shkola-1539;shkola-1539-1;13;952
ilove;shkola-1518;shkola-1518-2;13;993
ilove;osm-483-shkola-1220;osm-483-shkola-1220-1;14;1061
ilove;osm-378-shkola-308;osm-378-shkola-308-1;15;1124
ilove;osm-272-shkola-potentsial;osm-272-shkola-potentsial-1;16;1169
ilove;osm-599-shkola-venda;osm-599-shkola-venda-1;17;1239
ilove;osm-566-shkola-304;osm-566-shkola-304-1;17;1252
ilove;shkola-293-im-a-t-tvardovskogo;shkola-293-im-a-t-tvardovskogo-2;19;1432
ilove;shkola-internat-1;shkola-internat-1-1;19;1441
ilove;osm-309-tsentr-obrazovaniya-1470;osm-309-tsentr-obrazovaniya-1470-1;20;1468
ilove;osm-435-gimnaziya-mgups;osm-435-gimnaziya-mgups-1;22;1642
ilove;osm-280-shkola-1503;osm-280-shkola-1503-3;27;1991
ilove;shkola-1415-ostankino;shkola-1415-ostankino-1;29;2164
imperium;shkola-1529-imeni-a-s-griboedova;shkola-1529-imeni-a-s-griboedova-4;1;43
imperium;litsey-ranhigs;litsey-ranhigs-2;8;602
imperium;shkola-1231-im-v-d-polenova;shkola-1231-im-v-d-polenova-4;8;627
imperium;preduniversitariy-mglu;preduniversitariy-mglu-1;12;892
imperium;pyatdesyat-sedmaya-shkola;pyatdesyat-sedmaya-shkola-3;15;1099
imperium;osm-34-shkola-1331-molodaya-iveriya;osm-34-shkola-1331-molodaya-iveriya-1;15;1132
imperium;shkola-1253;shkola-1253-2;19;1460
imperium;shkola-1799;shkola-1799-3;23;1756
imperium;shkola-91;shkola-91-1;24;1794
imperium;osm-567-pirogovskaya-shkola;osm-567-pirogovskaya-shkola-1;25;1860
imperium;shkola-1234;shkola-1234-1;27;2043
imperium;shkola-1520-im-kaptsovyh;shkola-1520-im-kaptsovyh-1;27;2044
imperium;chastnaya-shkola-zolotoe-sechenie;chastnaya-shkola-zolotoe-sechenie-1;27;2045
imperium;osm-525-shkola-1323;osm-525-shkola-1323-1;29;2154
imperium;shkola-2123-im-migelya-ernandesa;shkola-2123-im-migelya-ernandesa-1;29;2160
imperium;osm-583-shkola-123;osm-583-shkola-123-1;30;2230
indivo;osm-139-spetsshkola-6;osm-139-spetsshkola-6-1;4;292
indivo;osm-147-shkola-808;osm-147-shkola-808-1;8;636
indivo;shkola-887;shkola-887-2;9;664
indivo;shkola-806;shkola-806-1;14;1079
indivo;osm-55-shkola-888;osm-55-shkola-888-1;18;1347
indivo;osm-27-shkola-802;osm-27-shkola-802-1;20;1493
indivo;osm-104-shkola-749;osm-104-shkola-749-1;24;1815
indivo;osm-188-navigatskaya-shkola;osm-188-navigatskaya-shkola-1;24;1835
indivo;osm-26-shkola-587;osm-26-shkola-587-1;25;1864
indivo;osm-341-shkola-659;osm-341-shkola-659-1;26;1953
indivo;osm-25-shkola-65;osm-25-shkola-65-1;28;2091
indivo;shkola-64;shkola-64-1;28;2119
indivo;lomonosovskaya-shkola;lomonosovskaya-shkola-3;29;2164
indivo;shkola-2101;shkola-2101-2;29;2209
indy-towers;shkola-1251-im-sharlya-de-gollya;shkola-1251-im-sharlya-de-gollya-3;9;684
indy-towers;osm-52-shkola-90;osm-52-shkola-90-1;11;841
indy-towers;osm-401-tsentr-obrazovaniya-1865;osm-401-tsentr-obrazovaniya-1865-1;11;856
indy-towers;shkola-1287;shkola-1287-1;16;1163
indy-towers;shkola-1384;shkola-1384-2;16;1188
indy-towers;kurchatovskaya-shkola;kurchatovskaya-shkola-3;18;1331
indy-towers;shkola-141-im-riharda-zorge;shkola-141-im-riharda-zorge-1;19;1401
indy-towers;shkola-1249;shkola-1249-1;21;1548
indy-towers;shkola-1252-im-servantesa;shkola-1252-im-servantesa-2;26;1982
indy-towers;shkola-1409;shkola-1409-1;28;2063
indy-towers;shkola-1288-im-n-v-troyan;shkola-1288-im-n-v-troyan-1;29;2160
indy-towers;litsey-finansovogo-universiteta;litsey-finansovogo-universiteta-1;29;2178
indy-towers;osm-374-shkola-149-imeni-geroya-sovets;osm-374-shkola-149-imeni-geroya-sovets-1;30;2224
indzhoy;shkola-224;shkola-224-1;4;328
indzhoy;shkola-1250;shkola-1250-1;10;731
indzhoy;osm-406-shkola-2099;osm-406-shkola-2099-2;20;1535
indzhoy;osm-51-shkola-90-im;osm-51-shkola-90-im-3;23;1698
indzhoy;shkola-201;shkola-201-1;24;1763
indzhoy;shkola-1315;shkola-1315-2;27;2025
indzhoy;osm-524-shkola-717;osm-524-shkola-717-1;28;2111
indzhoy;shkola-1583-im-k-a-kerimova;shkola-1583-im-k-a-kerimova-1;29;2198
innovator;tsois-moskva-98;tsois-moskva-98-2;7;501
innovator;osm-468-shkola-1119;osm-468-shkola-1119-1;16;1218
innovator;shkola-1434-ramenki;shkola-1434-ramenki-1;19;1435
innovator;osm-539-shkola-37;osm-539-shkola-37-2;21;1579
innovator;klassicheskiy-pansion-mgu;klassicheskiy-pansion-mgu-2;22;1632
innovator;shkola-1498-moskovskaya-mezhdunarodnaya-shkola;shkola-1498-moskovskaya-mezhdunarodnaya-shkola-2;27;2014
innovator;shkola-1329;shkola-1329-1;29;2205
insayder;osm-585-shkola-548-tsaritsyno;osm-585-shkola-548-tsaritsyno-1;15;1089
insayder;shkola-547;shkola-547-2;21;1583
insayder;osm-501-shkola-494-im;osm-501-shkola-494-im-1;23;1728
insayder;shkola-630-im-g-p-kravchenko;shkola-630-im-g-p-kravchenko-6;26;1927
insayder;shkola-1257;shkola-1257-1;26;1952
intelligent;shkola-na-yauze;shkola-na-yauze-1;6;420
intelligent;osm-385-shkola-444;osm-385-shkola-444-1;6;464
intelligent;osm-20-shkola-435;osm-20-shkola-435-1;12;884
intelligent;inzhenernaya-shkola-1581;inzhenernaya-shkola-1581-3;12;918
intelligent;osm-210-shkola-1429-imeni-geroya-sovet;osm-210-shkola-1429-imeni-geroya-sovet-1;19;1453
intelligent;osm-258-shkola-1301-im;osm-258-shkola-1301-im-1;20;1508
intelligent;osm-575-shkola-1502-energiya;osm-575-shkola-1502-energiya-1;21;1564
intelligent;shkola-1530-shkola-lomonosova;shkola-1530-shkola-lomonosova-2;21;1598
intelligent;osm-302-shkola-733;osm-302-shkola-733-1;23;1724
intelligent;shkola-429-sokolinaya-gora;shkola-429-sokolinaya-gora-1;25;1883
intelligent;osm-609-shkola-1247;osm-609-shkola-1247-1;26;1935
intelligent;shkola-1228-lefortovo;shkola-1228-lefortovo-2;26;1944
intelligent;osm-90-internat-53;osm-90-internat-53-1;26;1965
intelligent;shkola-1282-sokolniki;shkola-1282-sokolniki-1;26;1986
intelligent;shkola-1362;shkola-1362-2;27;2001
intelligent;osm-643-shkola-1203;osm-643-shkola-1203-1;27;2028
intelligent;osm-424-shkola-378;osm-424-shkola-378-1;28;2121
intonatsiya;osm-660-shkola-yuvenes-nachalnye-klass;osm-660-shkola-yuvenes-nachalnye-klass-1;5;348
intonatsiya;kurchatovskaya-shkola;kurchatovskaya-shkola-5;8;573
intonatsiya;osm-187-tsentr-obrazovaniya-1854;osm-187-tsentr-obrazovaniya-1854-1;12;928
intonatsiya;shkola-1874;shkola-1874-2;13;978
intonatsiya;mezhdunarodnaya-shkola-integratsiya-xxi-vek;mezhdunarodnaya-shkola-integratsiya-xxi-vek-2;18;1348
intonatsiya;shkola-1252-im-servantesa;shkola-1252-im-servantesa-1;20;1513
intonatsiya;shkola-1212-schukino;shkola-1212-schukino-1;21;1605
intonatsiya;osm-374-shkola-149-imeni-geroya-sovets;osm-374-shkola-149-imeni-geroya-sovets-1;25;1850
intonatsiya;osm-406-shkola-2099;osm-406-shkola-2099-1;26;1938
intonatsiya;shkola-830;shkola-830-1;26;1981
intonatsiya;osm-336-shkola-1005;osm-336-shkola-1005-1;29;2187
intonatsiya;shkola-1210;shkola-1210-1;29;2195
jois;shkola-1560-lider;shkola-1560-lider-1;15;1114
jois;osm-351-shkola-1253;osm-351-shkola-1253-2;20;1490
jois;shkola-1522-im-v-i-churkina;shkola-1522-im-v-i-churkina-1;24;1789
jois;shkola-141-im-riharda-zorge;shkola-141-im-riharda-zorge-1;26;1947
jois;shkola-2048;shkola-2048-1;28;2124
jois;osm-453-gbou-sosh-shkola-1010-korpus-3;osm-453-gbou-sosh-shkola-1010-korpus-3-1;28;2137
kamerger;shkola-1520-im-kaptsovyh;shkola-1520-im-kaptsovyh-2;4;277
kamerger;shkola-1234;shkola-1234-4;9;674
kamerger;osm-583-shkola-123;osm-583-shkola-123-1;9;704
kamerger;shkola-2054;shkola-2054-2;11;844
kamerger;shkola-179;shkola-179-1;11;858
kamerger;osm-360-tsentr-obrazovaniya-1441-bronn;osm-360-tsentr-obrazovaniya-1441-bronn-1;12;895
kamerger;osm-21-shkola-1113;osm-21-shkola-1113-2;13;976
kamerger;shkola-1574;shkola-1574-1;14;1066
kamerger;osm-569-shkola-110;osm-569-shkola-110-1;14;1075
kamerger;osm-92-shkolnoe-otdelenie-22-litseya-;osm-92-shkolnoe-otdelenie-22-litseya--1;15;1099
kamerger;shkola-2123-im-migelya-ernandesa;shkola-2123-im-migelya-ernandesa-1;16;1178
kamerger;shkola-91;shkola-91-1;19;1393
kamerger;litsey-niu-vshe;litsey-niu-vshe-1;20;1469
kamerger;osm-43-russkaya-klassicheskaya-gimnaz;osm-43-russkaya-klassicheskaya-gimnaz-1;20;1531
kamerger;osm-563-shkola-1239;osm-563-shkola-1239-1;23;1733
kamerger;osm-646-shkola-1388;osm-646-shkola-1388-1;24;1809
kamerger;shkola-1950;shkola-1950-2;25;1891
kamerger;pushkinskaya-shkola-1500;pushkinskaya-shkola-1500-4;26;1980
kamerger;shkola-algoritm;shkola-algoritm-1;26;1980
kamerger;osm-636-frantsuzskiy-litsey-im-a-dyuma;osm-636-frantsuzskiy-litsey-im-a-dyuma-1;27;2007
kamerger;pyatdesyat-sedmaya-shkola;pyatdesyat-sedmaya-shkola-3;27;2010
kamerger;shkola-1231-im-v-d-polenova;shkola-1231-im-v-d-polenova-5;27;2053
kamerger;osm-34-shkola-1331-molodaya-iveriya;osm-34-shkola-1331-molodaya-iveriya-1;30;2242
kapranova-3;osm-36-shkola-viktoriya;osm-36-shkola-viktoriya-1;1;104
kapranova-3;osm-568-pushkinskaya-gimnaziya-na-pres;osm-568-pushkinskaya-gimnaziya-na-pres-1;2;149
kapranova-3;shkola-1241-na-krasnoy-presne;shkola-1241-na-krasnoy-presne-1;6;473
kapranova-3;osm-586-moskovskaya-ekonomicheskaya-sh;osm-586-moskovskaya-ekonomicheskaya-sh-1;8;613
kapranova-3;shkola-1234;shkola-1234-3;17;1285
kapranova-3;shkola-2030;shkola-2030-1;18;1343
kapranova-3;osm-563-shkola-1239;osm-563-shkola-1239-1;19;1428
kapranova-3;romanovskaya-shkola;romanovskaya-shkola-5;19;1433
kapranova-3;shkola-1950;shkola-1950-1;23;1724
kapranova-3;osm-326-shkola-1232;osm-326-shkola-1232-2;23;1724
kapranova-3;osm-157-shkola-1465-imeni-admirala-n;osm-157-shkola-1465-imeni-admirala-n-2;25;1849
kapranova-3;shkola-67;shkola-67-5;25;1852
kapranova-3;shkola-2123-im-migelya-ernandesa;shkola-2123-im-migelya-ernandesa-1;26;1916
kapranova-3;shkola-1231-im-v-d-polenova;shkola-1231-im-v-d-polenova-3;26;1936
kapranova-3;osm-616-shkola-pri-posolstve-indii;osm-616-shkola-pri-posolstve-indii-1;27;2019
kapranova-3;osm-569-shkola-110;osm-569-shkola-110-1;27;2038
kapranova-3;osm-612-shkola-2055;osm-612-shkola-2055-1;29;2197
kapranova-3;shkola-91;shkola-91-1;30;2225
kasatkina-11;shkola-293-im-a-t-tvardovskogo;shkola-293-im-a-t-tvardovskogo-1;9;699
kasatkina-11;osm-280-shkola-1503;osm-280-shkola-1503-1;11;814
kasatkina-11;osm-345-shkola-352;osm-345-shkola-352-1;16;1198
kasatkina-11;shkola-shik-16;shkola-shik-16-1;16;1200
kasatkina-11;shkola-1499-im-i-a-dokukina;shkola-1499-im-i-a-dokukina-2;24;1789
kasatkina-11;osm-309-tsentr-obrazovaniya-1470;osm-309-tsentr-obrazovaniya-1470-1;26;1942
kasatkina-11;osm-615-chastnaya-shkola-akademicheska;osm-615-chastnaya-shkola-akademicheska-1;29;2140
kasatkina-11;osm-566-shkola-304;osm-566-shkola-304-1;30;2243
kavkazskiy-bulvar-51;shkola-904;shkola-904-1;20;1506
kavkazskiy-bulvar-51;osm-96-shkola-1640;osm-96-shkola-1640-1;23;1704
kavkazskiy-bulvar-51;shkola-1466-im-n-rushevoy;shkola-1466-im-n-rushevoy-4;24;1814
kavkazskiy-bulvar-51;osm-288-shkola-869;osm-288-shkola-869-1;29;2149
kazachiy;shkola-627-im-d-d-lelyushenko;shkola-627-im-d-d-lelyushenko-2;0;37
kazachiy;osm-331-elizavetinskaya-gimnaziya;osm-331-elizavetinskaya-gimnaziya-1;4;334
kazachiy;shkola-1799;shkola-1799-4;5;387
kazachiy;osm-648-frantsuzskiy-litsey-im-aleksan;osm-648-frantsuzskiy-litsey-im-aleksan-1;8;572
kazachiy;osm-571-shkola-1262;osm-571-shkola-1262-1;10;726
kazachiy;osm-567-pirogovskaya-shkola;osm-567-pirogovskaya-shkola-1;12;882
kazachiy;osm-525-shkola-1323;osm-525-shkola-1323-1;13;1011
kazachiy;shkola-1259;shkola-1259-1;14;1083
kazachiy;ekonomicheskiy-litsey-reu-im-g-v-plehanova;ekonomicheskiy-litsey-reu-im-g-v-plehanova-1;20;1505
kazachiy;osm-544-shkola-553;osm-544-shkola-553-1;20;1512
kazachiy;osm-672-shkola-518;osm-672-shkola-518-1;25;1859
kazachiy;shkola-1529-imeni-a-s-griboedova;shkola-1529-imeni-a-s-griboedova-2;29;2203
khamovniki-12;osm-528-spetsshkola-30;osm-528-spetsshkola-30-1;3;261
khamovniki-12;chastnaya-shkola-zolotoe-sechenie;chastnaya-shkola-zolotoe-sechenie-1;7;489
khamovniki-12;shkola-1231-im-v-d-polenova;shkola-1231-im-v-d-polenova-6;7;520
khamovniki-12;meditsinskiy-sechenovskiy-preduniversariy;meditsinskiy-sechenovskiy-preduniversariy-1;11;798
khamovniki-12;osm-30-filippovskaya-shkola;osm-30-filippovskaya-shkola-1;17;1266
khamovniki-12;pyatdesyat-sedmaya-shkola;pyatdesyat-sedmaya-shkola-1;17;1286
khamovniki-12;osm-157-shkola-1465-imeni-admirala-n;osm-157-shkola-1465-imeni-admirala-n-2;17;1287
khamovniki-12;shkola-1535;shkola-1535-2;18;1330
khamovniki-12;osm-616-shkola-pri-posolstve-indii;osm-616-shkola-pri-posolstve-indii-1;19;1412
khamovniki-12;shkola-1253;shkola-1253-1;22;1623
khamovniki-12;preduniversitariy-mglu;preduniversitariy-mglu-1;23;1741
khamovniki-12;shkola-1234;shkola-1234-2;24;1823
khamovniki-12;shkola-1529-imeni-a-s-griboedova;shkola-1529-imeni-a-s-griboedova-1;26;1938
khamovniki-12;shkola-67;shkola-67-5;26;1947
khamovniki-12;osm-326-shkola-1232;osm-326-shkola-1232-2;26;1980
khamovniki-12;shkola-tehnologii-obucheniya;shkola-tehnologii-obucheniya-1;27;2037
khamovniki-12;osm-498-shkola-54;osm-498-shkola-54-1;28;2123
khamovniki-12;osm-195-shkola-45;osm-195-shkola-45-1;29;2194
khay-layf;shkola-1553-im-v-i-vernadskogo;shkola-1553-im-v-i-vernadskogo-1;12;882
khay-layf;shkola-627-im-d-d-lelyushenko;shkola-627-im-d-d-lelyushenko-3;14;1084
khay-layf;shkola-1259;shkola-1259-1;20;1521
khay-layf;osm-543-internat-tretiy-moskovskiy-kad;osm-543-internat-tretiy-moskovskiy-kad-1;21;1579
khay-layf;ekonomicheskiy-litsey-reu-im-g-v-plehanova;ekonomicheskiy-litsey-reu-im-g-v-plehanova-1;23;1690
khay-layf;shkola-1270-vektor;shkola-1270-vektor-1;25;1896
khay-layf;osm-497-shkola-498;osm-497-shkola-498-1;27;2034
khay-layf;shkola-im-v-v-mayakovskogo;shkola-im-v-v-mayakovskogo-1;27;2044
khay-layf;osm-544-shkola-553;osm-544-shkola-553-1;28;2118
khay-layf;osm-571-shkola-1262;osm-571-shkola-1262-1;29;2162
khaydaut;osm-389-shkola-12;osm-389-shkola-12-1;4;274
khaydaut;osm-329-shkola-74;osm-329-shkola-74-1;13;957
khaydaut;shkola-67;shkola-67-1;20;1529
khilkov;preduniversitariy-mglu;preduniversitariy-mglu-1;2;174
khilkov;shkola-1231-im-v-d-polenova;shkola-1231-im-v-d-polenova-2;5;386
khilkov;shkola-1529-imeni-a-s-griboedova;shkola-1529-imeni-a-s-griboedova-2;7;544
khilkov;litsey-ranhigs;litsey-ranhigs-2;8;565
khilkov;shkola-1253;shkola-1253-2;9;685
khilkov;osm-34-shkola-1331-molodaya-iveriya;osm-34-shkola-1331-molodaya-iveriya-1;18;1315
khilkov;chastnaya-shkola-zolotoe-sechenie;chastnaya-shkola-zolotoe-sechenie-1;20;1480
khilkov;pyatdesyat-sedmaya-shkola;pyatdesyat-sedmaya-shkola-3;20;1534
khilkov;osm-567-pirogovskaya-shkola;osm-567-pirogovskaya-shkola-1;25;1841
khilkov;osm-528-spetsshkola-30;osm-528-spetsshkola-30-1;27;2001
khilkov;shkola-91;shkola-91-1;29;2181
khilkov;shkola-1234;shkola-1234-2;29;2205
khilkov;meditsinskiy-sechenovskiy-preduniversariy;meditsinskiy-sechenovskiy-preduniversariy-1;30;2216
king-end-sans;osm-635-litsey-1586;osm-635-litsey-1586-2;5;349
king-end-sans;shuvalovskaya-shkola-1448;shuvalovskaya-shkola-1448-1;17;1294
king-end-sans;osm-539-shkola-37;osm-539-shkola-37-1;23;1712
king-end-sans;novaya-shkola;novaya-shkola-1;26;1933
king-end-sans;shkola-1306-shkola-molodyh-politikov;shkola-1306-shkola-molodyh-politikov-2;28;2072
king-end-sans;shkola-1498-moskovskaya-mezhdunarodnaya-shkola;shkola-1498-moskovskaya-mezhdunarodnaya-shkola-1;28;2118
klimashkina-7-11;romanovskaya-shkola;romanovskaya-shkola-5;5;363
klimashkina-7-11;shkola-1950;shkola-1950-1;12;868
klimashkina-7-11;osm-586-moskovskaya-ekonomicheskaya-sh;osm-586-moskovskaya-ekonomicheskaya-sh-1;17;1263
klimashkina-7-11;osm-568-pushkinskaya-gimnaziya-na-pres;osm-568-pushkinskaya-gimnaziya-na-pres-1;17;1275
klimashkina-7-11;osm-36-shkola-viktoriya;osm-36-shkola-viktoriya-1;19;1405
klimashkina-7-11;shkola-1241-na-krasnoy-presne;shkola-1241-na-krasnoy-presne-2;19;1440
klimashkina-7-11;osm-563-shkola-1239;osm-563-shkola-1239-1;21;1552
klimashkina-7-11;shkola-1574;shkola-1574-2;21;1579
klimashkina-7-11;shkola-1234;shkola-1234-3;25;1876
klimashkina-7-11;shkola-2030;shkola-2030-1;26;1941
klimashkina-7-11;osm-642-tsentr-obrazovaniya-1447;osm-642-tsentr-obrazovaniya-1447-1;26;1941
klimashkina-7-11;osm-360-tsentr-obrazovaniya-1441-bronn;osm-360-tsentr-obrazovaniya-1441-bronn-1;27;2024
klimashkina-7-11;osm-569-shkola-110;osm-569-shkola-110-1;28;2091
klimashkina-7-11;shkola-2123-im-migelya-ernandesa;shkola-2123-im-migelya-ernandesa-1;29;2201
klubnyy-dom-tochka-otscheta;osm-678-shkola-velikih-otkrytiy;osm-678-shkola-velikih-otkrytiy-1;22;1670
klubnyy-dom-tochka-otscheta;shkola-prezident;shkola-prezident-1;26;1929
kod-sokolniki;shkola-1282-sokolniki;shkola-1282-sokolniki-2;5;371
kod-sokolniki;evropeyskaya-gimnaziya;evropeyskaya-gimnaziya-1;9;643
kod-sokolniki;shkola-315;shkola-315-1;13;966
kod-sokolniki;osm-604-shkola-1525;osm-604-shkola-1525-1;14;1051
kod-sokolniki;shkola-1530-shkola-lomonosova;shkola-1530-shkola-lomonosova-3;15;1103
kod-sokolniki;pushkinskaya-shkola-1500;pushkinskaya-shkola-1500-3;22;1623
kod-sokolniki;osm-424-shkola-378;osm-424-shkola-378-1;27;2048
kollektsiya-luzhniki;pyatdesyat-sedmaya-shkola;pyatdesyat-sedmaya-shkola-2;12;911
kollektsiya-luzhniki;osm-195-shkola-45;osm-195-shkola-45-1;12;912
kollektsiya-luzhniki;osm-498-shkola-54;osm-498-shkola-54-1;16;1163
kollektsiya-luzhniki;shkola-1535;shkola-1535-1;16;1215
kollektsiya-luzhniki;shkola-171;shkola-171-2;18;1359
kollektsiya-luzhniki;osm-33-shkola-viktoriya-2000;osm-33-shkola-viktoriya-2000-1;20;1485
kollektsiya-luzhniki;osm-30-filippovskaya-shkola;osm-30-filippovskaya-shkola-1;24;1798
kollektsiya-luzhniki;litsey-vorobevy-gory;litsey-vorobevy-gory-1;29;2148
kosmo-4-22;osm-672-shkola-518;osm-672-shkola-518-1;4;277
kosmo-4-22;shkola-1259;shkola-1259-2;8;608
kosmo-4-22;osm-525-shkola-1323;osm-525-shkola-1323-1;16;1176
kosmo-4-22;litsey-niu-vshe;litsey-niu-vshe-4;19;1422
kosmo-4-22;shkola-1799;shkola-1799-3;20;1509
kosmo-4-22;osm-482-tsentr-obrazovaniya-1685;osm-482-tsentr-obrazovaniya-1685-1;20;1516
kosmo-4-22;osm-368-svyato-vladimirskaya-shkola;osm-368-svyato-vladimirskaya-shkola-1;20;1522
kosmo-4-22;osm-650-pravoslavnaya-svyato-petrovska;osm-650-pravoslavnaya-svyato-petrovska-1;21;1585
kosmo-4-22;shkola-627-im-d-d-lelyushenko;shkola-627-im-d-d-lelyushenko-4;21;1598
kosmo-4-22;shkola-2104-na-taganke;shkola-2104-na-taganke-1;22;1636
kosmo-4-22;osm-331-elizavetinskaya-gimnaziya;osm-331-elizavetinskaya-gimnaziya-1;23;1737
kosmo-4-22;shkola-pokrovskiy-kvartal;shkola-pokrovskiy-kvartal-1;23;1755
kosmo-4-22;osm-497-shkola-498;osm-497-shkola-498-1;25;1889
kosmo-4-22;shkola-tsentra-pedagogicheskogo-masterstva-tspm;shkola-tsentra-pedagogicheskogo-masterstva-tspm-2;25;1889
kosmo-4-22;osm-637-shkola-1271;osm-637-shkola-1271-1;27;2009
kosmo-4-22;osm-543-internat-tretiy-moskovskiy-kad;osm-543-internat-tretiy-moskovskiy-kad-1;30;2224
kostomarovskiy-15;inzhenernaya-shkola-1581;inzhenernaya-shkola-1581-2;2;180
kostomarovskiy-15;shkola-sotrudnichestva;shkola-sotrudnichestva-2;6;482
kostomarovskiy-15;shkola-pokrovskiy-kvartal;shkola-pokrovskiy-kvartal-7;12;877
kostomarovskiy-15;shkola-tsentra-pedagogicheskogo-masterstva-tspm;shkola-tsentra-pedagogicheskogo-masterstva-tspm-2;13;975
kostomarovskiy-15;shkola-2104-na-taganke;shkola-2104-na-taganke-3;13;987
kostomarovskiy-15;shkola-1270-vektor;shkola-1270-vektor-2;15;1155
kostomarovskiy-15;osm-650-pravoslavnaya-svyato-petrovska;osm-650-pravoslavnaya-svyato-petrovska-1;17;1243
kostomarovskiy-15;osm-482-tsentr-obrazovaniya-1685;osm-482-tsentr-obrazovaniya-1685-1;17;1312
kostomarovskiy-15;osm-592-shkola-457;osm-592-shkola-457-1;18;1378
kostomarovskiy-15;osm-497-shkola-498;osm-497-shkola-498-3;19;1401
kostomarovskiy-15;osm-216-litsey-1303;osm-216-litsey-1303-1;20;1479
kostomarovskiy-15;osm-191-shkola-1229;osm-191-shkola-1229-1;21;1542
kostomarovskiy-15;osm-496-spetsshkola-486;osm-496-spetsshkola-486-1;22;1617
kostomarovskiy-15;litsey-niu-vshe;litsey-niu-vshe-3;22;1619
kostomarovskiy-15;shkola-1468;shkola-1468-2;24;1805
kostomarovskiy-15;osm-546-shkola-1221;osm-546-shkola-1221-1;25;1878
kostomarovskiy-15;osm-368-svyato-vladimirskaya-shkola;osm-368-svyato-vladimirskaya-shkola-1;25;1904
kostomarovskiy-15;osm-549-tsentr-obrazovaniya-1480;osm-549-tsentr-obrazovaniya-1480-1;26;1930
kostomarovskiy-15;osm-637-shkola-1271;osm-637-shkola-1271-1;26;1982
kostomarovskiy-15;osm-601-shkola-1621-drevo-zhizni;osm-601-shkola-1621-drevo-zhizni-1;29;2155
kostomarovskiy-15;osm-361-shkola-1216;osm-361-shkola-1216-1;29;2186
krasnyy-oktyabr;shkola-1529-imeni-a-s-griboedova;shkola-1529-imeni-a-s-griboedova-4;12;878
krasnyy-oktyabr;shkola-1799;shkola-1799-3;12;899
krasnyy-oktyabr;osm-567-pirogovskaya-shkola;osm-567-pirogovskaya-shkola-1;14;1029
krasnyy-oktyabr;shkola-1231-im-v-d-polenova;shkola-1231-im-v-d-polenova-4;14;1072
krasnyy-oktyabr;pyatdesyat-sedmaya-shkola;pyatdesyat-sedmaya-shkola-3;15;1142
krasnyy-oktyabr;litsey-ranhigs;litsey-ranhigs-2;16;1206
krasnyy-oktyabr;osm-525-shkola-1323;osm-525-shkola-1323-1;17;1297
krasnyy-oktyabr;shkola-627-im-d-d-lelyushenko;shkola-627-im-d-d-lelyushenko-2;19;1417
krasnyy-oktyabr;osm-34-shkola-1331-molodaya-iveriya;osm-34-shkola-1331-molodaya-iveriya-1;19;1421
krasnyy-oktyabr;osm-331-elizavetinskaya-gimnaziya;osm-331-elizavetinskaya-gimnaziya-1;19;1451
krasnyy-oktyabr;osm-648-frantsuzskiy-litsey-im-aleksan;osm-648-frantsuzskiy-litsey-im-aleksan-1;20;1506
krasnyy-oktyabr;preduniversitariy-mglu;preduniversitariy-mglu-1;21;1540
krasnyy-oktyabr;osm-571-shkola-1262;osm-571-shkola-1262-1;25;1869
krasnyy-oktyabr;osm-672-shkola-518;osm-672-shkola-518-1;26;1985
krasnyy-oktyabr;shkola-91;shkola-91-1;28;2063
krasnyy-oktyabr;shkola-1253;shkola-1253-2;28;2108
kronshtadtskiy-9;shkola-1315;shkola-1315-2;10;778
kronshtadtskiy-9;shkola-224;shkola-224-2;11;798
kronshtadtskiy-9;shkola-1583-im-k-a-kerimova;shkola-1583-im-k-a-kerimova-1;13;991
kronshtadtskiy-9;shkola-1250;shkola-1250-1;26;1962
kronshtadtskiy-9;cambridge-international-school-cis;cambridge-international-school-cis-1;27;1999
kronshtadtskiy-9;osm-555-shkola-727;osm-555-shkola-727-1;28;2112
krylatskaya-33;shkola-1593;shkola-1593-1;6;432
krylatskaya-33;shkola-1371-krylatskoe;shkola-1371-krylatskoe-2;15;1158
krylatskaya-33;shkola-1440;shkola-1440-1;22;1671
krylatskaya-33;osm-540-shkola-63;osm-540-shkola-63-1;24;1794
krylatskaya-33;mezhdunarodnaya-shkola-moskvy-ism;mezhdunarodnaya-shkola-moskvy-ism-1;30;2233
kutuzov-grad;shkola-1195-im-p-i-merenkova;shkola-1195-im-p-i-merenkova-1;11;836
kutuzov-grad;osm-26-shkola-587;osm-26-shkola-587-1;11;848
kutuzov-grad;lomonosovskaya-shkola;lomonosovskaya-shkola-3;12;887
kutuzov-grad;klassicheskiy-pansion-mgu;klassicheskiy-pansion-mgu-1;15;1135
kutuzov-grad;osm-27-shkola-802;osm-27-shkola-802-1;16;1221
kutuzov-grad;osm-25-shkola-65;osm-25-shkola-65-1;21;1555
kutuzov-grad;shkola-1400;shkola-1400-1;23;1692
kutuzov-grad;osm-165-shkola-809;osm-165-shkola-809-1;26;1947
kutuzov-grad;osm-55-shkola-888;osm-55-shkola-888-1;27;2005
kutuzov-grad;osm-120-shkola-714;osm-120-shkola-714-1;27;2059
kutuzov-grad;osm-147-shkola-808;osm-147-shkola-808-1;28;2066
kutuzov-grad;osm-640-shkola-koreyskogo-posolstva;osm-640-shkola-koreyskogo-posolstva-1;28;2120
kutuzov-siti;klassicheskiy-pansion-mgu;klassicheskiy-pansion-mgu-1;6;433
kutuzov-siti;osm-26-shkola-587;osm-26-shkola-587-1;11;831
kutuzov-siti;osm-55-shkola-888;osm-55-shkola-888-1;16;1180
kutuzov-siti;osm-27-shkola-802;osm-27-shkola-802-1;16;1204
kutuzov-siti;lomonosovskaya-shkola;lomonosovskaya-shkola-3;16;1222
kutuzov-siti;shkola-1195-im-p-i-merenkova;shkola-1195-im-p-i-merenkova-1;17;1245
kutuzov-siti;osm-25-shkola-65;osm-25-shkola-65-1;23;1721
kutuzov-siti;shkola-1400;shkola-1400-1;25;1870
kutuzov-siti;osm-147-shkola-808;osm-147-shkola-808-1;28;2134
kutuzov-siti;osm-165-shkola-809;osm-165-shkola-809-1;29;2185
kutuzov-siti;osm-120-shkola-714;osm-120-shkola-714-1;30;2237
kutuzovskiy-kvartal;osm-55-shkola-888;osm-55-shkola-888-1;11;791
kutuzovskiy-kvartal;osm-188-navigatskaya-shkola;osm-188-navigatskaya-shkola-1;12;870
kutuzovskiy-kvartal;shkola-887;shkola-887-2;14;1050
kutuzovskiy-kvartal;osm-139-spetsshkola-6;osm-139-spetsshkola-6-1;17;1304
kutuzovskiy-kvartal;osm-186-shkola-262;osm-186-shkola-262-1;19;1390
kutuzovskiy-kvartal;shkola-2101;shkola-2101-2;20;1537
kutuzovskiy-kvartal;osm-184-shkola-73;osm-184-shkola-73-1;21;1544
kutuzovskiy-kvartal;osm-170-psihonevrologicheskiy-internat;osm-170-psihonevrologicheskiy-internat-1;21;1600
kutuzovskiy-kvartal;osm-147-shkola-808;osm-147-shkola-808-1;22;1643
kutuzovskiy-kvartal;shkola-97;shkola-97-2;24;1785
kutuzovskiy-kvartal;lomonosovskaya-shkola;lomonosovskaya-shkola-1;26;1942
kutuzovskiy-kvartal;shkola-1248;shkola-1248-2;26;1957
kutuzovskiy-kvartal;osm-26-shkola-587;osm-26-shkola-587-1;27;1992
kutuzovskiy-kvartal;osm-27-shkola-802;osm-27-shkola-802-1;27;2013
kutuzovskiy-kvartal;shkola-806;shkola-806-1;27;2033
kutuzovskiy-kvartal;klassicheskiy-pansion-mgu;klassicheskiy-pansion-mgu-1;28;2085
kutuzovskiy-kvartal;sunts-mgu-shkola-internat-im-a-n-kolmogorova;sunts-mgu-shkola-internat-im-a-n-kolmogorova-2;28;2100
kutuzovskiy-kvartal;shkola-1589;shkola-1589-1;28;2112
kutuzovskiy-kvartal;shkola-intellektual;shkola-intellektual-1;29;2190
kuznetskiy-most-12;shkola-179;shkola-179-1;10;780
kuznetskiy-most-12;shkola-2054;shkola-2054-2;11;804
kuznetskiy-most-12;osm-636-frantsuzskiy-litsey-im-a-dyuma;osm-636-frantsuzskiy-litsey-im-a-dyuma-1;13;981
kuznetskiy-most-12;pushkinskaya-shkola-1500;pushkinskaya-shkola-1500-4;15;1148
kuznetskiy-most-12;shkola-algoritm;shkola-algoritm-1;15;1149
kuznetskiy-most-12;litsey-niu-vshe;litsey-niu-vshe-1;16;1204
kuznetskiy-most-12;shkola-1520-im-kaptsovyh;shkola-1520-im-kaptsovyh-2;19;1441
kuznetskiy-most-12;osm-43-russkaya-klassicheskaya-gimnaz;osm-43-russkaya-klassicheskaya-gimnaz-1;20;1489
kuznetskiy-most-12;osm-114-shkola-vuz-sovremennoe-obrazov;osm-114-shkola-vuz-sovremennoe-obrazov-1;22;1635
kuznetskiy-most-12;osm-583-shkola-123;osm-583-shkola-123-1;22;1682
kuznetskiy-most-12;osm-92-shkolnoe-otdelenie-22-litseya-;osm-92-shkolnoe-otdelenie-22-litseya--1;23;1695
kuznetskiy-most-12;shkola-1284;shkola-1284-1;23;1751
kuznetskiy-most-12;shkola-1234;shkola-1234-4;24;1807
kuznetskiy-most-12;shkola-pokrovskiy-kvartal;shkola-pokrovskiy-kvartal-3;24;1816
kuznetskiy-most-12;osm-368-svyato-vladimirskaya-shkola;osm-368-svyato-vladimirskaya-shkola-1;24;1825
kuznetskiy-most-12;osm-554-chastnaya-shkola-bnot-menahem;osm-554-chastnaya-shkola-bnot-menahem-1;25;1893
kuznetskiy-most-12;osm-21-shkola-1113;osm-21-shkola-1113-1;25;1900
kuznetskiy-most-12;osm-360-tsentr-obrazovaniya-1441-bronn;osm-360-tsentr-obrazovaniya-1441-bronn-1;27;2059
kuznetskiy-most-12;pyatdesyat-sedmaya-shkola;pyatdesyat-sedmaya-shkola-3;28;2065
kuznetskiy-most-12;osm-569-shkola-110;osm-569-shkola-110-1;28;2111
kuznetskiy-most-12;shkola-1574;shkola-1574-1;28;2120
kuznetskiy-most-12;shkola-2123-im-migelya-ernandesa;shkola-2123-im-migelya-ernandesa-1;28;2131
kuznetskiy-most-12;osm-646-shkola-1388;osm-646-shkola-1388-1;29;2182
kuznetskiy-most-12;shkola-2107;shkola-2107-5;29;2183
kuznetskiy-most-12;shkola-91;shkola-91-1;30;2245
kvartal-foriver;osm-654-shkola-463-im;osm-654-shkola-463-im-1;20;1495
kvartal-foriver;shkola-1272;shkola-1272-1;23;1700
kvartal-foriver;osm-501-shkola-494-im;osm-501-shkola-494-im-1;24;1791
kvartal-foriver;osm-355-shkola-462;osm-355-shkola-462-1;28;2066
kvartal-foriver;shkola-im-v-v-mayakovskogo;shkola-im-v-v-mayakovskogo-1;28;2127
kvartal-mit;osm-668-novaya-gimnaziya;osm-668-novaya-gimnaziya-1;18;1357
kvartal-mit;osm-647-ulyanovskaya-srednyaya-obscheo;osm-647-ulyanovskaya-srednyaya-obscheo-1;26;1915
kvartal-mit;shkola-1191;shkola-1191-1;26;1962
kvartal-mons;osm-561-shkola-252;osm-561-shkola-252-1;6;467
kvartal-mons;shkola-1236-im-s-v-milashenkova;shkola-1236-im-s-v-milashenkova-4;9;678
kvartal-mons;osm-513-finansovo-ekonomicheskaya-shko;osm-513-finansovo-ekonomicheskaya-shko-1;16;1218
kvartal-mons;osm-630-shkola-968;osm-630-shkola-968-1;17;1288
kvartal-mons;shkola-1494;shkola-1494-1;20;1522
kvartal-mons;shkola-218;shkola-218-2;26;1936
kvartal-mons;osm-108-shkola-296;osm-108-shkola-296-1;26;1952
kvartal-mons;osm-441-shkola-1956;osm-441-shkola-1956-1;30;2225
kvartal-mons;osm-562-shkola-1164;osm-562-shkola-1164-1;30;2249
kvartal-serebryanyy-bor;shkola-138;shkola-138-1;7;500
kvartal-serebryanyy-bor;kurchatovskaya-shkola;kurchatovskaya-shkola-2;7;511
kvartal-serebryanyy-bor;osm-511-horoshevskaya-progimnaziya;osm-511-horoshevskaya-progimnaziya-1;15;1096
kvartal-serebryanyy-bor;shkola-1517;shkola-1517-1;16;1176
kvartal-serebryanyy-bor;shkola-1210;shkola-1210-2;18;1315
kvartal-serebryanyy-bor;shkola-1515;shkola-1515-2;18;1340
kvartal-serebryanyy-bor;shkola-1560-lider;shkola-1560-lider-3;22;1663
kvartal-serebryanyy-bor;shkola-1212-schukino;shkola-1212-schukino-1;25;1856
kvartal-serebryanyy-bor;osm-187-tsentr-obrazovaniya-1854;osm-187-tsentr-obrazovaniya-1854-1;27;2010
kvartal-serebryanyy-bor;shkola-1874;shkola-1874-1;27;2053
kvartal-serebryanyy-bor;mezhdunarodnaya-shkola-integratsiya-xxi-vek;mezhdunarodnaya-shkola-integratsiya-xxi-vek-2;29;2148
l67;cambridge-international-school-cis;cambridge-international-school-cis-1;8;633
l67;shkola-167-im-l-a-govorova;shkola-167-im-l-a-govorova-1;15;1127
l67;shkola-158;shkola-158-2;17;1264
l67;shkola-1315;shkola-1315-2;25;1898
l67;shkola-597-novoe-pokolenie;shkola-597-novoe-pokolenie-1;29;2149
la-belle-maison;shkola-1799;shkola-1799-4;5;376
la-belle-maison;osm-567-pirogovskaya-shkola;osm-567-pirogovskaya-shkola-1;7;498
la-belle-maison;osm-648-frantsuzskiy-litsey-im-aleksan;osm-648-frantsuzskiy-litsey-im-aleksan-1;10;736
la-belle-maison;shkola-627-im-d-d-lelyushenko;shkola-627-im-d-d-lelyushenko-2;11;799
la-belle-maison;osm-331-elizavetinskaya-gimnaziya;osm-331-elizavetinskaya-gimnaziya-1;13;968
la-belle-maison;osm-525-shkola-1323;osm-525-shkola-1323-1;15;1128
la-belle-maison;osm-571-shkola-1262;osm-571-shkola-1262-1;16;1221
la-belle-maison;shkola-1529-imeni-a-s-griboedova;shkola-1529-imeni-a-s-griboedova-4;23;1688
la-belle-maison;pyatdesyat-sedmaya-shkola;pyatdesyat-sedmaya-shkola-3;24;1764
la-belle-maison;shkola-1259;shkola-1259-1;24;1797
la-belle-maison;shkola-1231-im-v-d-polenova;shkola-1231-im-v-d-polenova-4;25;1882
la-belle-maison;shkola-1253;shkola-1253-2;26;1977
la-belle-maison;osm-672-shkola-518;osm-672-shkola-518-1;26;1985
la-belle-maison;litsey-ranhigs;litsey-ranhigs-2;27;2017
la-belle-maison;osm-544-shkola-553;osm-544-shkola-553-1;27;2027
la-belle-maison;ekonomicheskiy-litsey-reu-im-g-v-plehanova;ekonomicheskiy-litsey-reu-im-g-v-plehanova-1;27;2035
la-belle-maison;preduniversitariy-mglu;preduniversitariy-mglu-1;29;2152
la-belle-maison;chastnaya-shkola-zolotoe-sechenie;chastnaya-shkola-zolotoe-sechenie-2;29;2161
la-belle-maison;osm-37-svyato-dimitrievskaya-shkola;osm-37-svyato-dimitrievskaya-shkola-1;30;2230
la-belle-maison;osm-34-shkola-1331-molodaya-iveriya;osm-34-shkola-1331-molodaya-iveriya-1;30;2231
landshaft;osm-690-barvihinskaya-srednyaya-obsche;osm-690-barvihinskaya-srednyaya-obsche-1;8;604
lavrushinskiy;osm-331-elizavetinskaya-gimnaziya;osm-331-elizavetinskaya-gimnaziya-1;6;471
lavrushinskiy;osm-525-shkola-1323;osm-525-shkola-1323-1;8;625
lavrushinskiy;shkola-1799;shkola-1799-3;8;627
lavrushinskiy;shkola-627-im-d-d-lelyushenko;shkola-627-im-d-d-lelyushenko-2;9;659
lavrushinskiy;osm-648-frantsuzskiy-litsey-im-aleksan;osm-648-frantsuzskiy-litsey-im-aleksan-1;13;1007
lavrushinskiy;osm-567-pirogovskaya-shkola;osm-567-pirogovskaya-shkola-1;16;1204
lavrushinskiy;osm-571-shkola-1262;osm-571-shkola-1262-1;16;1229
lavrushinskiy;osm-672-shkola-518;osm-672-shkola-518-1;20;1478
lavrushinskiy;shkola-1259;shkola-1259-1;21;1556
lavrushinskiy;shkola-1529-imeni-a-s-griboedova;shkola-1529-imeni-a-s-griboedova-4;27;1992
lavrushinskiy;ekonomicheskiy-litsey-reu-im-g-v-plehanova;ekonomicheskiy-litsey-reu-im-g-v-plehanova-1;27;1999
lavrushinskiy;osm-544-shkola-553;osm-544-shkola-553-1;27;2006
lavrushinskiy;pyatdesyat-sedmaya-shkola;pyatdesyat-sedmaya-shkola-3;27;2009
lavrushinskiy;shkola-1231-im-v-d-polenova;shkola-1231-im-v-d-polenova-4;29;2186
layf-taym;osm-612-shkola-2055;osm-612-shkola-2055-1;6;433
layf-taym;shkola-2030;shkola-2030-1;8;595
layf-taym;osm-545-shkola-340;osm-545-shkola-340-1;15;1129
layf-taym;shkola-1241-na-krasnoy-presne;shkola-1241-na-krasnoy-presne-2;16;1196
layf-taym;osm-586-moskovskaya-ekonomicheskaya-sh;osm-586-moskovskaya-ekonomicheskaya-sh-1;19;1399
layf-taym;osm-568-pushkinskaya-gimnaziya-na-pres;osm-568-pushkinskaya-gimnaziya-na-pres-1;24;1791
layf-taym;romanovskaya-shkola;romanovskaya-shkola-5;26;1943
layf-taym;osm-36-shkola-viktoriya;osm-36-shkola-viktoriya-1;26;1976
laym;shkola-1539;shkola-1539-1;4;284
laym;shkola-internat-1;shkola-internat-1-1;6;437
laym;osm-309-tsentr-obrazovaniya-1470;osm-309-tsentr-obrazovaniya-1470-1;7;512
laym;osm-378-shkola-308;osm-378-shkola-308-1;7;520
laym;osm-272-shkola-potentsial;osm-272-shkola-potentsial-1;10;785
laym;osm-435-gimnaziya-mgups;osm-435-gimnaziya-mgups-1;12;873
laym;osm-280-shkola-1503;osm-280-shkola-1503-3;12;911
laym;shkola-1531-im-s-k-godovikova;shkola-1531-im-s-k-godovikova-1;15;1121
laym;shkola-1518;shkola-1518-2;16;1196
laym;shkola-293-im-a-t-tvardovskogo;shkola-293-im-a-t-tvardovskogo-2;17;1250
laym;osm-566-shkola-304;osm-566-shkola-304-1;21;1562
laym;pervyy-moskovskiy-obrazovatelnyy-kompleks;pervyy-moskovskiy-obrazovatelnyy-kompleks-2;21;1562
laym;osm-483-shkola-1220;osm-483-shkola-1220-1;24;1833
laym;shkola-shik-16;shkola-shik-16-1;28;2119
le-dom;shkola-1529-imeni-a-s-griboedova;shkola-1529-imeni-a-s-griboedova-4;3;216
le-dom;shkola-1231-im-v-d-polenova;shkola-1231-im-v-d-polenova-4;8;591
le-dom;litsey-ranhigs;litsey-ranhigs-2;10;776
le-dom;preduniversitariy-mglu;preduniversitariy-mglu-1;13;940
le-dom;pyatdesyat-sedmaya-shkola;pyatdesyat-sedmaya-shkola-3;13;943
le-dom;osm-34-shkola-1331-molodaya-iveriya;osm-34-shkola-1331-molodaya-iveriya-1;14;1027
le-dom;shkola-1253;shkola-1253-2;20;1508
le-dom;shkola-1799;shkola-1799-3;21;1601
le-dom;shkola-91;shkola-91-1;23;1689
le-dom;osm-567-pirogovskaya-shkola;osm-567-pirogovskaya-shkola-1;23;1704
le-dom;shkola-1234;shkola-1234-1;26;1938
le-dom;shkola-1520-im-kaptsovyh;shkola-1520-im-kaptsovyh-1;26;1939
le-dom;osm-525-shkola-1323;osm-525-shkola-1323-1;27;1999
le-dom;shkola-2123-im-migelya-ernandesa;shkola-2123-im-migelya-ernandesa-1;27;2055
le-dom;chastnaya-shkola-zolotoe-sechenie;chastnaya-shkola-zolotoe-sechenie-1;28;2078
le-dom;shkola-627-im-d-d-lelyushenko;shkola-627-im-d-d-lelyushenko-2;28;2119
le-dom;osm-583-shkola-123;osm-583-shkola-123-1;28;2125
le-dom;osm-331-elizavetinskaya-gimnaziya;osm-331-elizavetinskaya-gimnaziya-1;29;2153
le-dom;osm-648-frantsuzskiy-litsey-im-aleksan;osm-648-frantsuzskiy-litsey-im-aleksan-1;29;2181
le-dom;osm-569-shkola-110;osm-569-shkola-110-1;29;2208
legasi;osm-539-shkola-37;osm-539-shkola-37-1;5;387
legasi;shkola-1306-shkola-molodyh-politikov;shkola-1306-shkola-molodyh-politikov-2;10;734
legasi;novaya-shkola;novaya-shkola-1;12;866
legasi;shkola-1498-moskovskaya-mezhdunarodnaya-shkola;shkola-1498-moskovskaya-mezhdunarodnaya-shkola-2;13;989
legasi;shuvalovskaya-shkola-1448;shuvalovskaya-shkola-1448-2;15;1159
legasi;shkola-1434-ramenki;shkola-1434-ramenki-1;20;1516
legasi;osm-635-litsey-1586;osm-635-litsey-1586-1;21;1599
legasi;osm-468-shkola-1119;osm-468-shkola-1119-1;25;1855
leningradka-58;shkola-1315;shkola-1315-2;8;617
leningradka-58;shkola-224;shkola-224-2;9;639
leningradka-58;shkola-1583-im-k-a-kerimova;shkola-1583-im-k-a-kerimova-2;21;1566
leningradka-58;shkola-1250;shkola-1250-1;23;1736
leningradka-58;cambridge-international-school-cis;cambridge-international-school-cis-1;23;1751
level-akademicheskaya;akademicheskaya-shkola-1534;akademicheskaya-shkola-1534-3;5;382
level-akademicheskaya;shkola-199;shkola-199-2;6;414
level-akademicheskaya;shkola-45-im-l-i-milgrama;shkola-45-im-l-i-milgrama-1;10;733
level-akademicheskaya;osm-322-shkola-104;osm-322-shkola-104-1;10;776
level-akademicheskaya;osm-39-shkola-370;osm-39-shkola-370-1;14;1032
level-akademicheskaya;shkola-1533-lit;shkola-1533-lit-1;16;1178
level-akademicheskaya;shkola-625;shkola-625-2;18;1327
level-akademicheskaya;shkola-2086;shkola-2086-2;23;1726
level-akademicheskaya;osm-112-litsey-im-sofi-nyuberg;osm-112-litsey-im-sofi-nyuberg-1;24;1766
level-akademicheskaya;shkola-1205;shkola-1205-1;24;1804
level-akademicheskaya;osm-201-shkola-26;osm-201-shkola-26-1;24;1804
level-akademicheskaya;litsey-vtoraya-shkola-im-v-f-ovchinnikova;litsey-vtoraya-shkola-im-v-f-ovchinnikova-1;24;1818
level-akademicheskaya;osm-624-shkola-120;osm-624-shkola-120-1;25;1844
level-akademicheskaya;osm-617-shkola-522;osm-617-shkola-522-1;25;1866
level-akademicheskaya;osm-500-shkola-im-hinksona;osm-500-shkola-im-hinksona-1;25;1898
level-akademicheskaya;osm-111-shkola-1280;osm-111-shkola-1280-1;26;1942
level-akademicheskaya;osm-204-shkola-25;osm-204-shkola-25-1;26;1946
level-akademicheskaya;osm-91-shkola-22;osm-91-shkola-22-1;26;1949
level-akademicheskaya;osm-175-shkola-feniks;osm-175-shkola-feniks-1;26;1968
level-akademicheskaya;osm-93-shkola-1265;osm-93-shkola-1265-1;26;1979
level-akademicheskaya;osm-653-shkola-1260;osm-653-shkola-1260-1;28;2104
level-akademicheskaya;osm-431-shkola-1266;osm-431-shkola-1266-1;29;2149
level-akademicheskaya;osm-196-nou-razvitie-shkola-kompensiru;osm-196-nou-razvitie-shkola-kompensiru-1;29;2194
level-baumanskaya;inzhenernaya-shkola-1581;inzhenernaya-shkola-1581-3;4;332
level-baumanskaya;osm-210-shkola-1429-imeni-geroya-sovet;osm-210-shkola-1429-imeni-geroya-sovet-1;12;908
level-baumanskaya;osm-20-shkola-435;osm-20-shkola-435-1;13;978
level-baumanskaya;osm-609-shkola-1247;osm-609-shkola-1247-1;15;1132
level-baumanskaya;shkola-na-yauze;shkola-na-yauze-2;16;1165
level-baumanskaya;osm-643-shkola-1203;osm-643-shkola-1203-1;18;1325
level-baumanskaya;osm-385-shkola-444;osm-385-shkola-444-1;20;1479
level-baumanskaya;shkola-354-im-d-m-karbysheva;shkola-354-im-d-m-karbysheva-2;22;1681
level-baumanskaya;shkola-1530-shkola-lomonosova;shkola-1530-shkola-lomonosova-2;23;1699
level-baumanskaya;osm-302-shkola-733;osm-302-shkola-733-1;23;1760
level-baumanskaya;shkola-1228-lefortovo;shkola-1228-lefortovo-2;24;1786
level-baumanskaya;osm-632-tsentr-obrazovaniya-345;osm-632-tsentr-obrazovaniya-345-1;26;1916
level-baumanskaya;shkola-sodruzhestvo;shkola-sodruzhestvo-2;27;2027
level-baumanskaya;shkola-1282-sokolniki;shkola-1282-sokolniki-1;28;2116
level-michurinskiy;shkola-1329;shkola-1329-1;12;912
level-michurinskiy;shkola-843;shkola-843-1;14;1020
level-michurinskiy;shkola-2025;shkola-2025-3;14;1071
level-michurinskiy;shkola-1317;shkola-1317-1;16;1207
level-michurinskiy;shkola-1741;shkola-1741-1;22;1677
level-michurinskiy;tsois-moskva-98;tsois-moskva-98-2;24;1768
level-paveletskaya-siti;shkola-627-im-d-d-lelyushenko;shkola-627-im-d-d-lelyushenko-3;9;661
level-paveletskaya-siti;shkola-1257;shkola-1257-1;14;1018
level-paveletskaya-siti;osm-544-shkola-553;osm-544-shkola-553-1;16;1191
level-paveletskaya-siti;ekonomicheskiy-litsey-reu-im-g-v-plehanova;ekonomicheskiy-litsey-reu-im-g-v-plehanova-1;17;1248
level-paveletskaya-siti;shkola-1553-im-v-i-vernadskogo;shkola-1553-im-v-i-vernadskogo-1;19;1442
level-paveletskaya-siti;shkola-630-im-g-p-kravchenko;shkola-630-im-g-p-kravchenko-4;21;1551
level-paveletskaya-siti;litsey-ranhigs;litsey-ranhigs-1;21;1580
level-paveletskaya-siti;shkola-stolitsa-kit;shkola-stolitsa-kit-1;24;1791
level-paveletskaya-siti;shkola-1259;shkola-1259-1;24;1812
level-paveletskaya-siti;shkola-547;shkola-547-2;24;1833
level-paveletskaya-siti;osm-571-shkola-1262;osm-571-shkola-1262-1;26;1969
level-paveletskaya-siti;shkola-1799;shkola-1799-2;27;2029
level-prichalnyy;shkola-2048;shkola-2048-1;2;174
level-prichalnyy;osm-351-shkola-1253;osm-351-shkola-1253-2;12;892
level-prichalnyy;osm-46-akademicheskaya-gimnaziya;osm-46-akademicheskaya-gimnaziya-1;17;1311
level-prichalnyy;romanovskaya-shkola;romanovskaya-shkola-4;18;1380
level-prichalnyy;obrazovatelnyy-tsentr-proton;obrazovatelnyy-tsentr-proton-1;22;1639
level-prichalnyy;osm-545-shkola-340;osm-545-shkola-340-1;28;2105
level-streshnevo;shkola-727;shkola-727-1;16;1219
level-streshnevo;kurchatovskaya-shkola;kurchatovskaya-shkola-6;18;1316
level-streshnevo;shkola-1285;shkola-1285-4;18;1345
level-streshnevo;shkola-2097;shkola-2097-1;29;2153
level-svobody;shkola-1551;shkola-1551-2;13;1000
level-svobody;shkola-1056;shkola-1056-1;17;1285
level-svobody;shkola-2097;shkola-2097-2;23;1720
level-voykovskaya;osm-51-shkola-90-im;osm-51-shkola-90-im-3;7;532
level-voykovskaya;shkola-201;shkola-201-1;8;581
level-voykovskaya;osm-353-shkola-225;osm-353-shkola-225-1;11;836
level-voykovskaya;osm-595-progimnaziya-1774;osm-595-progimnaziya-1774-1;12;912
level-voykovskaya;osm-481-shkola-726;osm-481-shkola-726-1;14;1072
level-voykovskaya;osm-524-shkola-717;osm-524-shkola-717-1;16;1227
level-voykovskaya;osm-406-shkola-2099;osm-406-shkola-2099-2;17;1299
level-voykovskaya;shkola-1576;shkola-1576-3;19;1456
level-voykovskaya;shkola-224;shkola-224-1;21;1594
level-voykovskaya;shkola-1250;shkola-1250-1;26;1956
level-voykovskaya;britanskaya-mezhdunarodnaya-shkola-bis;britanskaya-mezhdunarodnaya-shkola-bis-4;28;2066
level-voykovskaya;shkola-internat-2;shkola-internat-2-2;28;2078
level-voykovskaya;osm-656-shkola-215;osm-656-shkola-215-1;30;2220
level-zvenigorodskaya-etap-2;shkola-1560-lider;shkola-1560-lider-1;12;919
level-zvenigorodskaya-etap-2;shkola-1522-im-v-i-churkina;shkola-1522-im-v-i-churkina-1;21;1594
level-zvenigorodskaya-etap-2;osm-351-shkola-1253;osm-351-shkola-1253-2;24;1816
level-zvenigorodskaya-etap-2;osm-453-gbou-sosh-shkola-1010-korpus-3;osm-453-gbou-sosh-shkola-1010-korpus-3-1;26;1943
level-zvenigorodskaya-etap-2;shkola-141-im-riharda-zorge;shkola-141-im-riharda-zorge-1;29;2184
levenson;shkola-1234;shkola-1234-4;6;473
levenson;osm-360-tsentr-obrazovaniya-1441-bronn;osm-360-tsentr-obrazovaniya-1441-bronn-1;7;488
levenson;osm-21-shkola-1113;osm-21-shkola-1113-2;9;672
levenson;shkola-1574;shkola-1574-1;9;685
levenson;osm-569-shkola-110;osm-569-shkola-110-1;11;840
levenson;shkola-1950;shkola-1950-2;12;868
levenson;osm-563-shkola-1239;osm-563-shkola-1239-1;12;913
levenson;shkola-1520-im-kaptsovyh;shkola-1520-im-kaptsovyh-2;13;949
levenson;osm-92-shkolnoe-otdelenie-22-litseya-;osm-92-shkolnoe-otdelenie-22-litseya--1;14;1051
levenson;shkola-2123-im-migelya-ernandesa;shkola-2123-im-migelya-ernandesa-1;17;1251
levenson;osm-583-shkola-123;osm-583-shkola-123-1;18;1371
levenson;romanovskaya-shkola;romanovskaya-shkola-1;20;1508
levenson;shkola-2054;shkola-2054-2;21;1551
levenson;shkola-91;shkola-91-1;21;1602
levenson;osm-43-russkaya-klassicheskaya-gimnaz;osm-43-russkaya-klassicheskaya-gimnaz-1;22;1628
levenson;osm-646-shkola-1388;osm-646-shkola-1388-1;23;1698
levenson;litsey-niu-vshe;litsey-niu-vshe-1;25;1870
levenson;shkola-179;shkola-179-1;25;1884
levshinskiy-19;shkola-1231-im-v-d-polenova;shkola-1231-im-v-d-polenova-1;8;563
levshinskiy-19;shkola-1529-imeni-a-s-griboedova;shkola-1529-imeni-a-s-griboedova-1;10;716
levshinskiy-19;preduniversitariy-mglu;preduniversitariy-mglu-1;10;787
levshinskiy-19;chastnaya-shkola-zolotoe-sechenie;chastnaya-shkola-zolotoe-sechenie-1;11;814
levshinskiy-19;shkola-1253;shkola-1253-2;15;1098
levshinskiy-19;osm-34-shkola-1331-molodaya-iveriya;osm-34-shkola-1331-molodaya-iveriya-1;15;1100
levshinskiy-19;osm-528-spetsshkola-30;osm-528-spetsshkola-30-1;18;1323
levshinskiy-19;litsey-ranhigs;litsey-ranhigs-2;19;1448
levshinskiy-19;shkola-1234;shkola-1234-2;19;1455
levshinskiy-19;meditsinskiy-sechenovskiy-preduniversariy;meditsinskiy-sechenovskiy-preduniversariy-1;22;1657
levshinskiy-19;pyatdesyat-sedmaya-shkola;pyatdesyat-sedmaya-shkola-1;22;1679
levshinskiy-19;osm-157-shkola-1465-imeni-admirala-n;osm-157-shkola-1465-imeni-admirala-n-2;24;1835
levshinskiy-19;osm-30-filippovskaya-shkola;osm-30-filippovskaya-shkola-1;24;1836
levshinskiy-19;osm-616-shkola-pri-posolstve-indii;osm-616-shkola-pri-posolstve-indii-1;26;1979
levshinskiy-19;shkola-91;shkola-91-1;27;2019
life-varshavskaya;shkola-1579;shkola-1579-2;14;1023
life-varshavskaya;osm-572-litsey-1511;osm-572-litsey-1511-1;21;1596
life-varshavskaya;osm-103-shkola-730;osm-103-shkola-730-1;26;1935
life-varshavskaya;osm-17-negosudarstvennoe-obrazovateln;osm-17-negosudarstvennoe-obrazovateln-1;26;1960
life-varshavskaya;shkola-507;shkola-507-5;27;2002
losinoostrovskiy-park;osm-426-shkola-1035;osm-426-shkola-1035-1;14;1055
losinoostrovskiy-park;osm-381-shkola-362;osm-381-shkola-362-1;17;1296
losinoostrovskiy-park;osm-38-shkola-370-im;osm-38-shkola-370-im-1;18;1324
losinoostrovskiy-park;osm-394-shkola-365;osm-394-shkola-365-1;18;1357
losinoostrovskiy-park;shkola-1795-losinoostrovskaya;shkola-1795-losinoostrovskaya-1;20;1489
losinoostrovskiy-park;osm-380-shkola-318;osm-380-shkola-318-1;22;1685
losinoostrovskiy-park;osm-395-shkola-442;osm-395-shkola-442-1;23;1733
losinoostrovskiy-park;osm-427-shkola-373;osm-427-shkola-373-1;25;1867
losinoostrovskiy-park;shkola-1246;shkola-1246-1;26;1936
losinoostrovskiy-park;shkola-1080;shkola-1080-3;27;2013
losinoostrovskiy-park;shkola-1505-preobrazhenskaya;shkola-1505-preobrazhenskaya-4;28;2093
losinoostrovskiy-park;osm-305-shkola-390;osm-305-shkola-390-1;29;2210
luce;pyatdesyat-sedmaya-shkola;pyatdesyat-sedmaya-shkola-3;7;524
luce;shkola-91;shkola-91-1;11;844
luce;shkola-1520-im-kaptsovyh;shkola-1520-im-kaptsovyh-1;12;881
luce;shkola-1231-im-v-d-polenova;shkola-1231-im-v-d-polenova-5;12;882
luce;osm-583-shkola-123;osm-583-shkola-123-1;14;1067
luce;shkola-1529-imeni-a-s-griboedova;shkola-1529-imeni-a-s-griboedova-3;15;1102
luce;osm-34-shkola-1331-molodaya-iveriya;osm-34-shkola-1331-molodaya-iveriya-1;15;1107
luce;shkola-2123-im-migelya-ernandesa;shkola-2123-im-migelya-ernandesa-1;16;1199
luce;shkola-1234;shkola-1234-1;17;1252
luce;osm-569-shkola-110;osm-569-shkola-110-1;18;1326
luce;shkola-179;shkola-179-1;19;1442
luce;osm-360-tsentr-obrazovaniya-1441-bronn;osm-360-tsentr-obrazovaniya-1441-bronn-1;23;1751
luce;shkola-1799;shkola-1799-3;25;1882
luce;preduniversitariy-mglu;preduniversitariy-mglu-1;26;1956
luce;osm-563-shkola-1239;osm-563-shkola-1239-1;26;1986
luce;litsey-ranhigs;litsey-ranhigs-2;27;1995
luce;shkola-2054;shkola-2054-2;29;2209
lumin;litsey-niu-vshe;litsey-niu-vshe-4;2;148
lumin;osm-368-svyato-vladimirskaya-shkola;osm-368-svyato-vladimirskaya-shkola-1;8;578
lumin;shkola-pokrovskiy-kvartal;shkola-pokrovskiy-kvartal-1;12;908
lumin;osm-650-pravoslavnaya-svyato-petrovska;osm-650-pravoslavnaya-svyato-petrovska-1;17;1242
lumin;osm-482-tsentr-obrazovaniya-1685;osm-482-tsentr-obrazovaniya-1685-1;17;1306
lumin;shkola-tsentra-pedagogicheskogo-masterstva-tspm;shkola-tsentra-pedagogicheskogo-masterstva-tspm-2;18;1356
lumin;osm-636-frantsuzskiy-litsey-im-a-dyuma;osm-636-frantsuzskiy-litsey-im-a-dyuma-1;18;1360
lumin;osm-672-shkola-518;osm-672-shkola-518-1;19;1446
lumin;shkola-2104-na-taganke;shkola-2104-na-taganke-2;20;1469
lumin;pushkinskaya-shkola-1500;pushkinskaya-shkola-1500-4;21;1611
lumin;shkola-algoritm;shkola-algoritm-1;21;1611
lumin;osm-637-shkola-1271;osm-637-shkola-1271-1;24;1799
lumin;osm-525-shkola-1323;osm-525-shkola-1323-1;25;1858
lumin;shkola-1799;shkola-1799-3;25;1898
lumin;shkola-1259;shkola-1259-2;26;1944
lumin;shkola-179;shkola-179-1;27;2009
lumin;shkola-sotrudnichestva;shkola-sotrudnichestva-2;27;2009
lumin;osm-601-shkola-1621-drevo-zhizni;osm-601-shkola-1621-drevo-zhizni-1;27;2062
lumin;shkola-1284;shkola-1284-1;28;2120
lumin;osm-554-chastnaya-shkola-bnot-menahem;osm-554-chastnaya-shkola-bnot-menahem-1;28;2135
lumin;osm-114-shkola-vuz-sovremennoe-obrazov;osm-114-shkola-vuz-sovremennoe-obrazov-1;29;2152
lumin;inzhenernaya-shkola-1581;inzhenernaya-shkola-1581-2;29;2175
lumin;osm-496-spetsshkola-486;osm-496-spetsshkola-486-1;30;2218
lunar;shkola-192;shkola-192-1;7;497
lunar;osm-431-shkola-1266;osm-431-shkola-1266-1;7;559
lunar;osm-429-sosh-198;osm-429-sosh-198-1;13;977
lunar;osm-93-shkola-1265;osm-93-shkola-1265-1;16;1175
lunar;osm-653-shkola-1260;osm-653-shkola-1260-1;17;1289
lunar;litsey-vtoraya-shkola-im-v-f-ovchinnikova;litsey-vtoraya-shkola-im-v-f-ovchinnikova-1;18;1329
lunar;osm-91-shkola-22;osm-91-shkola-22-1;19;1420
lunar;litsey-vorobevy-gory;litsey-vorobevy-gory-1;21;1551
lunar;shkola-2086;shkola-2086-2;24;1787
lunar;shkola-199;shkola-199-1;24;1799
lunar;osm-201-shkola-26;osm-201-shkola-26-1;25;1878
lunar;osm-204-shkola-25;osm-204-shkola-25-1;27;2007
lunar;osm-33-shkola-viktoriya-2000;osm-33-shkola-viktoriya-2000-1;28;2095
lunar;osm-633-baumanskaya-inzhenernaya-shkol;osm-633-baumanskaya-inzhenernaya-shkol-1;29;2147
lunar;shkola-45-im-l-i-milgrama;shkola-45-im-l-i-milgrama-4;29;2210
lunar;shkola-630-im-g-p-kravchenko;shkola-630-im-g-p-kravchenko-1;30;2233
lva-tolstogo-14;shkola-1253;shkola-1253-1;3;208
lva-tolstogo-14;pyatdesyat-sedmaya-shkola;pyatdesyat-sedmaya-shkola-1;9;697
lva-tolstogo-14;shkola-1529-imeni-a-s-griboedova;shkola-1529-imeni-a-s-griboedova-2;13;998
lva-tolstogo-14;preduniversitariy-mglu;preduniversitariy-mglu-1;14;1077
lva-tolstogo-14;shkola-1231-im-v-d-polenova;shkola-1231-im-v-d-polenova-2;15;1099
lva-tolstogo-14;chastnaya-shkola-zolotoe-sechenie;chastnaya-shkola-zolotoe-sechenie-1;15;1138
lva-tolstogo-14;osm-30-filippovskaya-shkola;osm-30-filippovskaya-shkola-1;18;1376
lva-tolstogo-14;litsey-ranhigs;litsey-ranhigs-2;18;1381
lva-tolstogo-14;osm-528-spetsshkola-30;osm-528-spetsshkola-30-1;20;1522
lva-tolstogo-14;meditsinskiy-sechenovskiy-preduniversariy;meditsinskiy-sechenovskiy-preduniversariy-1;21;1601
lva-tolstogo-14;shkola-171;shkola-171-1;23;1692
lva-tolstogo-14;osm-498-shkola-54;osm-498-shkola-54-1;24;1803
lva-tolstogo-14;shkola-1535;shkola-1535-1;24;1823
lva-tolstogo-14;osm-567-pirogovskaya-shkola;osm-567-pirogovskaya-shkola-1;28;2113
lva-tolstogo-14;osm-37-svyato-dimitrievskaya-shkola;osm-37-svyato-dimitrievskaya-shkola-1;28;2123
lva-tolstogo-14;osm-195-shkola-45;osm-195-shkola-45-1;29;2189
lva-tolstogo-14;osm-34-shkola-1331-molodaya-iveriya;osm-34-shkola-1331-molodaya-iveriya-1;30;2242
magnum-solo;shkola-1270-vektor;shkola-1270-vektor-2;1;101
magnum-solo;osm-497-shkola-498;osm-497-shkola-498-3;7;543
magnum-solo;osm-496-spetsshkola-486;osm-496-spetsshkola-486-1;8;574
magnum-solo;shkola-sotrudnichestva;shkola-sotrudnichestva-1;8;596
magnum-solo;osm-592-shkola-457;osm-592-shkola-457-1;13;984
magnum-solo;shkola-2104-na-taganke;shkola-2104-na-taganke-3;14;1066
magnum-solo;osm-637-shkola-1271;osm-637-shkola-1271-1;15;1153
magnum-solo;inzhenernaya-shkola-1581;inzhenernaya-shkola-1581-2;17;1259
magnum-solo;shkola-1468;shkola-1468-2;17;1309
magnum-solo;osm-546-shkola-1221;osm-546-shkola-1221-1;18;1378
magnum-solo;osm-216-litsey-1303;osm-216-litsey-1303-1;19;1461
magnum-solo;osm-191-shkola-1229;osm-191-shkola-1229-1;20;1478
magnum-solo;osm-482-tsentr-obrazovaniya-1685;osm-482-tsentr-obrazovaniya-1685-1;20;1511
magnum-solo;osm-361-shkola-1216;osm-361-shkola-1216-1;21;1597
magnum-solo;osm-671-shkola-88;osm-671-shkola-88-1;23;1692
magnum-solo;osm-432-gbou-sosh-480;osm-432-gbou-sosh-480-1;23;1742
magnum-solo;shkola-pokrovskiy-kvartal;shkola-pokrovskiy-kvartal-7;24;1806
magnum-solo;osm-650-pravoslavnaya-svyato-petrovska;osm-650-pravoslavnaya-svyato-petrovska-1;25;1874
magnum-solo;osm-543-internat-tretiy-moskovskiy-kad;osm-543-internat-tretiy-moskovskiy-kad-1;26;1954
magnum-solo;shkola-tsentra-pedagogicheskogo-masterstva-tspm;shkola-tsentra-pedagogicheskogo-masterstva-tspm-2;26;1981
magnum-solo;osm-628-shkola-480-im;osm-628-shkola-480-im-1;27;2021
magnum-solo;shkola-im-v-v-mayakovskogo;shkola-im-v-v-mayakovskogo-1;29;2153
mainstreet;osm-188-navigatskaya-shkola;osm-188-navigatskaya-shkola-1;10;753
mainstreet;osm-55-shkola-888;osm-55-shkola-888-1;12;905
mainstreet;shkola-887;shkola-887-2;15;1101
mainstreet;osm-186-shkola-262;osm-186-shkola-262-1;17;1286
mainstreet;osm-139-spetsshkola-6;osm-139-spetsshkola-6-1;19;1435
mainstreet;osm-184-shkola-73;osm-184-shkola-73-1;19;1439
mainstreet;shkola-2101;shkola-2101-2;20;1496
mainstreet;osm-170-psihonevrologicheskiy-internat;osm-170-psihonevrologicheskiy-internat-1;21;1559
mainstreet;osm-147-shkola-808;osm-147-shkola-808-1;24;1775
mainstreet;shkola-97;shkola-97-2;25;1899
mainstreet;lomonosovskaya-shkola;lomonosovskaya-shkola-1;27;2056
mainstreet;shkola-1248;shkola-1248-2;28;2071
mainstreet;osm-26-shkola-587;osm-26-shkola-587-1;28;2107
mainstreet;osm-27-shkola-802;osm-27-shkola-802-1;28;2128
mainstreet;shkola-806;shkola-806-1;29;2164
mainstreet;klassicheskiy-pansion-mgu;klassicheskiy-pansion-mgu-1;29;2200
mainstreet;sunts-mgu-shkola-internat-im-a-n-kolmogorova;sunts-mgu-shkola-internat-im-a-n-kolmogorova-2;30;2214
mainstreet;shkola-1589;shkola-1589-1;30;2227
malaya-dmitrovka-5-9;osm-21-shkola-1113;osm-21-shkola-1113-1;4;292
malaya-dmitrovka-5-9;osm-92-shkolnoe-otdelenie-22-litseya-;osm-92-shkolnoe-otdelenie-22-litseya--1;4;324
malaya-dmitrovka-5-9;shkola-1574;shkola-1574-1;6;477
malaya-dmitrovka-5-9;shkola-1234;shkola-1234-4;9;665
malaya-dmitrovka-5-9;osm-43-russkaya-klassicheskaya-gimnaz;osm-43-russkaya-klassicheskaya-gimnaz-1;12;901
malaya-dmitrovka-5-9;shkola-2054;shkola-2054-2;12;932
malaya-dmitrovka-5-9;shkola-1520-im-kaptsovyh;shkola-1520-im-kaptsovyh-2;13;996
malaya-dmitrovka-5-9;osm-646-shkola-1388;osm-646-shkola-1388-1;14;1015
malaya-dmitrovka-5-9;osm-360-tsentr-obrazovaniya-1441-bronn;osm-360-tsentr-obrazovaniya-1441-bronn-1;15;1101
malaya-dmitrovka-5-9;litsey-niu-vshe;litsey-niu-vshe-1;15;1145
malaya-dmitrovka-5-9;osm-569-shkola-110;osm-569-shkola-110-1;18;1319
malaya-dmitrovka-5-9;osm-583-shkola-123;osm-583-shkola-123-1;20;1516
malaya-dmitrovka-5-9;shkola-179;shkola-179-1;20;1518
malaya-dmitrovka-5-9;shkola-1950;shkola-1950-2;21;1558
malaya-dmitrovka-5-9;shkola-2123-im-migelya-ernandesa;shkola-2123-im-migelya-ernandesa-1;23;1731
malaya-dmitrovka-5-9;shkola-1501;shkola-1501-1;24;1786
malaya-dmitrovka-5-9;osm-563-shkola-1239;osm-563-shkola-1239-1;24;1787
malaya-dmitrovka-5-9;shkola-91;shkola-91-1;26;1987
malaya-dmitrovka-5-9;osm-642-tsentr-obrazovaniya-1447;osm-642-tsentr-obrazovaniya-1447-1;27;2023
malaya-dmitrovka-5-9;romanovskaya-shkola;romanovskaya-shkola-1;28;2090
malaya-dmitrovka-5-9;pushkinskaya-shkola-1500;pushkinskaya-shkola-1500-2;28;2106
malaya-dmitrovka-5-9;shkola-1540;shkola-1540-1;29;2140
malaya-dmitrovka-5-9;shkola-algoritm;shkola-algoritm-1;29;2154
malaya-dmitrovka-5-9;shkola-2107;shkola-2107-5;29;2167
malaya-nikitskaya-29-31;osm-563-shkola-1239;osm-563-shkola-1239-1;4;291
malaya-nikitskaya-29-31;shkola-1234;shkola-1234-3;7;535
malaya-nikitskaya-29-31;shkola-2123-im-migelya-ernandesa;shkola-2123-im-migelya-ernandesa-1;9;645
malaya-nikitskaya-29-31;osm-569-shkola-110;osm-569-shkola-110-1;11;838
malaya-nikitskaya-29-31;shkola-91;shkola-91-1;13;1000
malaya-nikitskaya-29-31;osm-583-shkola-123;osm-583-shkola-123-1;15;1088
malaya-nikitskaya-29-31;shkola-1520-im-kaptsovyh;shkola-1520-im-kaptsovyh-1;15;1090
malaya-nikitskaya-29-31;osm-360-tsentr-obrazovaniya-1441-bronn;osm-360-tsentr-obrazovaniya-1441-bronn-1;15;1137
malaya-nikitskaya-29-31;shkola-1950;shkola-1950-1;15;1150
malaya-nikitskaya-29-31;osm-36-shkola-viktoriya;osm-36-shkola-viktoriya-1;18;1373
malaya-nikitskaya-29-31;osm-568-pushkinskaya-gimnaziya-na-pres;osm-568-pushkinskaya-gimnaziya-na-pres-1;19;1429
malaya-nikitskaya-29-31;shkola-1231-im-v-d-polenova;shkola-1231-im-v-d-polenova-3;20;1486
malaya-nikitskaya-29-31;osm-586-moskovskaya-ekonomicheskaya-sh;osm-586-moskovskaya-ekonomicheskaya-sh-1;22;1656
malaya-nikitskaya-29-31;osm-21-shkola-1113;osm-21-shkola-1113-2;23;1761
malaya-nikitskaya-29-31;shkola-1241-na-krasnoy-presne;shkola-1241-na-krasnoy-presne-1;23;1762
malaya-nikitskaya-29-31;shkola-1574;shkola-1574-1;24;1775
malaya-nikitskaya-29-31;osm-34-shkola-1331-molodaya-iveriya;osm-34-shkola-1331-molodaya-iveriya-1;24;1827
malaya-nikitskaya-29-31;shkola-1529-imeni-a-s-griboedova;shkola-1529-imeni-a-s-griboedova-3;26;1919
malaya-nikitskaya-29-31;romanovskaya-shkola;romanovskaya-shkola-1;26;1957
malaya-nikitskaya-29-31;pyatdesyat-sedmaya-shkola;pyatdesyat-sedmaya-shkola-3;27;2056
malaya-nikitskaya-29-31;osm-92-shkolnoe-otdelenie-22-litseya-;osm-92-shkolnoe-otdelenie-22-litseya--1;29;2140
malaya-nikitskaya-29-31;shkola-179;shkola-179-1;29;2160
malaya-ordynka-14;osm-331-elizavetinskaya-gimnaziya;osm-331-elizavetinskaya-gimnaziya-1;3;247
malaya-ordynka-14;shkola-627-im-d-d-lelyushenko;shkola-627-im-d-d-lelyushenko-2;6;480
malaya-ordynka-14;shkola-1799;shkola-1799-4;9;702
malaya-ordynka-14;osm-525-shkola-1323;osm-525-shkola-1323-1;10;734
malaya-ordynka-14;shkola-1259;shkola-1259-1;14;1015
malaya-ordynka-14;osm-648-frantsuzskiy-litsey-im-aleksan;osm-648-frantsuzskiy-litsey-im-aleksan-1;14;1015
malaya-ordynka-14;osm-571-shkola-1262;osm-571-shkola-1262-1;15;1094
malaya-ordynka-14;osm-567-pirogovskaya-shkola;osm-567-pirogovskaya-shkola-1;18;1326
malaya-ordynka-14;osm-672-shkola-518;osm-672-shkola-518-1;20;1479
malaya-ordynka-14;ekonomicheskiy-litsey-reu-im-g-v-plehanova;ekonomicheskiy-litsey-reu-im-g-v-plehanova-1;20;1497
malaya-ordynka-14;osm-544-shkola-553;osm-544-shkola-553-1;21;1577
malaya-polyanka-3;shkola-1799;shkola-1799-4;2;170
malaya-polyanka-3;osm-648-frantsuzskiy-litsey-im-aleksan;osm-648-frantsuzskiy-litsey-im-aleksan-1;4;334
malaya-polyanka-3;shkola-627-im-d-d-lelyushenko;shkola-627-im-d-d-lelyushenko-2;6;441
malaya-polyanka-3;osm-567-pirogovskaya-shkola;osm-567-pirogovskaya-shkola-1;8;612
malaya-polyanka-3;osm-331-elizavetinskaya-gimnaziya;osm-331-elizavetinskaya-gimnaziya-1;9;685
malaya-polyanka-3;osm-571-shkola-1262;osm-571-shkola-1262-1;11;817
malaya-polyanka-3;osm-525-shkola-1323;osm-525-shkola-1323-1;18;1318
malaya-polyanka-3;shkola-1259;shkola-1259-1;19;1399
malaya-polyanka-3;osm-544-shkola-553;osm-544-shkola-553-1;22;1623
malaya-polyanka-3;ekonomicheskiy-litsey-reu-im-g-v-plehanova;ekonomicheskiy-litsey-reu-im-g-v-plehanova-1;22;1631
malaya-polyanka-3;shkola-1529-imeni-a-s-griboedova;shkola-1529-imeni-a-s-griboedova-2;26;1932
malaya-polyanka-3;chastnaya-shkola-zolotoe-sechenie;chastnaya-shkola-zolotoe-sechenie-2;28;2090
malaya-polyanka-3;pyatdesyat-sedmaya-shkola;pyatdesyat-sedmaya-shkola-3;28;2110
malaya-polyanka-3;osm-672-shkola-518;osm-672-shkola-518-1;29;2169
malaya-polyanka-3;shkola-1253;shkola-1253-2;30;2224
malaya-polyanka-3;osm-37-svyato-dimitrievskaya-shkola;osm-37-svyato-dimitrievskaya-shkola-1;30;2242
mangazeya-na-rechnom;cambridge-international-school-cis;cambridge-international-school-cis-1;10;735
mangazeya-na-rechnom;shkola-167-im-l-a-govorova;shkola-167-im-l-a-govorova-1;19;1429
mangazeya-na-rechnom;shkola-1315;shkola-1315-2;25;1879
mangazeya-na-rechnom;shkola-158;shkola-158-2;25;1905
mariinn-park;osm-467-shkola-237;osm-467-shkola-237-1;5;380
mariinn-park;osm-441-shkola-1956;osm-441-shkola-1956-1;11;810
mariinn-park;shkola-marina-roscha-im-v-f-orlova;shkola-marina-roscha-im-v-f-orlova-2;13;1009
mariinn-park;osm-436-shkola-259;osm-436-shkola-259-1;15;1124
mariinn-park;shkola-tsentra-pedagogicheskogo-masterstva-tspm;shkola-tsentra-pedagogicheskogo-masterstva-tspm-1;20;1465
mariinn-park;osm-428-gimnaziya-1572;osm-428-gimnaziya-1572-1;20;1536
mariinn-park;shkola-1501;shkola-1501-2;23;1731
mariinn-park;osm-433-shkola-internat-35;osm-433-shkola-internat-35-1;26;1982
mariinn-park;osm-674-shkola-1275;osm-674-shkola-1275-1;26;1982
mariinn-park;shkola-2107;shkola-2107-2;29;2211
mark;osm-585-shkola-548-tsaritsyno;osm-585-shkola-548-tsaritsyno-1;11;842
mark;shkola-547;shkola-547-2;26;1918
mark;osm-501-shkola-494-im;osm-501-shkola-494-im-1;27;2028
maslovo-forest-club;lomonosovskaya-shkola-pansion-5;lomonosovskaya-shkola-pansion-5-1;12;884
masters;shkola-1287;shkola-1287-1;3;214
masters;shkola-1384;shkola-1384-3;5;377
masters;osm-52-shkola-90;osm-52-shkola-90-1;8;576
masters;shkola-1249;shkola-1249-1;13;985
masters;litsey-finansovogo-universiteta;litsey-finansovogo-universiteta-1;14;1019
masters;shkola-1251-im-sharlya-de-gollya;shkola-1251-im-sharlya-de-gollya-1;16;1221
masters;shkola-152;shkola-152-3;17;1244
masters;shkola-1575;shkola-1575-2;20;1519
masters;shkola-tehnologii-obucheniya;shkola-tehnologii-obucheniya-2;23;1717
masters;novaya-gumanitarnaya-shkola;novaya-gumanitarnaya-shkola-1;24;1799
masters;inzhenerno-tehnicheskaya-shkola-im-p-r-popovicha;inzhenerno-tehnicheskaya-shkola-im-p-r-popovicha-2;25;1843
masters;osm-402-shkola-684;osm-402-shkola-684-1;25;1845
masters;shkola-1252-im-servantesa;shkola-1252-im-servantesa-2;25;1859
masters;shkola-1409;shkola-1409-2;26;1916
masters;osm-401-tsentr-obrazovaniya-1865;osm-401-tsentr-obrazovaniya-1865-1;26;1952
masters;kurchatovskaya-shkola;kurchatovskaya-shkola-3;28;2111
masters;shkola-internat-2;shkola-internat-2-1;29;2147
matveevskiy-park;shkola-2025;shkola-2025-1;29;2146
metropoliya;osm-167-internat-4;osm-167-internat-4-1;20;1514
metropoliya;osm-48-shkola-467;osm-48-shkola-467-1;25;1895
metropoliya;shkola-im-v-v-mayakovskogo;shkola-im-v-v-mayakovskogo-2;26;1915
metropoliya;osm-432-gbou-sosh-480;osm-432-gbou-sosh-480-1;26;1941
metropoliya;osm-355-shkola-462;osm-355-shkola-462-1;27;1997
metropoliya;osm-229-shkola-500;osm-229-shkola-500-1;27;2034
metropoliya;osm-628-shkola-480-im;osm-628-shkola-480-im-1;28;2133
michurinskiy-park;shkola-1741;shkola-1741-1;19;1439
michurinskiy-park;shkola-2025;shkola-2025-2;20;1509
michurinskiy-park;shkola-843;shkola-843-1;22;1630
michurinskiy-park;shkola-1347;shkola-1347-1;27;2030
michurinskiy-park;shkola-1329;shkola-1329-2;28;2134
mikhalkovskiy;osm-51-shkola-90-im;osm-51-shkola-90-im-1;13;956
mikhalkovskiy;osm-555-shkola-727;osm-555-shkola-727-1;14;1067
mikhalkovskiy;shkola-1223;shkola-1223-1;14;1076
mikhalkovskiy;osm-656-shkola-215;osm-656-shkola-215-1;15;1117
mikhalkovskiy;srednyaya-shkola-znayka;srednyaya-shkola-znayka-1;18;1368
mikhalkovskiy;shkola-224;shkola-224-3;19;1409
mikhalkovskiy;shkola-1576;shkola-1576-4;20;1519
mikhalkovskiy;shkola-185-im-v-s-grizodubovoy;shkola-185-im-v-s-grizodubovoy-1;22;1660
mikhalkovskiy;shkola-1583-im-k-a-kerimova;shkola-1583-im-k-a-kerimova-1;23;1706
mikhalkovskiy;osm-353-shkola-225;osm-353-shkola-225-1;27;2047
mikhalkovskiy;britanskaya-mezhdunarodnaya-shkola-bis;britanskaya-mezhdunarodnaya-shkola-bis-4;29;2203
mira;shkola-1531-im-s-k-godovikova;shkola-1531-im-s-k-godovikova-1;3;259
mira;shkola-1518;shkola-1518-2;8;587
mira;osm-378-shkola-308;osm-378-shkola-308-1;8;615
mira;osm-272-shkola-potentsial;osm-272-shkola-potentsial-1;9;660
mira;shkola-1539;shkola-1539-1;10;754
mira;pervyy-moskovskiy-obrazovatelnyy-kompleks;pervyy-moskovskiy-obrazovatelnyy-kompleks-2;11;836
mira;shkola-internat-1;shkola-internat-1-1;13;963
mira;osm-435-gimnaziya-mgups;osm-435-gimnaziya-mgups-1;15;1151
mira;osm-309-tsentr-obrazovaniya-1470;osm-309-tsentr-obrazovaniya-1470-1;17;1312
mira;shkola-293-im-a-t-tvardovskogo;shkola-293-im-a-t-tvardovskogo-2;18;1323
mira;osm-483-shkola-1220;osm-483-shkola-1220-1;18;1339
mira;osm-566-shkola-304;osm-566-shkola-304-1;20;1487
mira;osm-280-shkola-1503;osm-280-shkola-1503-3;22;1649
mira;osm-599-shkola-venda;osm-599-shkola-venda-1;23;1713
mirapolis;shkola-1499-im-i-a-dokukina;shkola-1499-im-i-a-dokukina-2;14;1066
mirapolis;osm-345-shkola-352;osm-345-shkola-352-1;16;1199
mirapolis;pervyy-moskovskiy-obrazovatelnyy-kompleks;pervyy-moskovskiy-obrazovatelnyy-kompleks-4;24;1779
mirapolis;shkola-sviblovo;shkola-sviblovo-1;28;2069
mm22;osm-280-shkola-1503;osm-280-shkola-1503-3;4;271
mm22;osm-309-tsentr-obrazovaniya-1470;osm-309-tsentr-obrazovaniya-1470-1;9;709
mm22;shkola-internat-1;shkola-internat-1-1;12;894
mm22;shkola-1539;shkola-1539-1;13;943
mm22;osm-378-shkola-308;osm-378-shkola-308-1;13;977
mm22;osm-272-shkola-potentsial;osm-272-shkola-potentsial-1;17;1242
mm22;osm-435-gimnaziya-mgups;osm-435-gimnaziya-mgups-1;17;1310
mm22;shkola-293-im-a-t-tvardovskogo;shkola-293-im-a-t-tvardovskogo-2;18;1383
mm22;shkola-1518;shkola-1518-2;22;1653
mm22;shkola-1531-im-s-k-godovikova;shkola-1531-im-s-k-godovikova-1;23;1704
mm22;osm-566-shkola-304;osm-566-shkola-304-1;24;1800
mm22;pervyy-moskovskiy-obrazovatelnyy-kompleks;pervyy-moskovskiy-obrazovatelnyy-kompleks-2;27;2019
mm22;osm-483-shkola-1220;osm-483-shkola-1220-1;28;2098
mod;shkola-marina-roscha-im-v-f-orlova;shkola-marina-roscha-im-v-f-orlova-2;6;474
mod;osm-467-shkola-237;osm-467-shkola-237-1;11;818
mod;shkola-tsentra-pedagogicheskogo-masterstva-tspm;shkola-tsentra-pedagogicheskogo-masterstva-tspm-1;13;955
mod;shkola-2107;shkola-2107-2;20;1485
mod;osm-441-shkola-1956;osm-441-shkola-1956-1;20;1522
mod;osm-436-shkola-259;osm-436-shkola-259-1;21;1601
mod;osm-597-shkola-1297;osm-597-shkola-1297-2;23;1695
mod;osm-428-gimnaziya-1572;osm-428-gimnaziya-1572-1;26;1921
mod;shkola-1501;shkola-1501-2;28;2132
molodogvardeyskaya-54;osm-50-tsentr-vneshkolnoy-raboty-sine;osm-50-tsentr-vneshkolnoy-raboty-sine-1;6;461
molodogvardeyskaya-54;shkola-1293;shkola-1293-1;8;632
molodogvardeyskaya-54;shkola-64;shkola-64-1;18;1329
molodogvardeyskaya-54;osm-104-shkola-749;osm-104-shkola-749-1;18;1380
molodogvardeyskaya-54;osm-260-kadetskaya-shkola-internat-11;osm-260-kadetskaya-shkola-internat-11-1;19;1410
molodogvardeyskaya-54;shkola-806;shkola-806-2;25;1858
molodogvardeyskaya-54;osm-341-shkola-659;osm-341-shkola-659-1;26;1914
moments;osm-660-shkola-yuvenes-nachalnye-klass;osm-660-shkola-yuvenes-nachalnye-klass-1;14;1081
moments;kurchatovskaya-shkola;kurchatovskaya-shkola-5;16;1200
moments;shkola-1252-im-servantesa;shkola-1252-im-servantesa-1;19;1419
moments;osm-406-shkola-2099;osm-406-shkola-2099-1;21;1558
moments;shkola-1874;shkola-1874-2;22;1663
moments;osm-187-tsentr-obrazovaniya-1854;osm-187-tsentr-obrazovaniya-1854-1;23;1742
moments;shkola-830;shkola-830-1;23;1760
moments;mezhdunarodnaya-shkola-integratsiya-xxi-vek;mezhdunarodnaya-shkola-integratsiya-xxi-vek-2;25;1869
moments;osm-374-shkola-149-imeni-geroya-sovets;osm-374-shkola-149-imeni-geroya-sovets-1;25;1890
moments;osm-524-shkola-717;osm-524-shkola-717-1;28;2096
moments;shkola-1212-schukino;shkola-1212-schukino-1;28;2128
monblan;shkola-627-im-d-d-lelyushenko;shkola-627-im-d-d-lelyushenko-4;11;793
monblan;shkola-1259;shkola-1259-1;14;1024
monblan;ekonomicheskiy-litsey-reu-im-g-v-plehanova;ekonomicheskiy-litsey-reu-im-g-v-plehanova-1;17;1287
monblan;osm-497-shkola-498;osm-497-shkola-498-1;19;1413
monblan;osm-543-internat-tretiy-moskovskiy-kad;osm-543-internat-tretiy-moskovskiy-kad-1;19;1459
monblan;shkola-1553-im-v-i-vernadskogo;shkola-1553-im-v-i-vernadskogo-1;20;1502
monblan;osm-571-shkola-1262;osm-571-shkola-1262-1;22;1659
monblan;osm-637-shkola-1271;osm-637-shkola-1271-1;23;1751
monblan;osm-672-shkola-518;osm-672-shkola-518-1;24;1772
monblan;shkola-1270-vektor;shkola-1270-vektor-1;24;1776
monblan;osm-544-shkola-553;osm-544-shkola-553-1;25;1839
monblan;shkola-im-v-v-mayakovskogo;shkola-im-v-v-mayakovskogo-1;26;1923
monblan;shkola-2104-na-taganke;shkola-2104-na-taganke-1;26;1981
monblan;osm-331-elizavetinskaya-gimnaziya;osm-331-elizavetinskaya-gimnaziya-1;27;1998
monblan;osm-496-spetsshkola-486;osm-496-spetsshkola-486-1;27;2026
monblan;shkola-sotrudnichestva;shkola-sotrudnichestva-1;28;2074
monblan;osm-648-frantsuzskiy-litsey-im-aleksan;osm-648-frantsuzskiy-litsey-im-aleksan-1;28;2125
monblan;osm-525-shkola-1323;osm-525-shkola-1323-1;29;2151
monodom-lake;osm-555-shkola-727;osm-555-shkola-727-1;14;1053
monodom-lake;osm-51-shkola-90-im;osm-51-shkola-90-im-1;17;1278
monodom-lake;shkola-224;shkola-224-3;18;1340
monodom-lake;shkola-1583-im-k-a-kerimova;shkola-1583-im-k-a-kerimova-1;18;1383
monodom-lake;shkola-1223;shkola-1223-1;19;1398
monodom-lake;osm-656-shkola-215;osm-656-shkola-215-1;19;1454
monodom-lake;srednyaya-shkola-znayka;srednyaya-shkola-znayka-1;23;1691
monodom-lake;shkola-1576;shkola-1576-4;25;1842
monodom-lake;shkola-185-im-v-s-grizodubovoy;shkola-185-im-v-s-grizodubovoy-1;26;1982
moskvoreche;osm-572-litsey-1511;osm-572-litsey-1511-1;12;895
moskvoreche;shkola-1579;shkola-1579-2;12;926
moskvoreche;osm-116-shkola-2000;osm-116-shkola-2000-2;24;1767
moskvoreche;osm-518-shkola-511;osm-518-shkola-511-1;26;1927
moskvoreche;osm-96-shkola-1640;osm-96-shkola-1640-1;30;2228
muza;shkola-1601-im-e-k-lyutikova;shkola-1601-im-e-k-lyutikova-5;5;389
muza;osm-602-gimnaziya-svet;osm-602-gimnaziya-svet-1;7;545
muza;shkola-1575;shkola-1575-1;9;702
muza;osm-596-petrovskaya-shkola;osm-596-petrovskaya-shkola-1;11;818
muza;shkola-152;shkola-152-1;11;847
muza;inzhenerno-tehnicheskaya-shkola-im-p-r-popovicha;inzhenerno-tehnicheskaya-shkola-im-p-r-popovicha-1;14;1050
muza;shkola-tehnologii-obucheniya;shkola-tehnologii-obucheniya-2;14;1053
muza;novaya-gumanitarnaya-shkola;novaya-gumanitarnaya-shkola-1;15;1145
muza;osm-562-shkola-1164;osm-562-shkola-1164-2;21;1548
muza;shkola-218;shkola-218-1;22;1617
muza;shkola-1409;shkola-1409-2;24;1801
muza;osm-447-litsey-1550;osm-447-litsey-1550-2;25;1907
muza;shkola-internat-2;shkola-internat-2-1;26;1981
muza;shkola-1570;shkola-1570-1;27;2061
muza;shkola-1454-timiryazevskaya;shkola-1454-timiryazevskaya-1;28;2128
mypriority-mnevniki;shkola-1515;shkola-1515-1;2;187
mypriority-mnevniki;shkola-138;shkola-138-3;11;825
mypriority-mnevniki;shkola-1560-lider;shkola-1560-lider-2;11;840
mypriority-mnevniki;shkola-1522-im-v-i-churkina;shkola-1522-im-v-i-churkina-1;13;980
mypriority-mnevniki;horoshevskaya-shkola-horoshkola;horoshevskaya-shkola-horoshkola-1;15;1159
mypriority-mnevniki;osm-511-horoshevskaya-progimnaziya;osm-511-horoshevskaya-progimnaziya-1;17;1246
mypriority-mnevniki;shkola-1517;shkola-1517-3;17;1259
mypriority-mnevniki;osm-453-gbou-sosh-shkola-1010-korpus-3;osm-453-gbou-sosh-shkola-1010-korpus-3-1;17;1293
mypriority-mnevniki;kurchatovskaya-shkola;kurchatovskaya-shkola-2;23;1719
na-kutuzovskom-prospekte-36;shkola-67;shkola-67-3;2;170
na-kutuzovskom-prospekte-36;osm-326-shkola-1232;osm-326-shkola-1232-1;19;1388
na-kutuzovskom-prospekte-36;obrazovatelnyy-tsentr-proton;obrazovatelnyy-tsentr-proton-2;22;1686
na-kutuzovskom-prospekte-36;shkola-integral;shkola-integral-1;23;1693
na-kutuzovskom-prospekte-36;osm-157-shkola-1465-imeni-admirala-n;osm-157-shkola-1465-imeni-admirala-n-3;24;1805
na-kutuzovskom-prospekte-36;shkola-56-imeni-akademika-v-a-legasova;shkola-56-imeni-akademika-v-a-legasova-1;24;1837
na-kutuzovskom-prospekte-36;osm-570-shkola-590;osm-570-shkola-590-1;28;2104
na-kutuzovskom-prospekte-36;shkola-tehnologii-obucheniya;shkola-tehnologii-obucheniya-1;29;2173
nachalo;shkola-2030;shkola-2030-1;7;516
nachalo;osm-612-shkola-2055;osm-612-shkola-2055-1;10;769
nachalo;shkola-1241-na-krasnoy-presne;shkola-1241-na-krasnoy-presne-2;16;1191
nachalo;osm-545-shkola-340;osm-545-shkola-340-1;16;1235
nachalo;osm-586-moskovskaya-ekonomicheskaya-sh;osm-586-moskovskaya-ekonomicheskaya-sh-1;19;1393
nachalo;osm-568-pushkinskaya-gimnaziya-na-pres;osm-568-pushkinskaya-gimnaziya-na-pres-1;22;1649
nachalo;osm-36-shkola-viktoriya;osm-36-shkola-viktoriya-1;24;1834
nachalo;romanovskaya-shkola;romanovskaya-shkola-5;28;2082
nagatino-ay-lend;shkola-463-im-d-n-medvedeva;shkola-463-im-d-n-medvedeva-4;17;1290
nagatino-ay-lend;osm-501-shkola-494-im;osm-501-shkola-494-im-1;20;1471
nagatino-ay-lend;shkola-1272;shkola-1272-1;24;1792
nagatino-ay-lend;shkola-2129-im-p-i-romanova;shkola-2129-im-p-i-romanova-4;28;2102
nagatino-ay-lend;osm-585-shkola-548-tsaritsyno;osm-585-shkola-548-tsaritsyno-1;28;2129
nametkin-tauer;shkola-1948-lingvist-m;shkola-1948-lingvist-m-2;8;592
nametkin-tauer;osm-255-obrazovatelnyy-tsentr-gazprom;osm-255-obrazovatelnyy-tsentr-gazprom-1;9;708
nametkin-tauer;shkola-15;shkola-15-3;16;1221
nametkin-tauer;shkola-nika;shkola-nika-2;16;1221
nametkin-tauer;shkola-121;shkola-121-1;17;1312
nametkin-tauer;tssio-mesh-moskovskaya-eksperimentalnaya-shkola;tssio-mesh-moskovskaya-eksperimentalnaya-shkola-1;18;1322
nametkin-tauer;shkola-2115;shkola-2115-1;18;1365
nametkin-tauer;osm-196-nou-razvitie-shkola-kompensiru;osm-196-nou-razvitie-shkola-kompensiru-1;22;1630
nametkin-tauer;osm-218-shkola-1379;osm-218-shkola-1379-1;23;1729
nametkin-tauer;osm-158-shkola-1100;osm-158-shkola-1100-1;24;1774
nametkin-tauer;shkola-117;shkola-117-3;25;1877
nametkin-tauer;osm-175-shkola-feniks;osm-175-shkola-feniks-1;25;1905
nametkin-tauer;shkola-1205;shkola-1205-1;26;1917
nametkin-tauer;osm-60-spetsialnaya-shkola-3;osm-60-spetsialnaya-shkola-3-1;27;2019
nametkin-tauer;osm-70-shkola-internat-61;osm-70-shkola-internat-61-1;27;2040
nametkin-tauer;osm-611-shkola-538-imeni-s;osm-611-shkola-538-imeni-s-3;27;2040
nametkin-tauer;shkola-554;shkola-554-1;27;2048
nametkin-tauer;britanskaya-mezhdunarodnaya-shkola-bis;britanskaya-mezhdunarodnaya-shkola-bis-2;28;2064
nametkin-tauer;shkola-1514;shkola-1514-2;28;2137
nametkin-tauer;osm-485-shkola-1361;osm-485-shkola-1361-1;30;2224
narvin;shkola-224;shkola-224-2;7;510
narvin;shkola-1583-im-k-a-kerimova;shkola-1583-im-k-a-kerimova-1;12;922
narvin;shkola-1315;shkola-1315-2;13;999
narvin;shkola-1250;shkola-1250-1;22;1673
narvin;osm-555-shkola-727;osm-555-shkola-727-1;26;1976
narvin;cambridge-international-school-cis;cambridge-international-school-cis-1;30;2223
nativ;klassicheskiy-pansion-mgu;klassicheskiy-pansion-mgu-2;14;1064
nativ;shkola-814;shkola-814-4;20;1517
nativ;shkola-97;shkola-97-1;29;2178
nays-loft;osm-649-kadetskaya-shkola-1785;osm-649-kadetskaya-shkola-1785-1;17;1297
nays-loft;osm-628-shkola-480-im;osm-628-shkola-480-im-1;18;1325
nays-loft;osm-432-gbou-sosh-480;osm-432-gbou-sosh-480-1;22;1623
nays-loft;osm-671-shkola-88;osm-671-shkola-88-1;22;1648
nays-loft;shkola-1468;shkola-1468-1;26;1934
nays-loft;osm-167-internat-4;osm-167-internat-4-1;26;1940
nays-loft;osm-215-rogozhskaya-drevlepravoslavnay;osm-215-rogozhskaya-drevlepravoslavnay-1;27;2019
nays-loft;osm-361-shkola-1216;osm-361-shkola-1216-1;28;2093
nays-loft;osm-214-shkola-459;osm-214-shkola-459-1;28;2094
nays-loft;osm-546-shkola-1221;osm-546-shkola-1221-1;29;2144
nays-loft;shkola-1222-im-i-h-bagramyana;shkola-1222-im-i-h-bagramyana-1;29;2187
nays-loft;osm-48-shkola-467;osm-48-shkola-467-1;30;2247
nazare;osm-394-shkola-365;osm-394-shkola-365-1;9;663
nazare;osm-381-shkola-362;osm-381-shkola-362-1;9;665
nazare;osm-38-shkola-370-im;osm-38-shkola-370-im-1;12;935
nazare;osm-380-shkola-318;osm-380-shkola-318-1;14;1049
nazare;osm-395-shkola-442;osm-395-shkola-442-1;15;1097
nazare;shkola-1080;shkola-1080-1;19;1436
nazare;osm-305-shkola-390;osm-305-shkola-390-1;21;1574
nazare;shkola-1797-bogorodskaya;shkola-1797-bogorodskaya-1;23;1747
nazare;shkola-1505-preobrazhenskaya;shkola-1505-preobrazhenskaya-4;23;1759
nazare;osm-426-shkola-1035;osm-426-shkola-1035-1;25;1850
nazare;shkola-1360;shkola-1360-1;28;2086
nazare;osm-437-shkola-363;osm-437-shkola-363-1;28;2120
nazare;osm-136-shkola-internat-5-preobrazhens;osm-136-shkola-internat-5-preobrazhens-1;29;2177
neva-towers;romanovskaya-shkola;romanovskaya-shkola-4;14;1048
neva-towers;osm-545-shkola-340;osm-545-shkola-340-1;15;1115
neva-towers;shkola-2048;shkola-2048-1;25;1853
neva-towers;osm-612-shkola-2055;osm-612-shkola-2055-1;26;1939
neva-towers;shkola-2030;shkola-2030-1;26;1963
nexus-by-akvilon;osm-341-shkola-659;osm-341-shkola-659-1;7;518
nexus-by-akvilon;shkola-1293;shkola-1293-2;11;812
nexus-by-akvilon;shkola-1584;shkola-1584-2;11;853
nexus-by-akvilon;shkola-64;shkola-64-1;13;963
nexus-by-akvilon;osm-519-shkola-1133;osm-519-shkola-1133-2;14;1078
nexus-by-akvilon;shkola-887;shkola-887-1;15;1092
nexus-by-akvilon;osm-260-kadetskaya-shkola-internat-11;osm-260-kadetskaya-shkola-internat-11-1;15;1098
nexus-by-akvilon;shkola-806;shkola-806-1;21;1585
nexus-by-akvilon;osm-50-tsentr-vneshkolnoy-raboty-sine;osm-50-tsentr-vneshkolnoy-raboty-sine-1;21;1596
nexus-by-akvilon;osm-104-shkola-749;osm-104-shkola-749-1;23;1740
nexus-by-akvilon;osm-540-shkola-63;osm-540-shkola-63-1;24;1823
nexus-by-akvilon;shkola-1440;shkola-1440-1;27;2038
nexus-by-akvilon;osm-147-shkola-808;osm-147-shkola-808-1;28;2069
nikitskiy-6;shkola-91;shkola-91-1;4;311
nikitskiy-6;shkola-1520-im-kaptsovyh;shkola-1520-im-kaptsovyh-1;8;593
nikitskiy-6;shkola-2123-im-migelya-ernandesa;shkola-2123-im-migelya-ernandesa-1;8;627
nikitskiy-6;osm-583-shkola-123;osm-583-shkola-123-1;10;770
nikitskiy-6;osm-569-shkola-110;osm-569-shkola-110-1;10;780
nikitskiy-6;shkola-1231-im-v-d-polenova;shkola-1231-im-v-d-polenova-5;11;802
nikitskiy-6;shkola-1234;shkola-1234-1;11;851
nikitskiy-6;pyatdesyat-sedmaya-shkola;pyatdesyat-sedmaya-shkola-3;12;884
nikitskiy-6;osm-34-shkola-1331-molodaya-iveriya;osm-34-shkola-1331-molodaya-iveriya-1;13;992
nikitskiy-6;shkola-1529-imeni-a-s-griboedova;shkola-1529-imeni-a-s-griboedova-3;14;1023
nikitskiy-6;osm-360-tsentr-obrazovaniya-1441-bronn;osm-360-tsentr-obrazovaniya-1441-bronn-1;16;1205
nikitskiy-6;osm-563-shkola-1239;osm-563-shkola-1239-1;19;1423
nikitskiy-6;shkola-179;shkola-179-1;22;1628
nikitskiy-6;preduniversitariy-mglu;preduniversitariy-mglu-1;26;1959
nikitskiy-6;shkola-1950;shkola-1950-2;27;2003
nikitskiy-6;osm-21-shkola-1113;osm-21-shkola-1113-2;27;2019
nikitskiy-6;shkola-1574;shkola-1574-1;28;2109
nikitskiy-6;shkola-2054;shkola-2054-2;28;2117
nikitskiy-6;litsey-ranhigs;litsey-ranhigs-2;28;2122
nikitskiy-6;osm-92-shkolnoe-otdelenie-22-litseya-;osm-92-shkolnoe-otdelenie-22-litseya--1;29;2146
nikitskiy-6;shkola-1799;shkola-1799-3;30;2248
nikol;shkola-179;shkola-179-1;14;1074
nikol;litsey-niu-vshe;litsey-niu-vshe-4;16;1228
nikol;osm-636-frantsuzskiy-litsey-im-a-dyuma;osm-636-frantsuzskiy-litsey-im-a-dyuma-1;17;1312
nikol;osm-368-svyato-vladimirskaya-shkola;osm-368-svyato-vladimirskaya-shkola-1;19;1458
nikol;shkola-2054;shkola-2054-2;21;1543
nikol;pushkinskaya-shkola-1500;pushkinskaya-shkola-1500-4;21;1554
nikol;shkola-algoritm;shkola-algoritm-1;21;1554
nikol;shkola-pokrovskiy-kvartal;shkola-pokrovskiy-kvartal-3;21;1607
nikol;osm-525-shkola-1323;osm-525-shkola-1323-1;22;1619
nikol;shkola-1799;shkola-1799-3;22;1654
nikol;shkola-1520-im-kaptsovyh;shkola-1520-im-kaptsovyh-1;24;1774
nikol;osm-583-shkola-123;osm-583-shkola-123-1;25;1890
nikol;pyatdesyat-sedmaya-shkola;pyatdesyat-sedmaya-shkola-3;27;1997
nikol;osm-114-shkola-vuz-sovremennoe-obrazov;osm-114-shkola-vuz-sovremennoe-obrazov-1;27;2041
nikol;osm-672-shkola-518;osm-672-shkola-518-1;27;2048
nikol;shkola-1284;shkola-1284-1;28;2096
nikol;osm-554-chastnaya-shkola-bnot-menahem;osm-554-chastnaya-shkola-bnot-menahem-1;28;2127
nikol;shkola-1234;shkola-1234-4;30;2229
nikol;osm-331-elizavetinskaya-gimnaziya;osm-331-elizavetinskaya-gimnaziya-1;30;2234
nikol;shkola-tsentra-pedagogicheskogo-masterstva-tspm;shkola-tsentra-pedagogicheskogo-masterstva-tspm-2;30;2238
nikol;osm-650-pravoslavnaya-svyato-petrovska;osm-650-pravoslavnaya-svyato-petrovska-1;30;2242
nizhegorodskaya-ot-granel;osm-410-shkola-internat-105;osm-410-shkola-internat-105-1;18;1321
nizhegorodskaya-ot-granel;osm-591-shkola-439-intellekt;osm-591-shkola-439-intellekt-2;18;1325
nizhegorodskaya-ot-granel;osm-152-shkola-489;osm-152-shkola-489-1;18;1380
nizhegorodskaya-ot-granel;osm-153-shkola-841;osm-153-shkola-841-1;20;1463
nizhegorodskaya-ot-granel;osm-645-tatyaninskaya-shkola;osm-645-tatyaninskaya-shkola-1;22;1615
nizhegorodskaya-ot-granel;osm-613-tsentr-obrazovaniya-1699;osm-613-tsentr-obrazovaniya-1699-1;22;1628
nizhegorodskaya-ot-granel;shkola-1222-im-i-h-bagramyana;shkola-1222-im-i-h-bagramyana-2;22;1642
nizhegorodskaya-ot-granel;shkola-1367;shkola-1367-1;23;1709
nizhegorodskaya-ot-granel;osm-237-shkola-488;osm-237-shkola-488-1;25;1864
nizhegorodskaya-ot-granel;osm-236-shkola-1386;osm-236-shkola-1386-1;26;1944
nizhegorodskaya-ot-granel;shkola-777-im-e-v-mihaylova;shkola-777-im-e-v-mihaylova-4;29;2207
novaya-11;osm-216-litsey-1303;osm-216-litsey-1303-1;14;1021
novaya-11;osm-217-shkola-415;osm-217-shkola-415-1;15;1142
novaya-11;osm-191-shkola-1229;osm-191-shkola-1229-1;16;1207
novaya-11;osm-54-shkola-1321-kovcheg;osm-54-shkola-1321-kovcheg-1;16;1233
novaya-11;shkola-sodruzhestvo;shkola-sodruzhestvo-3;20;1465
novaya-11;shkola-354-im-d-m-karbysheva;shkola-354-im-d-m-karbysheva-2;23;1726
novaya-11;osm-549-tsentr-obrazovaniya-1480;osm-549-tsentr-obrazovaniya-1480-2;24;1810
novaya-11;osm-643-shkola-1203;osm-643-shkola-1203-1;26;1916
novaya-11;inzhenernaya-shkola-1581;inzhenernaya-shkola-1581-2;26;1985
novaya-11;osm-592-shkola-457;osm-592-shkola-457-1;28;2078
novaya-11;shkola-sotrudnichestva;shkola-sotrudnichestva-2;28;2087
novaya-11;osm-609-shkola-1247;osm-609-shkola-1247-1;28;2120
novaya-11;shkola-1270-vektor;shkola-1270-vektor-2;30;2222
novaya-11;shkola-2104-na-taganke;shkola-2104-na-taganke-3;30;2228
novye-akademiki;osm-111-shkola-1280;osm-111-shkola-1280-1;4;264
novye-akademiki;osm-500-shkola-im-hinksona;osm-500-shkola-im-hinksona-1;4;283
novye-akademiki;osm-112-litsey-im-sofi-nyuberg;osm-112-litsey-im-sofi-nyuberg-1;6;413
novye-akademiki;britanskaya-mezhdunarodnaya-shkola-bis;britanskaya-mezhdunarodnaya-shkola-bis-2;7;561
novye-akademiki;osm-70-shkola-internat-61;osm-70-shkola-internat-61-1;8;636
novye-akademiki;osm-60-spetsialnaya-shkola-3;osm-60-spetsialnaya-shkola-3-1;9;692
novye-akademiki;shkola-2115;shkola-2115-3;13;983
novye-akademiki;shkola-626-im-n-i-sats;shkola-626-im-n-i-sats-1;13;993
novye-akademiki;akademicheskaya-shkola-1534;akademicheskaya-shkola-1534-1;14;1052
novye-akademiki;osm-196-nou-razvitie-shkola-kompensiru;osm-196-nou-razvitie-shkola-kompensiru-1;17;1278
novye-akademiki;osm-175-shkola-feniks;osm-175-shkola-feniks-1;18;1336
novye-akademiki;osm-603-shkola-517;osm-603-shkola-517-1;18;1360
novye-akademiki;osm-664-internat-56;osm-664-internat-56-1;20;1534
novye-akademiki;shkola-1533-lit;shkola-1533-lit-1;21;1557
novye-akademiki;osm-588-shkola-568;osm-588-shkola-568-1;21;1606
novye-akademiki;shkola-15;shkola-15-2;23;1758
novye-akademiki;shkola-45-im-l-i-milgrama;shkola-45-im-l-i-milgrama-2;24;1796
novye-akademiki;shkola-1205;shkola-1205-1;24;1801
novye-akademiki;osm-322-shkola-104;osm-322-shkola-104-1;24;1811
novye-akademiki;osm-617-shkola-522;osm-617-shkola-522-1;25;1878
novye-akademiki;shkola-554;shkola-554-2;26;1916
novye-akademiki;shkola-1948-lingvist-m;shkola-1948-lingvist-m-1;27;1996
novye-akademiki;osm-558-shkola-541;osm-558-shkola-541-1;28;2073
novye-akademiki;shkola-1279-evrika;shkola-1279-evrika-2;28;2110
novye-akademiki;shkola-625;shkola-625-2;29;2191
obrucheva-30;osm-59-shkola-115;osm-59-shkola-115-1;12;902
obrucheva-30;osm-158-shkola-1100;osm-158-shkola-1100-1;13;1011
obrucheva-30;shkola-170-im-a-p-chehova;shkola-170-im-a-p-chehova-1;16;1204
obrucheva-30;shkola-1514;shkola-1514-3;18;1323
obrucheva-30;osm-593-shkola-46;osm-593-shkola-46-1;18;1361
obrucheva-30;osm-118-shkola-49;osm-118-shkola-49-2;25;1845
obrucheva-30;shkola-117;shkola-117-3;27;1996
obrucheva-30;osm-230-kadetskaya-shkola-internat-69;osm-230-kadetskaya-shkola-internat-69-1;27;2021
obrucheva-30;osm-231-shkola-internat-62;osm-231-shkola-internat-62-1;27;2043
obrucheva-30;shkola-1541;shkola-1541-1;29;2141
obydenskiy-1;shkola-1529-imeni-a-s-griboedova;shkola-1529-imeni-a-s-griboedova-4;2;167
obydenskiy-1;shkola-1231-im-v-d-polenova;shkola-1231-im-v-d-polenova-4;7;546
obydenskiy-1;litsey-ranhigs;litsey-ranhigs-2;10;727
obydenskiy-1;preduniversitariy-mglu;preduniversitariy-mglu-1;12;892
obydenskiy-1;pyatdesyat-sedmaya-shkola;pyatdesyat-sedmaya-shkola-3;13;959
obydenskiy-1;osm-34-shkola-1331-molodaya-iveriya;osm-34-shkola-1331-molodaya-iveriya-1;13;1009
obydenskiy-1;shkola-1253;shkola-1253-2;19;1459
obydenskiy-1;shkola-1799;shkola-1799-3;22;1616
obydenskiy-1;shkola-91;shkola-91-1;22;1671
obydenskiy-1;osm-567-pirogovskaya-shkola;osm-567-pirogovskaya-shkola-1;23;1720
obydenskiy-1;shkola-1234;shkola-1234-1;26;1920
obydenskiy-1;shkola-1520-im-kaptsovyh;shkola-1520-im-kaptsovyh-1;26;1921
obydenskiy-1;osm-525-shkola-1323;osm-525-shkola-1323-1;27;2014
obydenskiy-1;chastnaya-shkola-zolotoe-sechenie;chastnaya-shkola-zolotoe-sechenie-1;27;2032
obydenskiy-1;shkola-2123-im-migelya-ernandesa;shkola-2123-im-migelya-ernandesa-1;27;2037
obydenskiy-1;osm-583-shkola-123;osm-583-shkola-123-1;28;2107
obydenskiy-1;shkola-627-im-d-d-lelyushenko;shkola-627-im-d-d-lelyushenko-2;28;2135
obydenskiy-1;osm-331-elizavetinskaya-gimnaziya;osm-331-elizavetinskaya-gimnaziya-1;29;2168
obydenskiy-1;osm-569-shkola-110;osm-569-shkola-110-1;29;2190
obydenskiy-1;osm-648-frantsuzskiy-litsey-im-aleksan;osm-648-frantsuzskiy-litsey-im-aleksan-1;29;2196
oktyabrskaya-98;osm-467-shkola-237;osm-467-shkola-237-1;7;514
oktyabrskaya-98;osm-441-shkola-1956;osm-441-shkola-1956-1;11;861
oktyabrskaya-98;shkola-marina-roscha-im-v-f-orlova;shkola-marina-roscha-im-v-f-orlova-2;14;1013
oktyabrskaya-98;osm-436-shkola-259;osm-436-shkola-259-1;17;1261
oktyabrskaya-98;shkola-tsentra-pedagogicheskogo-masterstva-tspm;shkola-tsentra-pedagogicheskogo-masterstva-tspm-1;20;1469
oktyabrskaya-98;osm-428-gimnaziya-1572;osm-428-gimnaziya-1572-1;22;1668
oktyabrskaya-98;shkola-1501;shkola-1501-2;25;1866
oktyabrskaya-98;osm-433-shkola-internat-35;osm-433-shkola-internat-35-1;28;2114
oktyabrskaya-98;osm-674-shkola-1275;osm-674-shkola-1275-1;28;2114
oktyabrskaya-98;shkola-2107;shkola-2107-2;30;2215
olsufevskiy-10;pyatdesyat-sedmaya-shkola;pyatdesyat-sedmaya-shkola-1;7;530
olsufevskiy-10;osm-528-spetsshkola-30;osm-528-spetsshkola-30-1;10;750
olsufevskiy-10;osm-30-filippovskaya-shkola;osm-30-filippovskaya-shkola-1;11;805
olsufevskiy-10;meditsinskiy-sechenovskiy-preduniversariy;meditsinskiy-sechenovskiy-preduniversariy-1;11;825
olsufevskiy-10;chastnaya-shkola-zolotoe-sechenie;chastnaya-shkola-zolotoe-sechenie-1;12;868
olsufevskiy-10;shkola-1231-im-v-d-polenova;shkola-1231-im-v-d-polenova-6;13;959
olsufevskiy-10;shkola-1253;shkola-1253-1;13;999
olsufevskiy-10;shkola-1535;shkola-1535-1;19;1450
olsufevskiy-10;preduniversitariy-mglu;preduniversitariy-mglu-1;21;1564
olsufevskiy-10;osm-498-shkola-54;osm-498-shkola-54-1;22;1655
olsufevskiy-10;shkola-1529-imeni-a-s-griboedova;shkola-1529-imeni-a-s-griboedova-2;22;1681
olsufevskiy-10;shkola-171;shkola-171-1;23;1732
olsufevskiy-10;osm-195-shkola-45;osm-195-shkola-45-1;24;1820
olsufevskiy-10;litsey-ranhigs;litsey-ranhigs-2;28;2114
olsufevskiy-10;osm-157-shkola-1465-imeni-admirala-n;osm-157-shkola-1465-imeni-admirala-n-2;28;2121
olsufevskiy-10;osm-616-shkola-pri-posolstve-indii;osm-616-shkola-pri-posolstve-indii-1;30;2246
om;shkola-1329;shkola-1329-1;18;1357
om;shkola-2025;shkola-2025-3;18;1378
om;shkola-843;shkola-843-1;21;1599
om;shkola-1317;shkola-1317-1;22;1652
om;tsois-moskva-98;tsois-moskva-98-2;23;1694
om;klassicheskiy-pansion-mgu;klassicheskiy-pansion-mgu-2;26;1969
om-botanicheskiy;shkola-sviblovo;shkola-sviblovo-6;12;883
om-botanicheskiy;osm-576-tsentr-obrazovaniya-264;osm-576-tsentr-obrazovaniya-264-1;12;897
om-botanicheskiy;osm-45-pravoslavnaya-shkola-im-prepod;osm-45-pravoslavnaya-shkola-im-prepod-1;13;955
om-botanicheskiy;shkola-950;shkola-950-5;14;1023
om-botanicheskiy;shkola-1554;shkola-1554-4;26;1983
om-botanicheskiy;osm-578-shkola-240;osm-578-shkola-240-1;27;2058
om-botanicheskiy;osm-577-shkola-959;osm-577-shkola-959-1;28;2077
om-botanicheskiy;pervyy-moskovskiy-obrazovatelnyy-kompleks;pervyy-moskovskiy-obrazovatelnyy-kompleks-4;28;2123
om-botanicheskiy;shkola-1499-im-i-a-dokukina;shkola-1499-im-i-a-dokukina-1;29;2151
omega-residence;osm-93-shkola-1265;osm-93-shkola-1265-1;5;340
omega-residence;osm-653-shkola-1260;osm-653-shkola-1260-1;6;454
omega-residence;litsey-vtoraya-shkola-im-v-f-ovchinnikova;litsey-vtoraya-shkola-im-v-f-ovchinnikova-1;7;494
omega-residence;osm-91-shkola-22;osm-91-shkola-22-1;8;585
omega-residence;litsey-vorobevy-gory;litsey-vorobevy-gory-1;11;843
omega-residence;shkola-2086;shkola-2086-2;13;951
omega-residence;osm-201-shkola-26;osm-201-shkola-26-1;14;1042
omega-residence;osm-204-shkola-25;osm-204-shkola-25-1;16;1171
omega-residence;shkola-199;shkola-199-1;16;1225
omega-residence;shkola-192;shkola-192-1;18;1325
omega-residence;osm-431-shkola-1266;osm-431-shkola-1266-1;18;1386
omega-residence;shkola-1533-lit;shkola-1533-lit-2;22;1641
omega-residence;osm-429-sosh-198;osm-429-sosh-198-1;24;1803
omega-residence;osm-624-shkola-120;osm-624-shkola-120-1;26;1915
omega-residence;osm-259-shkola-11;osm-259-shkola-11-1;28;2079
omega-residence;shkola-118;shkola-118-4;28;2112
omega-residence;shkola-45-im-l-i-milgrama;shkola-45-im-l-i-milgrama-4;29;2212
omega-residence;osm-0-shkola-1;osm-0-shkola-1-1;30;2249
one;osm-545-shkola-340;osm-545-shkola-340-1;17;1240
one;romanovskaya-shkola;romanovskaya-shkola-4;19;1434
one;shkola-2030;shkola-2030-1;25;1855
one;osm-612-shkola-2055;osm-612-shkola-2055-1;28;2063
opus;shkola-1553-im-v-i-vernadskogo;shkola-1553-im-v-i-vernadskogo-1;12;918
opus;osm-543-internat-tretiy-moskovskiy-kad;osm-543-internat-tretiy-moskovskiy-kad-1;16;1176
opus;shkola-1270-vektor;shkola-1270-vektor-1;20;1492
opus;shkola-im-v-v-mayakovskogo;shkola-im-v-v-mayakovskogo-1;21;1570
opus;shkola-627-im-d-d-lelyushenko;shkola-627-im-d-d-lelyushenko-3;23;1709
opus;osm-497-shkola-498;osm-497-shkola-498-1;24;1831
opus;osm-48-shkola-467;osm-48-shkola-467-1;26;1919
opus;osm-654-shkola-463-im;osm-654-shkola-463-im-1;26;1946
opus;shkola-1259;shkola-1259-1;27;2026
opus;osm-361-shkola-1216;osm-361-shkola-1216-1;29;2163
orient-ekspress;osm-86-shkola-681;osm-86-shkola-681-1;20;1521
orient-ekspress;osm-87-moskovskaya-mezhdunarodnaya-sh;osm-87-moskovskaya-mezhdunarodnaya-sh-1;24;1790
orient-ekspress;osm-290-shkola-788;osm-290-shkola-788-1;25;1903
orient-ekspress;shkola-429-sokolinaya-gora;shkola-429-sokolinaya-gora-3;26;1940
orient-ekspress;shkola-1852;shkola-1852-1;27;2009
orient-ekspress;shkola-2126-perovo;shkola-2126-perovo-2;28;2116
orient-ekspress;osm-85-shkola-1637;osm-85-shkola-1637-2;28;2136
orient-ekspress;osm-663-moskovskaya-mezhdunarodnaya-sh;osm-663-moskovskaya-mezhdunarodnaya-sh-1;30;2234
oro;pushkinskaya-shkola-1500;pushkinskaya-shkola-1500-3;5;408
oro;osm-604-shkola-1525;osm-604-shkola-1525-1;7;523
oro;shkola-315;shkola-315-1;9;649
oro;shkola-1282-sokolniki;shkola-1282-sokolniki-2;19;1437
oro;osm-632-tsentr-obrazovaniya-345;osm-632-tsentr-obrazovaniya-345-1;20;1467
oro;evropeyskaya-gimnaziya;evropeyskaya-gimnaziya-1;20;1486
oro;shkola-1530-shkola-lomonosova;shkola-1530-shkola-lomonosova-3;21;1551
oro;shkola-354-im-d-m-karbysheva;shkola-354-im-d-m-karbysheva-3;23;1694
oro;osm-210-shkola-1429-imeni-geroya-sovet;osm-210-shkola-1429-imeni-geroya-sovet-1;23;1734
oro;osm-609-shkola-1247;osm-609-shkola-1247-1;28;2100
oro;osm-549-tsentr-obrazovaniya-1480;osm-549-tsentr-obrazovaniya-1480-2;30;2218
ostrov;osm-667-shkola-2030;osm-667-shkola-2030-1;8;575
palashevskiy-11;shkola-1234;shkola-1234-4;3;189
palashevskiy-11;osm-360-tsentr-obrazovaniya-1441-bronn;osm-360-tsentr-obrazovaniya-1441-bronn-1;6;460
palashevskiy-11;shkola-1520-im-kaptsovyh;shkola-1520-im-kaptsovyh-2;9;697
palashevskiy-11;osm-21-shkola-1113;osm-21-shkola-1113-2;11;811
palashevskiy-11;osm-569-shkola-110;osm-569-shkola-110-1;11;816
palashevskiy-11;shkola-1574;shkola-1574-1;11;824
palashevskiy-11;osm-563-shkola-1239;osm-563-shkola-1239-1;14;1056
palashevskiy-11;osm-92-shkolnoe-otdelenie-22-litseya-;osm-92-shkolnoe-otdelenie-22-litseya--1;15;1089
palashevskiy-11;shkola-1950;shkola-1950-2;15;1121
palashevskiy-11;osm-583-shkola-123;osm-583-shkola-123-1;16;1207
palashevskiy-11;shkola-2123-im-migelya-ernandesa;shkola-2123-im-migelya-ernandesa-1;16;1226
palashevskiy-11;shkola-2054;shkola-2054-2;17;1291
palashevskiy-11;shkola-91;shkola-91-1;21;1577
palashevskiy-11;osm-43-russkaya-klassicheskaya-gimnaz;osm-43-russkaya-klassicheskaya-gimnaz-1;21;1590
palashevskiy-11;shkola-179;shkola-179-1;21;1605
palashevskiy-11;litsey-niu-vshe;litsey-niu-vshe-1;21;1610
palashevskiy-11;romanovskaya-shkola;romanovskaya-shkola-1;23;1761
palashevskiy-11;osm-646-shkola-1388;osm-646-shkola-1388-1;24;1796
parksayd;osm-582-shkola-652;osm-582-shkola-652-1;9;663
parksayd;osm-504-shkola-881;osm-504-shkola-881-1;13;992
parksayd;osm-285-shkola-880;osm-285-shkola-880-1;15;1118
parksayd;osm-514-shkola-932;osm-514-shkola-932-1;17;1269
parksayd;osm-98-litsey-504;osm-98-litsey-504-2;20;1485
parksayd;osm-479-shkola-556;osm-479-shkola-556-1;20;1527
parksayd;osm-474-np-tso-litsey-stolichnyy;osm-474-np-tso-litsey-stolichnyy-1;22;1677
parksayd;shkola-1245;shkola-1245-3;23;1737
parksayd;shkola-1582;shkola-1582-4;23;1753
parksayd;shkola-1103-im-a-v-solomatina;shkola-1103-im-a-v-solomatina-2;24;1836
parksayd;shkola-1206;shkola-1206-2;28;2071
parksayd;shkola-1173;shkola-1173-1;28;2089
parksayd;britanskaya-mezhdunarodnaya-shkola-bis;britanskaya-mezhdunarodnaya-shkola-bis-5;29;2165
parkville-zhukovka;osm-678-shkola-velikih-otkrytiy;osm-678-shkola-velikih-otkrytiy-1;25;1886
parkville-zhukovka;shkola-prezident;shkola-prezident-1;27;1997
paveletskaya-ot-granel;shkola-627-im-d-d-lelyushenko;shkola-627-im-d-d-lelyushenko-3;7;522
paveletskaya-ot-granel;ekonomicheskiy-litsey-reu-im-g-v-plehanova;ekonomicheskiy-litsey-reu-im-g-v-plehanova-1;11;862
paveletskaya-ot-granel;shkola-1259;shkola-1259-1;14;1077
paveletskaya-ot-granel;osm-544-shkola-553;osm-544-shkola-553-1;19;1408
paveletskaya-ot-granel;shkola-1553-im-v-i-vernadskogo;shkola-1553-im-v-i-vernadskogo-1;19;1445
paveletskaya-ot-granel;osm-571-shkola-1262;osm-571-shkola-1262-1;21;1585
paveletskaya-ot-granel;osm-497-shkola-498;osm-497-shkola-498-1;27;1999
paveletskaya-ot-granel;shkola-1257;shkola-1257-1;27;2012
paveletskaya-ot-granel;osm-648-frantsuzskiy-litsey-im-aleksan;osm-648-frantsuzskiy-litsey-im-aleksan-1;27;2045
paveletskaya-ot-granel;osm-331-elizavetinskaya-gimnaziya;osm-331-elizavetinskaya-gimnaziya-1;28;2065
paveletskaya-ot-granel;shkola-630-im-g-p-kravchenko;shkola-630-im-g-p-kravchenko-4;29;2139
paveletskaya-ot-granel;litsey-ranhigs;litsey-ranhigs-1;29;2168
paveletskaya-ot-granel;osm-543-internat-tretiy-moskovskiy-kad;osm-543-internat-tretiy-moskovskiy-kad-1;30;2217
paveletskaya-ot-granel;osm-672-shkola-518;osm-672-shkola-518-1;30;2231
petrovskiy-park-ii;osm-562-shkola-1164;osm-562-shkola-1164-2;5;358
petrovskiy-park-ii;shkola-1601-im-e-k-lyutikova;shkola-1601-im-e-k-lyutikova-1;5;394
petrovskiy-park-ii;osm-596-petrovskaya-shkola;osm-596-petrovskaya-shkola-1;12;906
petrovskiy-park-ii;shkola-1570;shkola-1570-1;15;1092
petrovskiy-park-ii;osm-344-kadetskaya-shkola-1784;osm-344-kadetskaya-shkola-1784-1;21;1551
petrovskiy-park-ii;osm-602-gimnaziya-svet;osm-602-gimnaziya-svet-1;23;1726
petrovskiy-park-ii;shkola-1540;shkola-1540-2;27;1990
petrovskiy-park-ii;shkola-218;shkola-218-1;27;2017
petrovskiy-park-ii;osm-447-litsey-1550;osm-447-litsey-1550-2;28;2063
petrovskiy-park-ii;shkola-1501;shkola-1501-2;28;2120
petrovskiy-park-ii;osm-436-shkola-259;osm-436-shkola-259-1;29;2190
peyv;shkola-547;shkola-547-1;9;648
peyv;shkola-1553-im-v-i-vernadskogo;shkola-1553-im-v-i-vernadskogo-1;15;1122
peyv;shkola-627-im-d-d-lelyushenko;shkola-627-im-d-d-lelyushenko-3;25;1878
plekhanova-11;osm-290-shkola-788;osm-290-shkola-788-1;12;880
plekhanova-11;osm-442-shkola-920;osm-442-shkola-920-1;15;1102
plekhanova-11;osm-488-shkola-672;osm-488-shkola-672-1;17;1263
plekhanova-11;shkola-1852;shkola-1852-1;19;1452
plekhanova-11;osm-86-shkola-681;osm-86-shkola-681-1;20;1521
plekhanova-11;shkola-2126-perovo;shkola-2126-perovo-2;22;1617
plekhanova-11;osm-252-osnovnoy-korpus-shkoly;osm-252-osnovnoy-korpus-shkoly-1;23;1694
plekhanova-11;osm-327-shkola-1269;osm-327-shkola-1269-1;23;1716
plekhanova-11;osm-85-shkola-1637;osm-85-shkola-1637-1;23;1723
plekhanova-11;osm-220-shkola-1310;osm-220-shkola-1310-1;24;1786
plekhanova-11;osm-328-shkola-450;osm-328-shkola-450-1;25;1850
plekhanova-11;osm-503-shkola-635;osm-503-shkola-635-1;28;2116
plekhanova-11;shkola-2072;shkola-2072-1;28;2135
poklonnaya-7;shkola-67;shkola-67-4;4;283
poklonnaya-7;osm-326-shkola-1232;osm-326-shkola-1232-1;18;1378
poklonnaya-7;osm-157-shkola-1465-imeni-admirala-n;osm-157-shkola-1465-imeni-admirala-n-3;23;1717
poklonnaya-7;osm-329-shkola-74;osm-329-shkola-74-1;24;1798
poklonnaya-7;shkola-56-imeni-akademika-v-a-legasova;shkola-56-imeni-akademika-v-a-legasova-1;24;1827
poklonnaya-7;osm-389-shkola-12;osm-389-shkola-12-1;24;1828
poklonnaya-7;shkola-tehnologii-obucheniya;shkola-tehnologii-obucheniya-1;28;2085
poklonnaya-7;obrazovatelnyy-tsentr-proton;obrazovatelnyy-tsentr-proton-2;28;2107
poklonnaya-7;shkola-integral;shkola-integral-1;28;2114
polar;shkola-1506;shkola-1506-1;10;787
polar;osm-57-shkola-290;osm-57-shkola-290-1;13;994
polar;osm-56-shkola-756;osm-56-shkola-756-1;15;1161
polar;osm-211-shkola-954;osm-211-shkola-954-1;16;1182
polar;osm-449-shkola-274;osm-449-shkola-274-1;19;1402
polar;osm-464-shkola-1380;osm-464-shkola-1380-1;19;1447
polar;shkola-283;shkola-283-1;20;1529
polar;shkola-967-im-v-a-komagorova;shkola-967-im-v-a-komagorova-3;21;1611
polar;shkola-gloriya;shkola-gloriya-1;24;1829
polar;osm-466-shkola-una;osm-466-shkola-una-1;27;2043
polar;osm-208-shkola-951;osm-208-shkola-951-1;30;2223
polyanka-44;osm-648-frantsuzskiy-litsey-im-aleksan;osm-648-frantsuzskiy-litsey-im-aleksan-1;3;258
polyanka-44;osm-571-shkola-1262;osm-571-shkola-1262-1;6;422
polyanka-44;shkola-627-im-d-d-lelyushenko;shkola-627-im-d-d-lelyushenko-2;8;614
polyanka-44;shkola-1799;shkola-1799-4;9;658
polyanka-44;osm-567-pirogovskaya-shkola;osm-567-pirogovskaya-shkola-1;11;798
polyanka-44;osm-331-elizavetinskaya-gimnaziya;osm-331-elizavetinskaya-gimnaziya-1;13;956
polyanka-44;shkola-1259;shkola-1259-1;15;1124
polyanka-44;osm-544-shkola-553;osm-544-shkola-553-1;16;1229
polyanka-44;ekonomicheskiy-litsey-reu-im-g-v-plehanova;ekonomicheskiy-litsey-reu-im-g-v-plehanova-1;17;1245
polyanka-44;osm-525-shkola-1323;osm-525-shkola-1323-1;22;1633
polyanka-44;chastnaya-shkola-zolotoe-sechenie;chastnaya-shkola-zolotoe-sechenie-2;23;1754
polyanka-44;shkola-1553-im-v-i-vernadskogo;shkola-1553-im-v-i-vernadskogo-2;25;1852
polyanka-44;shkola-630-im-g-p-kravchenko;shkola-630-im-g-p-kravchenko-4;25;1909
polyanka-44;litsey-ranhigs;litsey-ranhigs-1;25;1912
polyanka-44;shkola-1529-imeni-a-s-griboedova;shkola-1529-imeni-a-s-griboedova-2;26;1913
polyanka-44;osm-37-svyato-dimitrievskaya-shkola;osm-37-svyato-dimitrievskaya-shkola-1;26;1946
polyanka-44;litsey-vorobevy-gory;litsey-vorobevy-gory-2;26;1981
polyanka-44;shkola-1253;shkola-1253-2;29;2152
polyanka-44;shkola-stolitsa-kit;shkola-stolitsa-kit-1;29;2176
portlend;shkola-1524;shkola-1524-3;7;488
portlend;osm-234-shkola-519;osm-234-shkola-519-1;16;1181
portlend;osm-156-shkola-773;osm-156-shkola-773-1;16;1218
portlend;osm-155-gbou-shkola-1256;osm-155-gbou-shkola-1256-1;17;1246
portlend;shkola-im-i-s-polbina;shkola-im-i-s-polbina-1;22;1673
portlend;osm-641-shkola-1041;osm-641-shkola-1041-1;26;1961
portlend;shkola-654-im-a-d-fridmana;shkola-654-im-a-d-fridmana-4;28;2088
praym-park;shkola-152;shkola-152-1;10;747
praym-park;shkola-1409;shkola-1409-2;11;849
praym-park;shkola-tehnologii-obucheniya;shkola-tehnologii-obucheniya-2;19;1388
praym-park;shkola-1601-im-e-k-lyutikova;shkola-1601-im-e-k-lyutikova-5;20;1513
praym-park;osm-447-litsey-1550;osm-447-litsey-1550-2;20;1529
praym-park;shkola-1575;shkola-1575-1;21;1548
praym-park;osm-602-gimnaziya-svet;osm-602-gimnaziya-svet-1;22;1668
praym-park;osm-596-petrovskaya-shkola;osm-596-petrovskaya-shkola-1;22;1681
praym-park;novaya-gumanitarnaya-shkola;novaya-gumanitarnaya-shkola-1;22;1682
praym-park;litsey-finansovogo-universiteta;litsey-finansovogo-universiteta-1;25;1898
praym-park;inzhenerno-tehnicheskaya-shkola-im-p-r-popovicha;inzhenerno-tehnicheskaya-shkola-im-p-r-popovicha-2;25;1908
praym-park;shkola-1287;shkola-1287-2;27;2044
praym-park;shkola-1288-im-n-v-troyan;shkola-1288-im-n-v-troyan-2;29;2178
praym-park;shkola-1384;shkola-1384-3;30;2224
preobrazhenskaya-ploschad;heritage-school;heritage-school-1;6;434
preobrazhenskaya-ploschad;osm-221-gimnaziya-1799-shkolnoe-otdele;osm-221-gimnaziya-1799-shkolnoe-otdele-1;8;616
preobrazhenskaya-ploschad;osm-575-shkola-1502-energiya;osm-575-shkola-1502-energiya-2;10;748
preobrazhenskaya-ploschad;shkola-1080;shkola-1080-2;11;790
preobrazhenskaya-ploschad;osm-314-tsentr-obrazovaniya-1452-bogor;osm-314-tsentr-obrazovaniya-1452-bogor-1;16;1163
preobrazhenskaya-ploschad;shkola-1797-bogorodskaya;shkola-1797-bogorodskaya-2;16;1227
preobrazhenskaya-ploschad;osm-631-shkola-1690;osm-631-shkola-1690-1;17;1239
preobrazhenskaya-ploschad;shkola-1505-preobrazhenskaya;shkola-1505-preobrazhenskaya-1;17;1283
preobrazhenskaya-ploschad;osm-420-shkola-1032;osm-420-shkola-1032-1;19;1412
preobrazhenskaya-ploschad;osm-437-shkola-363;osm-437-shkola-363-1;19;1428
preobrazhenskaya-ploschad;osm-424-shkola-378;osm-424-shkola-378-1;20;1523
preobrazhenskaya-ploschad;osm-529-shkola-internat-30-im-k-a-mika;osm-529-shkola-internat-30-im-k-a-mika-1;25;1898
preobrazhenskaya-ploschad;shkola-1360;shkola-1360-2;26;1941
preobrazhenskaya-ploschad;osm-385-shkola-444;osm-385-shkola-444-1;26;1958
preobrazhenskaya-ploschad;osm-38-shkola-370-im;osm-38-shkola-370-im-1;29;2174
pride;osm-436-shkola-259;osm-436-shkola-259-1;7;501
pride;osm-467-shkola-237;osm-467-shkola-237-1;15;1113
pride;osm-441-shkola-1956;osm-441-shkola-1956-1;17;1310
pride;shkola-1501;shkola-1501-2;18;1350
pride;shkola-marina-roscha-im-v-f-orlova;shkola-marina-roscha-im-v-f-orlova-1;23;1724
pride;osm-433-shkola-internat-35;osm-433-shkola-internat-35-1;23;1741
pride;osm-428-gimnaziya-1572;osm-428-gimnaziya-1572-1;25;1901
pride;shkola-1540;shkola-1540-2;26;1932
pride;shkola-1601-im-e-k-lyutikova;shkola-1601-im-e-k-lyutikova-4;27;2051
pride;osm-674-shkola-1275;osm-674-shkola-1275-1;28;2110
pride;shkola-tsentra-pedagogicheskogo-masterstva-tspm;shkola-tsentra-pedagogicheskogo-masterstva-tspm-1;30;2217
primavera;shkola-727;shkola-727-2;14;1038
primavera;shkola-1285;shkola-1285-4;25;1887
primavera;kurchatovskaya-shkola;kurchatovskaya-shkola-6;29;2180
pushkarev-12;pushkinskaya-shkola-1500;pushkinskaya-shkola-1500-2;2;145
pushkarev-12;osm-114-shkola-vuz-sovremennoe-obrazov;osm-114-shkola-vuz-sovremennoe-obrazov-1;5;342
pushkarev-12;shkola-1284;shkola-1284-1;8;590
pushkarev-12;shkola-algoritm;shkola-algoritm-1;9;655
pushkarev-12;osm-636-frantsuzskiy-litsey-im-a-dyuma;osm-636-frantsuzskiy-litsey-im-a-dyuma-1;11;798
pushkarev-12;shkola-2054;shkola-2054-1;11;827
pushkarev-12;litsey-niu-vshe;litsey-niu-vshe-1;13;973
pushkarev-12;osm-554-chastnaya-shkola-bnot-menahem;osm-554-chastnaya-shkola-bnot-menahem-1;15;1151
pushkarev-12;shkola-2107;shkola-2107-5;16;1219
pushkarev-12;osm-43-russkaya-klassicheskaya-gimnaz;osm-43-russkaya-klassicheskaya-gimnaz-1;17;1286
pushkarev-12;shkola-pokrovskiy-kvartal;shkola-pokrovskiy-kvartal-6;21;1596
pushkarev-12;osm-601-shkola-1621-drevo-zhizni;osm-601-shkola-1621-drevo-zhizni-1;22;1622
pushkarev-12;osm-92-shkolnoe-otdelenie-22-litseya-;osm-92-shkolnoe-otdelenie-22-litseya--1;26;1929
pushkarev-12;inzhenernaya-shkola-1581;inzhenernaya-shkola-1581-1;26;1934
pushkarev-12;shkola-1501;shkola-1501-1;27;2015
pushkarev-12;shkola-179;shkola-179-1;27;2027
pushkarev-12;osm-21-shkola-1113;osm-21-shkola-1113-1;28;2134
pushkarev-12;osm-368-svyato-vladimirskaya-shkola;osm-368-svyato-vladimirskaya-shkola-1;29;2204
pyzhevskiy;osm-331-elizavetinskaya-gimnaziya;osm-331-elizavetinskaya-gimnaziya-1;3;220
pyzhevskiy;shkola-627-im-d-d-lelyushenko;shkola-627-im-d-d-lelyushenko-2;8;591
pyzhevskiy;osm-525-shkola-1323;osm-525-shkola-1323-1;8;625
pyzhevskiy;shkola-1799;shkola-1799-4;9;708
pyzhevskiy;osm-648-frantsuzskiy-litsey-im-aleksan;osm-648-frantsuzskiy-litsey-im-aleksan-1;14;1083
pyzhevskiy;osm-571-shkola-1262;osm-571-shkola-1262-1;17;1239
pyzhevskiy;osm-567-pirogovskaya-shkola;osm-567-pirogovskaya-shkola-1;17;1303
pyzhevskiy;shkola-1259;shkola-1259-1;17;1309
pyzhevskiy;osm-672-shkola-518;osm-672-shkola-518-1;20;1476
pyzhevskiy;ekonomicheskiy-litsey-reu-im-g-v-plehanova;ekonomicheskiy-litsey-reu-im-g-v-plehanova-1;23;1749
pyzhevskiy;osm-544-shkola-553;osm-544-shkola-553-1;23;1755
pyzhevskiy;shkola-1529-imeni-a-s-griboedova;shkola-1529-imeni-a-s-griboedova-4;28;2104
pyzhevskiy;pyatdesyat-sedmaya-shkola;pyatdesyat-sedmaya-shkola-3;28;2121
quartier-d-or;osm-525-shkola-1323;osm-525-shkola-1323-1;10;737
quartier-d-or;osm-672-shkola-518;osm-672-shkola-518-1;12;864
quartier-d-or;osm-331-elizavetinskaya-gimnaziya;osm-331-elizavetinskaya-gimnaziya-1;12;865
quartier-d-or;shkola-627-im-d-d-lelyushenko;shkola-627-im-d-d-lelyushenko-4;12;907
quartier-d-or;shkola-1799;shkola-1799-3;15;1107
quartier-d-or;shkola-1259;shkola-1259-2;15;1136
quartier-d-or;osm-648-frantsuzskiy-litsey-im-aleksan;osm-648-frantsuzskiy-litsey-im-aleksan-1;22;1686
quartier-d-or;osm-571-shkola-1262;osm-571-shkola-1262-1;23;1725
quartier-d-or;litsey-niu-vshe;litsey-niu-vshe-4;24;1833
quartier-d-or;osm-567-pirogovskaya-shkola;osm-567-pirogovskaya-shkola-1;25;1894
quartier-d-or;osm-368-svyato-vladimirskaya-shkola;osm-368-svyato-vladimirskaya-shkola-1;26;1932
quartier-d-or;ekonomicheskiy-litsey-reu-im-g-v-plehanova;ekonomicheskiy-litsey-reu-im-g-v-plehanova-1;26;1948
quartier-d-or;osm-482-tsentr-obrazovaniya-1685;osm-482-tsentr-obrazovaniya-1685-1;27;1996
quartier-d-or;osm-650-pravoslavnaya-svyato-petrovska;osm-650-pravoslavnaya-svyato-petrovska-1;28;2065
quartier-d-or;shkola-2104-na-taganke;shkola-2104-na-taganke-1;28;2117
quartier-d-or;osm-544-shkola-553;osm-544-shkola-553-1;29;2142
quartier-d-or;shkola-pokrovskiy-kvartal;shkola-pokrovskiy-kvartal-1;29;2165
quartier-d-or;osm-497-shkola-498;osm-497-shkola-498-1;29;2182
rakurs;osm-187-tsentr-obrazovaniya-1854;osm-187-tsentr-obrazovaniya-1854-1;9;641
rakurs;kurchatovskaya-shkola;kurchatovskaya-shkola-8;10;757
rakurs;shkola-1212-schukino;shkola-1212-schukino-1;11;845
rakurs;shkola-1874;shkola-1874-2;14;1042
rakurs;mezhdunarodnaya-shkola-integratsiya-xxi-vek;mezhdunarodnaya-shkola-integratsiya-xxi-vek-2;14;1058
rakurs;osm-660-shkola-yuvenes-nachalnye-klass;osm-660-shkola-yuvenes-nachalnye-klass-1;14;1079
rakurs;shkola-1210;shkola-1210-1;23;1732
rakurs;osm-336-shkola-1005;osm-336-shkola-1005-1;28;2125
rakurs;osm-374-shkola-149-imeni-geroya-sovets;osm-374-shkola-149-imeni-geroya-sovets-1;29;2172
rakurs;shkola-138;shkola-138-1;29;2176
rakurs;shkola-1252-im-servantesa;shkola-1252-im-servantesa-1;29;2200
razdory-2;oblastnaya-gimnaziya-im-e-m-primakova;oblastnaya-gimnaziya-im-e-m-primakova-1;15;1142
red7;pushkinskaya-shkola-1500;pushkinskaya-shkola-1500-1;5;359
red7;shkola-1284;shkola-1284-2;6;435
red7;osm-554-chastnaya-shkola-bnot-menahem;osm-554-chastnaya-shkola-bnot-menahem-1;10;768
red7;osm-114-shkola-vuz-sovremennoe-obrazov;osm-114-shkola-vuz-sovremennoe-obrazov-1;10;776
red7;inzhenernaya-shkola-1581;inzhenernaya-shkola-1581-1;13;978
red7;osm-601-shkola-1621-drevo-zhizni;osm-601-shkola-1621-drevo-zhizni-1;13;987
red7;litsey-niu-vshe;litsey-niu-vshe-2;15;1146
red7;shkola-pokrovskiy-kvartal;shkola-pokrovskiy-kvartal-6;16;1169
red7;shkola-algoritm;shkola-algoritm-1;16;1181
red7;osm-636-frantsuzskiy-litsey-im-a-dyuma;osm-636-frantsuzskiy-litsey-im-a-dyuma-1;19;1432
red7;shkola-2107;shkola-2107-4;20;1470
red7;shkola-2054;shkola-2054-1;20;1521
red7;shkola-354-im-d-m-karbysheva;shkola-354-im-d-m-karbysheva-1;23;1746
red7;osm-549-tsentr-obrazovaniya-1480;osm-549-tsentr-obrazovaniya-1480-1;26;1974
red7;osm-43-russkaya-klassicheskaya-gimnaz;osm-43-russkaya-klassicheskaya-gimnaz-1;27;2017
red7;osm-632-tsentr-obrazovaniya-345;osm-632-tsentr-obrazovaniya-345-1;29;2200
reka;shkola-1498-moskovskaya-mezhdunarodnaya-shkola;shkola-1498-moskovskaya-mezhdunarodnaya-shkola-2;4;307
reka;shkola-1306-shkola-molodyh-politikov;shkola-1306-shkola-molodyh-politikov-2;5;396
reka;shkola-1434-ramenki;shkola-1434-ramenki-1;12;917
reka;osm-539-shkola-37;osm-539-shkola-37-1;14;1020
reka;shuvalovskaya-shkola-1448;shuvalovskaya-shkola-1448-2;14;1056
reka;osm-468-shkola-1119;osm-468-shkola-1119-1;17;1270
reka;novaya-shkola;novaya-shkola-1;19;1401
reka;universitetskaya-gimnaziya-mgu-imeni-m-v-lomonosova;universitetskaya-gimnaziya-mgu-imeni-m-v-lomonosova-1;24;1813
reka;sunts-mgu-shkola-internat-im-a-n-kolmogorova;sunts-mgu-shkola-internat-im-a-n-kolmogorova-1;24;1814
reka;osm-635-litsey-1586;osm-635-litsey-1586-1;26;1977
reka;shkola-1514;shkola-1514-5;26;1985
reka;tsois-moskva-98;tsois-moskva-98-3;27;2033
reka;shkola-7;shkola-7-1;28;2078
reka;shkola-118;shkola-118-2;30;2244
renessans;shkola-1530-shkola-lomonosova;shkola-1530-shkola-lomonosova-3;9;690
renessans;shkola-1282-sokolniki;shkola-1282-sokolniki-1;10;743
renessans;osm-424-shkola-378;osm-424-shkola-378-1;18;1361
renessans;osm-385-shkola-444;osm-385-shkola-444-1;18;1365
renessans;inzhenernaya-shkola-1581;inzhenernaya-shkola-1581-3;20;1511
renessans;shkola-315;shkola-315-1;22;1675
renessans;shkola-na-yauze;shkola-na-yauze-1;23;1739
renessans;osm-604-shkola-1525;osm-604-shkola-1525-1;25;1838
renessans;osm-210-shkola-1429-imeni-geroya-sovet;osm-210-shkola-1429-imeni-geroya-sovet-1;25;1848
renessans;osm-529-shkola-internat-30-im-k-a-mika;osm-529-shkola-internat-30-im-k-a-mika-1;26;1920
renessans;evropeyskaya-gimnaziya;evropeyskaya-gimnaziya-1;26;1957
renessans;osm-575-shkola-1502-energiya;osm-575-shkola-1502-energiya-1;27;2017
renessans;osm-20-shkola-435;osm-20-shkola-435-1;27;2048
republic;romanovskaya-shkola;romanovskaya-shkola-3;6;447
republic;shkola-1950;shkola-1950-2;19;1452
republic;osm-586-moskovskaya-ekonomicheskaya-sh;osm-586-moskovskaya-ekonomicheskaya-sh-1;20;1500
republic;shkola-1241-na-krasnoy-presne;shkola-1241-na-krasnoy-presne-2;21;1585
republic;shkola-1574;shkola-1574-2;23;1715
republic;osm-642-tsentr-obrazovaniya-1447;osm-642-tsentr-obrazovaniya-1447-1;24;1785
republic;osm-568-pushkinskaya-gimnaziya-na-pres;osm-568-pushkinskaya-gimnaziya-na-pres-1;24;1823
republic;shkola-1288-im-n-v-troyan;shkola-1288-im-n-v-troyan-5;25;1900
republic;shkola-2030;shkola-2030-1;26;1919
republic;osm-36-shkola-viktoriya;osm-36-shkola-viktoriya-1;27;2005
republic;osm-612-shkola-2055;osm-612-shkola-2055-1;29;2209
rezhisser;shkola-1499-im-i-a-dokukina;shkola-1499-im-i-a-dokukina-1;8;571
rezhisser;shkola-shik-16;shkola-shik-16-1;19;1406
rezhisser;pervyy-moskovskiy-obrazovatelnyy-kompleks;pervyy-moskovskiy-obrazovatelnyy-kompleks-4;20;1501
rezhisser;shkola-sviblovo;shkola-sviblovo-6;25;1897
rezhisser;shkola-1415-ostankino;shkola-1415-ostankino-1;26;1975
rezhisser;shkola-293-im-a-t-tvardovskogo;shkola-293-im-a-t-tvardovskogo-1;29;2157
rezhisser;osm-345-shkola-352;osm-345-shkola-352-1;29;2191
rezhisser;osm-45-pravoslavnaya-shkola-im-prepod;osm-45-pravoslavnaya-shkola-im-prepod-1;30;2232
rezidentsii-arkhitektorov;shkola-354-im-d-m-karbysheva;shkola-354-im-d-m-karbysheva-2;4;300
rezidentsii-arkhitektorov;osm-643-shkola-1203;osm-643-shkola-1203-1;7;523
rezidentsii-arkhitektorov;osm-609-shkola-1247;osm-609-shkola-1247-1;9;671
rezidentsii-arkhitektorov;osm-549-tsentr-obrazovaniya-1480;osm-549-tsentr-obrazovaniya-1480-2;10;742
rezidentsii-arkhitektorov;osm-632-tsentr-obrazovaniya-345;osm-632-tsentr-obrazovaniya-345-1;11;835
rezidentsii-arkhitektorov;osm-210-shkola-1429-imeni-geroya-sovet;osm-210-shkola-1429-imeni-geroya-sovet-1;21;1543
rezidentsii-arkhitektorov;shkola-sodruzhestvo;shkola-sodruzhestvo-3;21;1584
rezidentsii-arkhitektorov;inzhenernaya-shkola-1581;inzhenernaya-shkola-1581-3;23;1708
rezidentsii-arkhitektorov;pushkinskaya-shkola-1500;pushkinskaya-shkola-1500-3;25;1886
rezidentsii-arkhitektorov;osm-217-shkola-415;osm-217-shkola-415-1;25;1891
rezidentsii-arkhitektorov;osm-54-shkola-1321-kovcheg;osm-54-shkola-1321-kovcheg-1;27;2027
rezidentsii-arkhitektorov;osm-20-shkola-435;osm-20-shkola-435-1;28;2092
rezidentsii-arkhitektorov;shkola-1228-lefortovo;shkola-1228-lefortovo-5;28;2112
rezidentsii-arkhitektorov;shkola-315;shkola-315-1;30;2217
rezidentsii-skolkovo;osm-655-shkola-a-status;osm-655-shkola-a-status-1;5;356
rezidentsii-vorontsova;shkola-tsentra-pedagogicheskogo-masterstva-tspm;shkola-tsentra-pedagogicheskogo-masterstva-tspm-2;2;182
rezidentsii-vorontsova;shkola-pokrovskiy-kvartal;shkola-pokrovskiy-kvartal-7;5;380
rezidentsii-vorontsova;osm-650-pravoslavnaya-svyato-petrovska;osm-650-pravoslavnaya-svyato-petrovska-1;10;779
rezidentsii-vorontsova;shkola-sotrudnichestva;shkola-sotrudnichestva-2;11;836
rezidentsii-vorontsova;shkola-2104-na-taganke;shkola-2104-na-taganke-2;11;851
rezidentsii-vorontsova;osm-482-tsentr-obrazovaniya-1685;osm-482-tsentr-obrazovaniya-1685-1;12;913
rezidentsii-vorontsova;osm-368-svyato-vladimirskaya-shkola;osm-368-svyato-vladimirskaya-shkola-1;12;925
rezidentsii-vorontsova;inzhenernaya-shkola-1581;inzhenernaya-shkola-1581-2;13;1002
rezidentsii-vorontsova;litsey-niu-vshe;litsey-niu-vshe-3;14;1062
rezidentsii-vorontsova;osm-601-shkola-1621-drevo-zhizni;osm-601-shkola-1621-drevo-zhizni-1;22;1644
rezidentsii-vorontsova;osm-637-shkola-1271;osm-637-shkola-1271-1;23;1691
rezidentsii-vorontsova;osm-496-spetsshkola-486;osm-496-spetsshkola-486-1;23;1724
rezidentsii-vorontsova;osm-672-shkola-518;osm-672-shkola-518-1;24;1786
rezidentsii-vorontsova;shkola-1270-vektor;shkola-1270-vektor-2;25;1894
rezidentsii-vorontsova;osm-554-chastnaya-shkola-bnot-menahem;osm-554-chastnaya-shkola-bnot-menahem-1;25;1912
rezidentsii-vorontsova;osm-497-shkola-498;osm-497-shkola-498-1;27;2011
rezidentsii-vorontsova;osm-549-tsentr-obrazovaniya-1480;osm-549-tsentr-obrazovaniya-1480-1;28;2118
rezidentsii-vorontsova;shkola-algoritm;shkola-algoritm-1;29;2211
rezidentsii-vorontsova;pushkinskaya-shkola-1500;pushkinskaya-shkola-1500-4;29;2211
rezidentsii-vorontsova;osm-636-frantsuzskiy-litsey-im-a-dyuma;osm-636-frantsuzskiy-litsey-im-a-dyuma-1;30;2217
rezidentsiya-1864;osm-525-shkola-1323;osm-525-shkola-1323-1;9;686
rezidentsiya-1864;shkola-1799;shkola-1799-3;9;701
rezidentsiya-1864;osm-672-shkola-518;osm-672-shkola-518-1;15;1151
rezidentsiya-1864;osm-331-elizavetinskaya-gimnaziya;osm-331-elizavetinskaya-gimnaziya-1;17;1281
rezidentsiya-1864;litsey-niu-vshe;litsey-niu-vshe-4;20;1503
rezidentsiya-1864;shkola-1259;shkola-1259-2;22;1617
rezidentsiya-1864;pyatdesyat-sedmaya-shkola;pyatdesyat-sedmaya-shkola-3;22;1649
rezidentsiya-1864;shkola-627-im-d-d-lelyushenko;shkola-627-im-d-d-lelyushenko-2;23;1745
rezidentsiya-1864;osm-368-svyato-vladimirskaya-shkola;osm-368-svyato-vladimirskaya-shkola-1;23;1751
rezidentsiya-1864;shkola-179;shkola-179-1;25;1841
rezidentsiya-1864;osm-567-pirogovskaya-shkola;osm-567-pirogovskaya-shkola-1;25;1909
rezidentsiya-1864;shkola-pokrovskiy-kvartal;shkola-pokrovskiy-kvartal-1;27;2056
rezidentsiya-1864;osm-648-frantsuzskiy-litsey-im-aleksan;osm-648-frantsuzskiy-litsey-im-aleksan-1;27;2058
rezidentsiya-1864;shkola-1529-imeni-a-s-griboedova;shkola-1529-imeni-a-s-griboedova-4;28;2065
rezidentsiya-1864;shkola-2104-na-taganke;shkola-2104-na-taganke-1;29;2155
rezidentsiya-1864;osm-482-tsentr-obrazovaniya-1685;osm-482-tsentr-obrazovaniya-1685-1;30;2223
rezidentsiya-1864;shkola-1231-im-v-d-polenova;shkola-1231-im-v-d-polenova-4;30;2246
rezidentsiya-sokolniki;evropeyskaya-gimnaziya;evropeyskaya-gimnaziya-1;14;1064
rezidentsiya-sokolniki;shkola-1282-sokolniki;shkola-1282-sokolniki-2;18;1320
rezidentsiya-sokolniki;osm-597-shkola-1297;osm-597-shkola-1297-2;25;1864
rezidentsiya-sokolniki;osm-604-shkola-1525;osm-604-shkola-1525-1;26;1976
rezidentsiya-sokolniki;osm-435-gimnaziya-mgups;osm-435-gimnaziya-mgups-1;28;2097
rezidentsiya-sokolniki;pushkinskaya-shkola-1500;pushkinskaya-shkola-1500-3;29;2162
rezidentsiya-sokolniki;shkola-1530-shkola-lomonosova;shkola-1530-shkola-lomonosova-1;29;2198
ridzh;shkola-marina-roscha-im-v-f-orlova;shkola-marina-roscha-im-v-f-orlova-2;9;704
ridzh;shkola-tsentra-pedagogicheskogo-masterstva-tspm;shkola-tsentra-pedagogicheskogo-masterstva-tspm-1;16;1185
ridzh;osm-467-shkola-237;osm-467-shkola-237-1;16;1236
ridzh;shkola-2107;shkola-2107-2;23;1715
ridzh;shkola-1518;shkola-1518-2;24;1822
ridzh;osm-597-shkola-1297;osm-597-shkola-1297-2;25;1838
ridzh;shkola-1531-im-s-k-godovikova;shkola-1531-im-s-k-godovikova-2;25;1885
ridzh;pervyy-moskovskiy-obrazovatelnyy-kompleks;pervyy-moskovskiy-obrazovatelnyy-kompleks-3;25;1886
ridzh;osm-441-shkola-1956;osm-441-shkola-1956-1;26;1980
ridzh;osm-436-shkola-259;osm-436-shkola-259-1;27;2018
ridzh;osm-428-gimnaziya-1572;osm-428-gimnaziya-1572-1;29;2151
ridzh;osm-272-shkola-potentsial;osm-272-shkola-potentsial-1;30;2225
riga-hills;osm-390-shkola-12;osm-390-shkola-12-1;12;925
riga-hills;osm-145-gimnaziya-6;osm-145-gimnaziya-6-1;18;1356
riga-hills;osm-133-gimnaziya-5;osm-133-gimnaziya-5-1;18;1382
riga-hills;osm-292-gimnaziya-7;osm-292-gimnaziya-7-1;25;1863
riga-hills;osm-419-svyato-georgievskaya-gimnaziya;osm-419-svyato-georgievskaya-gimnaziya-1;28;2069
river-park;shkola-1770;shkola-1770-1;3;243
river-park;shkola-1527;shkola-1527-4;9;661
river-park;osm-560-gbou-shkola-514-zdanie-2;osm-560-gbou-shkola-514-zdanie-2-2;11;830
river-park;osm-18-shkola-epos;osm-18-shkola-epos-1;14;1086
river-park;osm-109-detskiy-ozdorovitelno-obrazova;osm-109-detskiy-ozdorovitelno-obrazova-1;15;1098
river-park;osm-450-litsey-1523;osm-450-litsey-1523-1;16;1178
river-park;shkola-463-im-d-n-medvedeva;shkola-463-im-d-n-medvedeva-2;17;1266
river-park;osm-397-shkola-samson;osm-397-shkola-samson-1;21;1594
river-park-kutuzovskiy;osm-46-akademicheskaya-gimnaziya;osm-46-akademicheskaya-gimnaziya-1;1;63
river-park-kutuzovskiy;obrazovatelnyy-tsentr-proton;obrazovatelnyy-tsentr-proton-1;10;786
river-park-kutuzovskiy;osm-11-srednyaya-shkola-72;osm-11-srednyaya-shkola-72-1;19;1400
river-park-kutuzovskiy;shkola-2048;shkola-2048-1;19;1449
river-park-kutuzovskiy;romanovskaya-shkola;romanovskaya-shkola-4;22;1632
river-park-kutuzovskiy;osm-351-shkola-1253;osm-351-shkola-1253-2;24;1833
river-park-kutuzovskiy;osm-183-tsentr-obrazovaniya-1497;osm-183-tsentr-obrazovaniya-1497-1;26;1983
river-park-kutuzovskiy;osm-412-shkola-1114;osm-412-shkola-1114-1;27;1998
rodina-park;osm-23-shkola-800;osm-23-shkola-800-1;7;512
rodina-park;osm-430-shkola-589;osm-430-shkola-589-1;10;743
rodina-park;osm-640-shkola-koreyskogo-posolstva;osm-640-shkola-koreyskogo-posolstva-1;12;923
rodina-park;osm-120-shkola-714;osm-120-shkola-714-1;13;967
rodina-park;osm-165-shkola-809;osm-165-shkola-809-1;15;1130
rodina-park;shkola-1400;shkola-1400-1;17;1296
rodina-park;osm-25-shkola-65;osm-25-shkola-65-1;19;1442
rodina-park;shkola-384;shkola-384-1;23;1749
rodina-park;osm-104-shkola-749;osm-104-shkola-749-1;24;1764
rodina-park;shkola-1195-im-p-i-merenkova;shkola-1195-im-p-i-merenkova-2;26;1923
rodina-park;lomonosovskaya-shkola;lomonosovskaya-shkola-3;28;2091
rodina-park;osm-27-shkola-802;osm-27-shkola-802-1;30;2228
rodina-peredelkino;shkola-1467;shkola-1467-1;9;705
rodina-peredelkino;shkola-1018;shkola-1018-1;9;711
rodina-peredelkino;osm-469-shkola-1014;osm-469-shkola-1014-1;12;866
rodina-peredelkino;osm-470-shkola-1015;osm-470-shkola-1015-1;13;982
rodina-peredelkino;osm-212-shkola-1017;osm-212-shkola-1017-1;14;1087
rodina-peredelkino;shkola-1238;shkola-1238-1;18;1332
rodina-peredelkino;osm-415-shkola-1933;osm-415-shkola-1933-1;20;1499
rodina-peredelkino;shkola-1596;shkola-1596-2;22;1661
rodina-peredelkino;osm-414-shkola-1124;osm-414-shkola-1124-1;23;1734
rodina-peredelkino;osm-416-shkola-1376;osm-416-shkola-1376-1;25;1894
rodina-peredelkino;shkola-1788;shkola-1788-1;28;2093
rodina-peredelkino;osm-465-shkola-1455;osm-465-shkola-1455-1;29;2141
rogozhskiy-val-12;osm-497-shkola-498;osm-497-shkola-498-3;5;376
rogozhskiy-val-12;osm-546-shkola-1221;osm-546-shkola-1221-1;7;535
rogozhskiy-val-12;osm-592-shkola-457;osm-592-shkola-457-1;9;656
rogozhskiy-val-12;shkola-1468;shkola-1468-2;10;719
rogozhskiy-val-12;osm-361-shkola-1216;osm-361-shkola-1216-1;10;785
rogozhskiy-val-12;shkola-1270-vektor;shkola-1270-vektor-2;11;818
rogozhskiy-val-12;osm-671-shkola-88;osm-671-shkola-88-1;12;869
rogozhskiy-val-12;osm-432-gbou-sosh-480;osm-432-gbou-sosh-480-1;12;923
rogozhskiy-val-12;osm-496-spetsshkola-486;osm-496-spetsshkola-486-1;14;1059
rogozhskiy-val-12;osm-628-shkola-480-im;osm-628-shkola-480-im-1;16;1198
rogozhskiy-val-12;shkola-sotrudnichestva;shkola-sotrudnichestva-1;18;1315
rogozhskiy-val-12;osm-216-litsey-1303;osm-216-litsey-1303-1;19;1432
rogozhskiy-val-12;osm-191-shkola-1229;osm-191-shkola-1229-1;19;1448
rogozhskiy-val-12;osm-649-kadetskaya-shkola-1785;osm-649-kadetskaya-shkola-1785-1;20;1518
rogozhskiy-val-12;shkola-im-v-v-mayakovskogo;shkola-im-v-v-mayakovskogo-1;20;1529
rogozhskiy-val-12;shkola-2104-na-taganke;shkola-2104-na-taganke-3;22;1629
rogozhskiy-val-12;osm-48-shkola-467;osm-48-shkola-467-1;22;1644
rogozhskiy-val-12;inzhenernaya-shkola-1581;inzhenernaya-shkola-1581-2;22;1667
rogozhskiy-val-12;osm-637-shkola-1271;osm-637-shkola-1271-1;24;1778
rogozhskiy-val-12;osm-543-internat-tretiy-moskovskiy-kad;osm-543-internat-tretiy-moskovskiy-kad-1;26;1962
rogozhskiy-val-12;osm-167-internat-4;osm-167-internat-4-1;27;2007
rogozhskiy-val-12;osm-482-tsentr-obrazovaniya-1685;osm-482-tsentr-obrazovaniya-1685-1;29;2190
rotterdam;osm-41-mezhdunarodnyy-innovatsionnyy-;osm-41-mezhdunarodnyy-innovatsionnyy--1;11;852
rotterdam;shkola-630-im-g-p-kravchenko;shkola-630-im-g-p-kravchenko-6;19;1437
rotterdam;shkola-507;shkola-507-2;23;1726
rozhdestvenka-8;litsey-niu-vshe;litsey-niu-vshe-1;10;713
rozhdestvenka-8;pushkinskaya-shkola-1500;pushkinskaya-shkola-1500-4;10;735
rozhdestvenka-8;shkola-algoritm;shkola-algoritm-1;10;736
rozhdestvenka-8;shkola-2054;shkola-2054-1;11;860
rozhdestvenka-8;osm-636-frantsuzskiy-litsey-im-a-dyuma;osm-636-frantsuzskiy-litsey-im-a-dyuma-1;12;879
rozhdestvenka-8;osm-114-shkola-vuz-sovremennoe-obrazov;osm-114-shkola-vuz-sovremennoe-obrazov-1;13;969
rozhdestvenka-8;osm-43-russkaya-klassicheskaya-gimnaz;osm-43-russkaya-klassicheskaya-gimnaz-1;13;997
rozhdestvenka-8;shkola-1284;shkola-1284-1;15;1088
rozhdestvenka-8;osm-554-chastnaya-shkola-bnot-menahem;osm-554-chastnaya-shkola-bnot-menahem-1;18;1339
rozhdestvenka-8;shkola-179;shkola-179-1;19;1394
rozhdestvenka-8;osm-92-shkolnoe-otdelenie-22-litseya-;osm-92-shkolnoe-otdelenie-22-litseya--1;19;1440
rozhdestvenka-8;shkola-2107;shkola-2107-5;20;1501
rozhdestvenka-8;osm-21-shkola-1113;osm-21-shkola-1113-1;22;1645
rozhdestvenka-8;shkola-1234;shkola-1234-4;23;1757
rozhdestvenka-8;shkola-1520-im-kaptsovyh;shkola-1520-im-kaptsovyh-2;24;1773
rozhdestvenka-8;shkola-pokrovskiy-kvartal;shkola-pokrovskiy-kvartal-6;24;1776
rozhdestvenka-8;osm-601-shkola-1621-drevo-zhizni;osm-601-shkola-1621-drevo-zhizni-1;24;1802
rozhdestvenka-8;shkola-1574;shkola-1574-1;25;1864
rozhdestvenka-8;shkola-1501;shkola-1501-1;25;1889
rozhdestvenka-8;osm-646-shkola-1388;osm-646-shkola-1388-1;26;1916
rozhdestvenka-8;osm-360-tsentr-obrazovaniya-1441-bronn;osm-360-tsentr-obrazovaniya-1441-bronn-1;29;2169
rozhdestvenka-8;osm-583-shkola-123;osm-583-shkola-123-1;29;2172
rozhdestvenka-8;osm-368-svyato-vladimirskaya-shkola;osm-368-svyato-vladimirskaya-shkola-1;30;2241
russkie-sezony;osm-525-shkola-1323;osm-525-shkola-1323-1;7;533
russkie-sezony;osm-672-shkola-518;osm-672-shkola-518-1;11;796
russkie-sezony;osm-331-elizavetinskaya-gimnaziya;osm-331-elizavetinskaya-gimnaziya-1;11;810
russkie-sezony;shkola-1799;shkola-1799-3;12;903
russkie-sezony;shkola-627-im-d-d-lelyushenko;shkola-627-im-d-d-lelyushenko-4;15;1125
russkie-sezony;shkola-1259;shkola-1259-1;16;1225
russkie-sezony;osm-648-frantsuzskiy-litsey-im-aleksan;osm-648-frantsuzskiy-litsey-im-aleksan-1;23;1689
russkie-sezony;osm-567-pirogovskaya-shkola;osm-567-pirogovskaya-shkola-1;23;1718
russkie-sezony;osm-571-shkola-1262;osm-571-shkola-1262-1;23;1740
russkie-sezony;litsey-niu-vshe;litsey-niu-vshe-4;24;1765
russkie-sezony;osm-368-svyato-vladimirskaya-shkola;osm-368-svyato-vladimirskaya-shkola-1;25;1864
russkie-sezony;osm-482-tsentr-obrazovaniya-1685;osm-482-tsentr-obrazovaniya-1685-1;26;1928
russkie-sezony;ekonomicheskiy-litsey-reu-im-g-v-plehanova;ekonomicheskiy-litsey-reu-im-g-v-plehanova-1;26;1965
russkie-sezony;osm-650-pravoslavnaya-svyato-petrovska;osm-650-pravoslavnaya-svyato-petrovska-1;27;1997
russkie-sezony;shkola-2104-na-taganke;shkola-2104-na-taganke-1;27;2049
russkie-sezony;shkola-pokrovskiy-kvartal;shkola-pokrovskiy-kvartal-1;28;2097
russkie-sezony;osm-544-shkola-553;osm-544-shkola-553-1;29;2159
rustaveli-14;osm-561-shkola-252;osm-561-shkola-252-1;8;618
rustaveli-14;shkola-1236-im-s-v-milashenkova;shkola-1236-im-s-v-milashenkova-4;18;1372
rustaveli-14;osm-441-shkola-1956;osm-441-shkola-1956-1;24;1804
rustaveli-14;shkola-218;shkola-218-2;26;1919
rustaveli-14;osm-562-shkola-1164;osm-562-shkola-1164-1;27;1990
rustaveli-14;osm-513-finansovo-ekonomicheskaya-shko;osm-513-finansovo-ekonomicheskaya-shko-1;28;2096
rustaveli-14;shkola-1494;shkola-1494-2;29;2144
rustaveli-14;osm-630-shkola-968;osm-630-shkola-968-1;29;2172
rustaveli-14;osm-436-shkola-259;osm-436-shkola-259-1;30;2231
s5;shkola-152;shkola-152-1;2;157
s5;shkola-tehnologii-obucheniya;shkola-tehnologii-obucheniya-2;10;740
s5;shkola-1575;shkola-1575-1;11;830
s5;novaya-gumanitarnaya-shkola;novaya-gumanitarnaya-shkola-1;13;953
s5;shkola-1601-im-e-k-lyutikova;shkola-1601-im-e-k-lyutikova-5;15;1112
s5;osm-602-gimnaziya-svet;osm-602-gimnaziya-svet-1;15;1150
s5;inzhenerno-tehnicheskaya-shkola-im-p-r-popovicha;inzhenerno-tehnicheskaya-shkola-im-p-r-popovicha-2;16;1180
s5;shkola-1409;shkola-1409-2;18;1369
s5;osm-596-petrovskaya-shkola;osm-596-petrovskaya-shkola-1;20;1507
s5;litsey-finansovogo-universiteta;litsey-finansovogo-universiteta-1;22;1661
s5;shkola-1287;shkola-1287-2;24;1808
s5;osm-447-litsey-1550;osm-447-litsey-1550-2;24;1811
s5;shkola-1384;shkola-1384-3;27;1988
s5;shkola-218;shkola-218-1;28;2123
s5;osm-562-shkola-1164;osm-562-shkola-1164-2;28;2134
s5;shkola-internat-2;shkola-internat-2-1;29;2140
sadovnicheskaya-69;shkola-1259;shkola-1259-2;7;495
sadovnicheskaya-69;shkola-627-im-d-d-lelyushenko;shkola-627-im-d-d-lelyushenko-4;12;870
sadovnicheskaya-69;osm-672-shkola-518;osm-672-shkola-518-1;12;876
sadovnicheskaya-69;osm-497-shkola-498;osm-497-shkola-498-1;16;1182
sadovnicheskaya-69;osm-637-shkola-1271;osm-637-shkola-1271-1;18;1361
sadovnicheskaya-69;osm-543-internat-tretiy-moskovskiy-kad;osm-543-internat-tretiy-moskovskiy-kad-1;20;1517
sadovnicheskaya-69;shkola-2104-na-taganke;shkola-2104-na-taganke-1;21;1562
sadovnicheskaya-69;shkola-sotrudnichestva;shkola-sotrudnichestva-1;22;1661
sadovnicheskaya-69;osm-331-elizavetinskaya-gimnaziya;osm-331-elizavetinskaya-gimnaziya-1;23;1693
sadovnicheskaya-69;osm-496-spetsshkola-486;osm-496-spetsshkola-486-1;23;1707
sadovnicheskaya-69;osm-525-shkola-1323;osm-525-shkola-1323-1;23;1735
sadovnicheskaya-69;ekonomicheskiy-litsey-reu-im-g-v-plehanova;ekonomicheskiy-litsey-reu-im-g-v-plehanova-1;24;1793
sadovnicheskaya-69;osm-571-shkola-1262;osm-571-shkola-1262-1;26;1959
sadovnicheskaya-69;shkola-1799;shkola-1799-4;27;2026
sadovnicheskaya-69;shkola-1270-vektor;shkola-1270-vektor-1;28;2085
sadovnicheskaya-69;osm-648-frantsuzskiy-litsey-im-aleksan;osm-648-frantsuzskiy-litsey-im-aleksan-1;28;2090
sadovnicheskaya-69;litsey-niu-vshe;litsey-niu-vshe-4;28;2119
sadovnicheskaya-69;osm-368-svyato-vladimirskaya-shkola;osm-368-svyato-vladimirskaya-shkola-1;30;2218
sadovnicheskaya-69;osm-482-tsentr-obrazovaniya-1685;osm-482-tsentr-obrazovaniya-1685-1;30;2218
sady-mayendorf;osm-690-barvihinskaya-srednyaya-obsche;osm-690-barvihinskaya-srednyaya-obsche-1;22;1635
sady-mayendorf;osm-678-shkola-velikih-otkrytiy;osm-678-shkola-velikih-otkrytiy-1;28;2098
savvinskaya-17;osm-528-spetsshkola-30;osm-528-spetsshkola-30-1;8;568
savvinskaya-17;meditsinskiy-sechenovskiy-preduniversariy;meditsinskiy-sechenovskiy-preduniversariy-1;9;693
savvinskaya-17;shkola-1535;shkola-1535-2;11;808
savvinskaya-17;chastnaya-shkola-zolotoe-sechenie;chastnaya-shkola-zolotoe-sechenie-1;15;1151
savvinskaya-17;shkola-1231-im-v-d-polenova;shkola-1231-im-v-d-polenova-6;15;1162
savvinskaya-17;osm-30-filippovskaya-shkola;osm-30-filippovskaya-shkola-1;19;1398
savvinskaya-17;pyatdesyat-sedmaya-shkola;pyatdesyat-sedmaya-shkola-1;21;1601
savvinskaya-17;osm-498-shkola-54;osm-498-shkola-54-1;22;1638
savvinskaya-17;osm-195-shkola-45;osm-195-shkola-45-1;22;1671
savvinskaya-17;osm-157-shkola-1465-imeni-admirala-n;osm-157-shkola-1465-imeni-admirala-n-2;24;1779
savvinskaya-17;osm-616-shkola-pri-posolstve-indii;osm-616-shkola-pri-posolstve-indii-1;25;1903
savvinskaya-17;shkola-1253;shkola-1253-1;29;2196
savvinskaya-27;meditsinskiy-sechenovskiy-preduniversariy;meditsinskiy-sechenovskiy-preduniversariy-1;8;589
savvinskaya-27;osm-528-spetsshkola-30;osm-528-spetsshkola-30-1;9;655
savvinskaya-27;shkola-1535;shkola-1535-2;9;703
savvinskaya-27;chastnaya-shkola-zolotoe-sechenie;chastnaya-shkola-zolotoe-sechenie-1;16;1230
savvinskaya-27;shkola-1231-im-v-d-polenova;shkola-1231-im-v-d-polenova-6;16;1236
savvinskaya-27;osm-30-filippovskaya-shkola;osm-30-filippovskaya-shkola-1;17;1286
savvinskaya-27;osm-498-shkola-54;osm-498-shkola-54-1;20;1527
savvinskaya-27;osm-195-shkola-45;osm-195-shkola-45-1;21;1567
savvinskaya-27;pyatdesyat-sedmaya-shkola;pyatdesyat-sedmaya-shkola-1;23;1688
savvinskaya-27;osm-157-shkola-1465-imeni-admirala-n;osm-157-shkola-1465-imeni-admirala-n-2;24;1824
savvinskaya-27;osm-616-shkola-pri-posolstve-indii;osm-616-shkola-pri-posolstve-indii-1;26;1949
savvinskaya-27;shkola-171;shkola-171-1;29;2145
scala;shkola-315;shkola-315-1;5;388
scala;osm-604-shkola-1525;osm-604-shkola-1525-1;9;708
scala;pushkinskaya-shkola-1500;pushkinskaya-shkola-1500-3;12;928
scala;osm-210-shkola-1429-imeni-geroya-sovet;osm-210-shkola-1429-imeni-geroya-sovet-1;19;1404
scala;osm-632-tsentr-obrazovaniya-345;osm-632-tsentr-obrazovaniya-345-1;19;1413
scala;shkola-1530-shkola-lomonosova;shkola-1530-shkola-lomonosova-3;19;1415
scala;shkola-1282-sokolniki;shkola-1282-sokolniki-2;20;1507
scala;shkola-354-im-d-m-karbysheva;shkola-354-im-d-m-karbysheva-3;22;1640
scala;evropeyskaya-gimnaziya;evropeyskaya-gimnaziya-1;23;1720
scala;osm-609-shkola-1247;osm-609-shkola-1247-1;24;1832
scala;osm-643-shkola-1203;osm-643-shkola-1203-1;28;2110
scala;inzhenernaya-shkola-1581;inzhenernaya-shkola-1581-3;28;2119
scala;osm-549-tsentr-obrazovaniya-1480;osm-549-tsentr-obrazovaniya-1480-2;29;2165
self;shkola-1360;shkola-1360-2;6;466
self;osm-437-shkola-363;osm-437-shkola-363-1;8;585
self;shkola-1797-bogorodskaya;shkola-1797-bogorodskaya-1;9;666
self;osm-314-tsentr-obrazovaniya-1452-bogor;osm-314-tsentr-obrazovaniya-1452-bogor-1;11;806
self;osm-305-shkola-390;osm-305-shkola-390-1;13;976
self;osm-396-shkola-374;osm-396-shkola-374-1;14;1029
self;shkola-1080;shkola-1080-1;15;1124
self;osm-395-shkola-442;osm-395-shkola-442-1;17;1284
self;osm-380-shkola-318;osm-380-shkola-318-1;18;1367
self;osm-221-gimnaziya-1799-shkolnoe-otdele;osm-221-gimnaziya-1799-shkolnoe-otdele-1;20;1491
self;osm-136-shkola-internat-5-preobrazhens;osm-136-shkola-internat-5-preobrazhens-1;23;1707
self;heritage-school;heritage-school-1;23;1708
self;osm-38-shkola-370-im;osm-38-shkola-370-im-1;24;1765
self;osm-381-shkola-362;osm-381-shkola-362-1;24;1779
self;osm-394-shkola-365;osm-394-shkola-365-1;24;1809
self;osm-575-shkola-1502-energiya;osm-575-shkola-1502-energiya-2;25;1878
self;osm-422-chastnaya-nachalnaya-shkola-ga;osm-422-chastnaya-nachalnaya-shkola-ga-1;26;1933
self;osm-529-shkola-internat-30-im-k-a-mika;osm-529-shkola-internat-30-im-k-a-mika-1;28;2070
self;shkola-1404-gamma;shkola-1404-gamma-1;28;2096
self;osm-615-chastnaya-shkola-akademicheska;osm-615-chastnaya-shkola-akademicheska-1;28;2137
seliger-siti;osm-445-litsey-1594;osm-445-litsey-1594-1;10;745
seliger-siti;osm-443-shkola-660;osm-443-shkola-660-1;17;1282
seliger-siti;shkola-656-im-a-s-makarenko;shkola-656-im-a-s-makarenko-3;19;1444
seliger-siti;osm-403-shkola-1884;osm-403-shkola-1884-1;21;1545
seliger-siti;shkola-beskudnikovo;shkola-beskudnikovo-1;25;1866
seliger-siti;shkola-1383;shkola-1383-2;26;1927
seliger-siti;osm-386-shkola-272;osm-386-shkola-272-1;26;1971
seliger-siti;osm-559-progimnaziya-1661;osm-559-progimnaziya-1661-1;29;2157
seliger-siti;shkola-183;shkola-183-1;29;2200
seliger-siti;osm-181-gimnaziya-1592;osm-181-gimnaziya-1592-1;30;2220
seliger-siti;shkola-1794-im-a-s-chufistova;shkola-1794-im-a-s-chufistova-2;30;2243
serebryanyy-bor;shkola-138;shkola-138-1;7;500
serebryanyy-bor;kurchatovskaya-shkola;kurchatovskaya-shkola-2;7;511
serebryanyy-bor;osm-511-horoshevskaya-progimnaziya;osm-511-horoshevskaya-progimnaziya-1;15;1096
serebryanyy-bor;shkola-1517;shkola-1517-1;16;1176
serebryanyy-bor;shkola-1210;shkola-1210-2;18;1315
serebryanyy-bor;shkola-1515;shkola-1515-2;18;1340
serebryanyy-bor;shkola-1560-lider;shkola-1560-lider-3;22;1663
serebryanyy-bor;shkola-1212-schukino;shkola-1212-schukino-1;25;1856
serebryanyy-bor;osm-187-tsentr-obrazovaniya-1854;osm-187-tsentr-obrazovaniya-1854-1;27;2010
serebryanyy-bor;shkola-1874;shkola-1874-1;27;2053
serebryanyy-bor;mezhdunarodnaya-shkola-integratsiya-xxi-vek;mezhdunarodnaya-shkola-integratsiya-xxi-vek-2;29;2148
set;shkola-97;shkola-97-1;16;1168
set;lomonosovskaya-shkola;lomonosovskaya-shkola-2;17;1253
set;klassicheskiy-pansion-mgu;klassicheskiy-pansion-mgu-1;17;1286
set;shkola-814;shkola-814-4;24;1804
set;shkola-1589;shkola-1589-1;26;1945
set;shkola-intellektual;shkola-intellektual-1;27;2061
set;shkola-1195-im-p-i-merenkova;shkola-1195-im-p-i-merenkova-1;30;2215
severnyy-port-beregovye-kvartaly;shkola-158;shkola-158-1;12;933
severnyy-port-beregovye-kvartaly;cambridge-international-school-cis;cambridge-international-school-cis-1;21;1556
severnyy-port-beregovye-kvartaly;shkola-167-im-l-a-govorova;shkola-167-im-l-a-govorova-1;22;1648
severnyy-port-beregovye-kvartaly;osm-115-vysshaya-kommercheskaya-shkola;osm-115-vysshaya-kommercheskaya-shkola-1;25;1885
sezar-budushchee;shkola-1288-im-n-v-troyan;shkola-1288-im-n-v-troyan-3;18;1335
sezar-budushchee;osm-545-shkola-340;osm-545-shkola-340-1;25;1853
sezar-budushchee;pansion-vospitannits-ministerstva-oborony-rf;pansion-vospitannits-ministerstva-oborony-rf-1;26;1968
sezar-budushchee;shkola-2048;shkola-2048-1;27;2005
sezar-budushchee;osm-612-shkola-2055;osm-612-shkola-2055-1;28;2112
sezar-silika;shkola-1560-lider;shkola-1560-lider-1;11;829
sezar-silika;shkola-1522-im-v-i-churkina;shkola-1522-im-v-i-churkina-1;20;1469
sezar-silika;osm-453-gbou-sosh-shkola-1010-korpus-3;osm-453-gbou-sosh-shkola-1010-korpus-3-1;20;1534
sezar-silika;osm-351-shkola-1253;osm-351-shkola-1253-2;23;1757
sezar-silika;shkola-141-im-riharda-zorge;shkola-141-im-riharda-zorge-1;28;2100
sezar-silika;horoshevskaya-shkola-horoshkola;horoshevskaya-shkola-horoshkola-1;29;2210
sezar-siti;shkola-1288-im-n-v-troyan;shkola-1288-im-n-v-troyan-4;12;918
sezar-siti;pansion-vospitannits-ministerstva-oborony-rf;pansion-vospitannits-ministerstva-oborony-rf-1;18;1335
sezar-siti;shkola-141-im-riharda-zorge;shkola-141-im-riharda-zorge-1;30;2243
shabolovka-34;litsey-vorobevy-gory;litsey-vorobevy-gory-2;6;456
shabolovka-34;chastnaya-shkola-zolotoe-sechenie;chastnaya-shkola-zolotoe-sechenie-2;8;588
shabolovka-34;shkola-1799;shkola-1799-2;8;619
shabolovka-34;shkola-stolitsa-kit;shkola-stolitsa-kit-1;10;753
shabolovka-34;shkola-1553-im-v-i-vernadskogo;shkola-1553-im-v-i-vernadskogo-2;12;900
shabolovka-34;litsey-ranhigs;litsey-ranhigs-1;13;960
shabolovka-34;shkola-630-im-g-p-kravchenko;shkola-630-im-g-p-kravchenko-4;13;991
shabolovka-34;osm-37-svyato-dimitrievskaya-shkola;osm-37-svyato-dimitrievskaya-shkola-1;14;1014
shabolovka-34;osm-633-baumanskaya-inzhenernaya-shkol;osm-633-baumanskaya-inzhenernaya-shkol-1;19;1388
shabolovka-34;osm-544-shkola-553;osm-544-shkola-553-1;21;1581
shabolovka-34;shkola-1257;shkola-1257-1;23;1712
shabolovka-34;shkola-547;shkola-547-2;24;1819
shabolovka-34;osm-571-shkola-1262;osm-571-shkola-1262-1;26;1951
shabolovka-34;osm-648-frantsuzskiy-litsey-im-aleksan;osm-648-frantsuzskiy-litsey-im-aleksan-1;27;2013
shabolovka-34;shkola-627-im-d-d-lelyushenko;shkola-627-im-d-d-lelyushenko-1;28;2090
shabolovka-34;osm-567-pirogovskaya-shkola;osm-567-pirogovskaya-shkola-1;29;2152
shabolovka-34;ekonomicheskiy-litsey-reu-im-g-v-plehanova;ekonomicheskiy-litsey-reu-im-g-v-plehanova-1;29;2161
shagal;osm-585-shkola-548-tsaritsyno;osm-585-shkola-548-tsaritsyno-1;12;868
shagal;shkola-547;shkola-547-2;28;2125
shagal;osm-501-shkola-494-im;osm-501-shkola-494-im-1;30;2218
shelepikha;romanovskaya-shkola;romanovskaya-shkola-4;10;762
shelepikha;shkola-2048;shkola-2048-1;12;913
shelepikha;osm-545-shkola-340;osm-545-shkola-340-1;15;1142
shelepikha;osm-46-akademicheskaya-gimnaziya;osm-46-akademicheskaya-gimnaziya-1;20;1503
shelepikha;osm-351-shkola-1253;osm-351-shkola-1253-2;22;1617
shelepikha;obrazovatelnyy-tsentr-proton;obrazovatelnyy-tsentr-proton-1;23;1746
shelepikha;osm-612-shkola-2055;osm-612-shkola-2055-1;26;1983
shelepikha;shkola-2030;shkola-2030-1;27;2030
shift;osm-633-baumanskaya-inzhenernaya-shkol;osm-633-baumanskaya-inzhenernaya-shkol-1;6;475
shift;shkola-630-im-g-p-kravchenko;shkola-630-im-g-p-kravchenko-1;13;968
shift;osm-429-sosh-198;osm-429-sosh-198-1;13;989
shift;osm-431-shkola-1266;osm-431-shkola-1266-1;19;1454
shift;litsey-vorobevy-gory;litsey-vorobevy-gory-2;20;1465
shift;shkola-192;shkola-192-1;20;1470
shift;chastnaya-shkola-zolotoe-sechenie;chastnaya-shkola-zolotoe-sechenie-2;21;1551
shift;osm-37-svyato-dimitrievskaya-shkola;osm-37-svyato-dimitrievskaya-shkola-1;22;1684
shift;osm-33-shkola-viktoriya-2000;osm-33-shkola-viktoriya-2000-1;25;1860
shift;shkola-1799;shkola-1799-2;26;1925
shift;shkola-stolitsa-kit;shkola-stolitsa-kit-1;27;2008
shift;shkola-171;shkola-171-2;29;2166
shift;shkola-547;shkola-547-2;30;2216
shift;litsey-ranhigs;litsey-ranhigs-1;30;2232
sidney-siti;osm-351-shkola-1253;osm-351-shkola-1253-2;3;243
sidney-siti;shkola-2048;shkola-2048-1;15;1098
sidney-siti;osm-46-akademicheskaya-gimnaziya;osm-46-akademicheskaya-gimnaziya-1;26;1965
sidney-siti;shkola-1560-lider;shkola-1560-lider-1;27;2006
sidney-siti;romanovskaya-shkola;romanovskaya-shkola-4;28;2116
sikret-garden;osm-59-shkola-115;osm-59-shkola-115-1;16;1184
sikret-garden;osm-118-shkola-49;osm-118-shkola-49-2;17;1251
sikret-garden;shkola-170-im-a-p-chehova;shkola-170-im-a-p-chehova-3;18;1313
sikret-garden;osm-158-shkola-1100;osm-158-shkola-1100-1;22;1661
sikret-garden;shkola-15;shkola-15-1;25;1842
sikret-garden;osm-255-obrazovatelnyy-tsentr-gazprom;osm-255-obrazovatelnyy-tsentr-gazprom-1;28;2076
sikret-garden;shkola-1514;shkola-1514-4;28;2096
sikret-garden;shkola-1948-lingvist-m;shkola-1948-lingvist-m-2;29;2175
sikret-garden;osm-593-shkola-46;osm-593-shkola-46-1;29;2207
simfoniya-34;osm-562-shkola-1164;osm-562-shkola-1164-1;6;426
simfoniya-34;shkola-218;shkola-218-2;14;1028
simfoniya-34;shkola-1454-timiryazevskaya;shkola-1454-timiryazevskaya-4;14;1060
simfoniya-34;shkola-1601-im-e-k-lyutikova;shkola-1601-im-e-k-lyutikova-5;17;1312
simfoniya-34;osm-602-gimnaziya-svet;osm-602-gimnaziya-svet-1;18;1321
simfoniya-34;osm-596-petrovskaya-shkola;osm-596-petrovskaya-shkola-1;19;1428
simfoniya-34;pervyy-moskovskiy-kadetskiy-korpus;pervyy-moskovskiy-kadetskiy-korpus-1;21;1575
simfoniya-34;inzhenerno-tehnicheskaya-shkola-im-p-r-popovicha;inzhenerno-tehnicheskaya-shkola-im-p-r-popovicha-1;25;1873
simfoniya-34;shkola-1236-im-s-v-milashenkova;shkola-1236-im-s-v-milashenkova-3;25;1879
simfoniya-34;shkola-1575;shkola-1575-1;27;2002
simfoniya-34;osm-561-shkola-252;osm-561-shkola-252-1;28;2130
simonovskiy-val;osm-355-shkola-462;osm-355-shkola-462-1;7;540
simonovskiy-val;osm-654-shkola-463-im;osm-654-shkola-463-im-1;12;917
simonovskiy-val;osm-229-shkola-500;osm-229-shkola-500-1;12;934
simonovskiy-val;shkola-im-v-v-mayakovskogo;shkola-im-v-v-mayakovskogo-2;13;952
simonovskiy-val;shkola-1272;shkola-1272-1;21;1538
simonovskiy-val;osm-167-internat-4;osm-167-internat-4-1;21;1555
simonovskiy-val;shkola-2129-im-p-i-romanova;shkola-2129-im-p-i-romanova-5;22;1634
simonovskiy-val;osm-48-shkola-467;osm-48-shkola-467-1;22;1658
simonovskiy-val;osm-501-shkola-494-im;osm-501-shkola-494-im-1;27;2011
simonovskiy-val;shkola-1270-vektor;shkola-1270-vektor-1;29;2193
simvol;osm-216-litsey-1303;osm-216-litsey-1303-1;7;522
simvol;osm-191-shkola-1229;osm-191-shkola-1229-1;8;569
simvol;osm-54-shkola-1321-kovcheg;osm-54-shkola-1321-kovcheg-1;9;692
simvol;osm-217-shkola-415;osm-217-shkola-415-1;11;820
simvol;osm-592-shkola-457;osm-592-shkola-457-1;15;1122
simvol;shkola-sodruzhestvo;shkola-sodruzhestvo-3;18;1313
simvol;shkola-1468;shkola-1468-2;18;1382
simvol;osm-634-baumanskaya-inzhenernaya-shkol;osm-634-baumanskaya-inzhenernaya-shkol-1;19;1396
simvol;osm-546-shkola-1221;osm-546-shkola-1221-1;22;1636
simvol;osm-213-shkola-xxi-vek;osm-213-shkola-xxi-vek-1;25;1858
simvol;shkola-1270-vektor;shkola-1270-vektor-2;25;1900
simvol;osm-497-shkola-498;osm-497-shkola-498-3;26;1966
simvol;shkola-1228-lefortovo;shkola-1228-lefortovo-6;28;2066
simvol;inzhenernaya-shkola-1581;inzhenernaya-shkola-1581-2;29;2138
simvol;osm-671-shkola-88;osm-671-shkola-88-1;29;2142
siti-bey;kurchatovskaya-shkola;kurchatovskaya-shkola-6;3;224
siti-bey;shkola-2097;shkola-2097-1;19;1437
siti-bey;shkola-1285;shkola-1285-4;21;1551
siti-bey;shkola-727;shkola-727-1;24;1835
siti-bey;shkola-1538;shkola-1538-1;30;2241
sitimiks;shkola-na-prospekte-vernadskogo;shkola-na-prospekte-vernadskogo-1;11;797
sitimiks;shkola-1543;shkola-1543-2;12;884
sitimiks;osm-608-shkola-1307-troparevo;osm-608-shkola-1307-troparevo-2;12;910
sitimiks;litsey-prezidentskoy-akademii-ranhigs;litsey-prezidentskoy-akademii-ranhigs-1;13;1011
sitimiks;osm-162-shkola-14;osm-162-shkola-14-2;16;1219
sitimiks;shkola-875;shkola-875-1;19;1461
sitimiks;osm-29-nemetskaya-shkola-v-moskve;osm-29-nemetskaya-shkola-v-moskve-1;24;1811
sitimiks;osm-14-shkola-promo-m;osm-14-shkola-promo-m-1;25;1871
sitimiks;osm-287-shkola-51;osm-287-shkola-51-1;25;1899
sitimiks;shkola-109;shkola-109-1;26;1919
sitimiks;shkola-1329;shkola-1329-2;27;2002
sitimiks;shkola-1317;shkola-1317-1;28;2109
sitimiks;shkola-843;shkola-843-2;30;2222
sitizen;shkola-830;shkola-830-1;10;723
sitizen;osm-336-shkola-1005;osm-336-shkola-1005-1;22;1625
sitizen;shkola-1285;shkola-1285-1;26;1967
sitizen;shkola-1874;shkola-1874-2;28;2109
skay-garden;shkola-1285;shkola-1285-4;7;492
skay-garden;shkola-727;shkola-727-1;18;1380
skay-garden;shkola-2097;shkola-2097-1;21;1573
skay-garden;kurchatovskaya-shkola;kurchatovskaya-shkola-6;25;1851
skolkovo-one;osm-655-shkola-a-status;osm-655-shkola-a-status-1;8;615
skolkovo-park;osm-655-shkola-a-status;osm-655-shkola-a-status-1;12;913
skolkovo-park;osm-629-zarechenskaya-srednyaya-obsche;osm-629-zarechenskaya-srednyaya-obsche-1;26;1915
skolkovo-park;osm-47-kembridzhskaya-mezhdunarodnaya;osm-47-kembridzhskaya-mezhdunarodnaya-1;26;1919
sky-house;shkola-1553-im-v-i-vernadskogo;shkola-1553-im-v-i-vernadskogo-2;8;572
sky-house;osm-544-shkola-553;osm-544-shkola-553-1;8;622
sky-house;litsey-ranhigs;litsey-ranhigs-1;8;632
sky-house;shkola-630-im-g-p-kravchenko;shkola-630-im-g-p-kravchenko-4;9;650
sky-house;shkola-1799;shkola-1799-2;11;805
sky-house;shkola-stolitsa-kit;shkola-stolitsa-kit-1;12;895
sky-house;shkola-627-im-d-d-lelyushenko;shkola-627-im-d-d-lelyushenko-1;15;1132
sky-house;chastnaya-shkola-zolotoe-sechenie;chastnaya-shkola-zolotoe-sechenie-2;15;1137
sky-house;ekonomicheskiy-litsey-reu-im-g-v-plehanova;ekonomicheskiy-litsey-reu-im-g-v-plehanova-1;16;1203
sky-house;litsey-vorobevy-gory;litsey-vorobevy-gory-2;17;1251
sky-house;osm-571-shkola-1262;osm-571-shkola-1262-1;18;1318
sky-house;shkola-1257;shkola-1257-1;20;1498
sky-house;osm-648-frantsuzskiy-litsey-im-aleksan;osm-648-frantsuzskiy-litsey-im-aleksan-1;20;1508
sky-house;osm-567-pirogovskaya-shkola;osm-567-pirogovskaya-shkola-1;23;1710
sky-house;shkola-547;shkola-547-2;23;1733
sky-house;osm-37-svyato-dimitrievskaya-shkola;osm-37-svyato-dimitrievskaya-shkola-1;24;1804
sky-house;shkola-1259;shkola-1259-1;25;1846
sky-house;osm-331-elizavetinskaya-gimnaziya;osm-331-elizavetinskaya-gimnaziya-1;27;2019
sky-house;osm-633-baumanskaya-inzhenernaya-shkol;osm-633-baumanskaya-inzhenernaya-shkol-1;29;2183
slava;osm-447-litsey-1550;osm-447-litsey-1550-2;3;218
slava;shkola-1601-im-e-k-lyutikova;shkola-1601-im-e-k-lyutikova-3;15;1128
slava;osm-344-kadetskaya-shkola-1784;osm-344-kadetskaya-shkola-1784-2;17;1249
slava;shkola-1288-im-n-v-troyan;shkola-1288-im-n-v-troyan-5;21;1612
slava;shkola-1570;shkola-1570-1;22;1620
slava;shkola-1409;shkola-1409-2;22;1638
slava;shkola-152;shkola-152-1;22;1657
slava;osm-596-petrovskaya-shkola;osm-596-petrovskaya-shkola-1;23;1718
slava;pansion-vospitannits-ministerstva-oborony-rf;pansion-vospitannits-ministerstva-oborony-rf-1;23;1752
slava;osm-602-gimnaziya-svet;osm-602-gimnaziya-svet-1;29;2166
slava;osm-562-shkola-1164;osm-562-shkola-1164-2;29;2168
slava;shkola-1575;shkola-1575-1;29;2175
slava;shkola-tehnologii-obucheniya;shkola-tehnologii-obucheniya-2;30;2233
sobytie;klassicheskiy-pansion-mgu;klassicheskiy-pansion-mgu-2;12;928
sobytie;tsois-moskva-98;tsois-moskva-98-2;17;1271
sobytie;osm-539-shkola-37;osm-539-shkola-37-2;20;1503
sobytie;osm-468-shkola-1119;osm-468-shkola-1119-1;23;1762
sobytie;shkola-1434-ramenki;shkola-1434-ramenki-1;25;1863
sobytie;shkola-814;shkola-814-1;30;2229
sokolinn-park;shkola-1360;shkola-1360-2;4;337
sokolinn-park;osm-396-shkola-374;osm-396-shkola-374-1;10;766
sokolinn-park;osm-437-shkola-363;osm-437-shkola-363-1;12;864
sokolinn-park;shkola-1797-bogorodskaya;shkola-1797-bogorodskaya-1;13;991
sokolinn-park;osm-305-shkola-390;osm-305-shkola-390-1;14;1058
sokolinn-park;osm-314-tsentr-obrazovaniya-1452-bogor;osm-314-tsentr-obrazovaniya-1452-bogor-1;14;1061
sokolinn-park;shkola-1080;shkola-1080-1;19;1449
sokolinn-park;osm-395-shkola-442;osm-395-shkola-442-1;21;1544
sokolinn-park;osm-136-shkola-internat-5-preobrazhens;osm-136-shkola-internat-5-preobrazhens-1;22;1641
sokolinn-park;osm-380-shkola-318;osm-380-shkola-318-1;22;1645
sokolinn-park;osm-221-gimnaziya-1799-shkolnoe-otdele;osm-221-gimnaziya-1799-shkolnoe-otdele-1;24;1771
sokolinn-park;osm-422-chastnaya-nachalnaya-shkola-ga;osm-422-chastnaya-nachalnaya-shkola-ga-1;24;1803
sokolinn-park;osm-615-chastnaya-shkola-akademicheska;osm-615-chastnaya-shkola-akademicheska-1;25;1894
sokolinn-park;heritage-school;heritage-school-1;26;1931
sokolinn-park;shkola-1404-gamma;shkola-1404-gamma-1;26;1967
sokolinn-park;osm-394-shkola-365;osm-394-shkola-365-1;27;2026
sokolinn-park;osm-381-shkola-362;osm-381-shkola-362-1;28;2067
sokolinn-park;osm-38-shkola-370-im;osm-38-shkola-370-im-1;28;2069
sokolinn-park;osm-575-shkola-1502-energiya;osm-575-shkola-1502-energiya-2;28;2100
solos;evropeyskaya-gimnaziya;evropeyskaya-gimnaziya-1;12;871
solos;shkola-1282-sokolniki;shkola-1282-sokolniki-2;15;1126
solos;osm-604-shkola-1525;osm-604-shkola-1525-1;23;1750
solos;osm-597-shkola-1297;osm-597-shkola-1297-2;25;1845
solos;pushkinskaya-shkola-1500;pushkinskaya-shkola-1500-3;26;1936
solos;shkola-1530-shkola-lomonosova;shkola-1530-shkola-lomonosova-1;27;2005
solos;osm-435-gimnaziya-mgups;osm-435-gimnaziya-mgups-1;28;2080
solos;shkola-315;shkola-315-1;29;2143
solos;shkola-2107;shkola-2107-2;30;2232
soul;inzhenerno-tehnicheskaya-shkola-im-p-r-popovicha;inzhenerno-tehnicheskaya-shkola-im-p-r-popovicha-3;12;863
soul;osm-402-shkola-684;osm-402-shkola-684-1;12;885
soul;shkola-internat-2;shkola-internat-2-1;14;1021
soul;shkola-1575;shkola-1575-2;16;1191
soul;shkola-1384;shkola-1384-1;18;1327
soul;shkola-152;shkola-152-3;18;1352
soul;britanskaya-mezhdunarodnaya-shkola-bis;britanskaya-mezhdunarodnaya-shkola-bis-3;19;1396
soul;shkola-1576;shkola-1576-2;20;1513
soul;litsey-finansovogo-universiteta;litsey-finansovogo-universiteta-1;21;1555
soul;shkola-1249;shkola-1249-1;21;1572
soul;shkola-1252-im-servantesa;shkola-1252-im-servantesa-2;22;1628
soul;novaya-gumanitarnaya-shkola;novaya-gumanitarnaya-shkola-1;24;1815
soul;shkola-1251-im-sharlya-de-gollya;shkola-1251-im-sharlya-de-gollya-1;25;1912
soul;osm-374-shkola-149-imeni-geroya-sovets;osm-374-shkola-149-imeni-geroya-sovets-1;27;2005
soul;shkola-1287;shkola-1287-2;27;2028
soul;shkola-tehnologii-obucheniya;shkola-tehnologii-obucheniya-2;27;2037
soyuz;osm-576-tsentr-obrazovaniya-264;osm-576-tsentr-obrazovaniya-264-1;9;708
soyuz;shkola-950;shkola-950-5;11;834
soyuz;shkola-sviblovo;shkola-sviblovo-6;16;1163
soyuz;osm-45-pravoslavnaya-shkola-im-prepod;osm-45-pravoslavnaya-shkola-im-prepod-1;16;1235
soyuz;shkola-1554;shkola-1554-4;24;1787
soyuz;osm-577-shkola-959;osm-577-shkola-959-1;24;1796
soyuz;osm-578-shkola-240;osm-578-shkola-240-1;25;1862
springs;osm-188-navigatskaya-shkola;osm-188-navigatskaya-shkola-1;4;285
springs;osm-186-shkola-262;osm-186-shkola-262-1;7;543
springs;osm-184-shkola-73;osm-184-shkola-73-1;9;697
springs;shkola-2101;shkola-2101-2;14;1069
springs;osm-170-psihonevrologicheskiy-internat;osm-170-psihonevrologicheskiy-internat-1;15;1132
springs;shkola-1248;shkola-1248-3;20;1527
springs;shkola-887;shkola-887-2;21;1572
springs;mediko-biologicheskaya-shkola-vita;mediko-biologicheskaya-shkola-vita-1;21;1600
springs;osm-55-shkola-888;osm-55-shkola-888-1;22;1617
springs;osm-614-shkola-1699;osm-614-shkola-1699-1;24;1796
springs;osm-139-spetsshkola-6;osm-139-spetsshkola-6-1;27;1988
sreda-na-lobachevskogo;klassicheskiy-pansion-mgu;klassicheskiy-pansion-mgu-2;14;1064
sreda-na-lobachevskogo;shkola-814;shkola-814-4;20;1516
sreda-na-lobachevskogo;shkola-97;shkola-97-1;29;2177
stella-di-mosca;shkola-1520-im-kaptsovyh;shkola-1520-im-kaptsovyh-1;5;339
stella-di-mosca;osm-583-shkola-123;osm-583-shkola-123-1;6;476
stella-di-mosca;shkola-2123-im-migelya-ernandesa;shkola-2123-im-migelya-ernandesa-1;12;896
stella-di-mosca;osm-569-shkola-110;osm-569-shkola-110-1;12;899
stella-di-mosca;shkola-179;shkola-179-1;12;910
stella-di-mosca;shkola-91;shkola-91-1;13;947
stella-di-mosca;pyatdesyat-sedmaya-shkola;pyatdesyat-sedmaya-shkola-3;15;1101
stella-di-mosca;osm-360-tsentr-obrazovaniya-1441-bronn;osm-360-tsentr-obrazovaniya-1441-bronn-1;18;1324
stella-di-mosca;shkola-1231-im-v-d-polenova;shkola-1231-im-v-d-polenova-5;18;1372
stella-di-mosca;shkola-1234;shkola-1234-1;19;1395
stella-di-mosca;osm-563-shkola-1239;osm-563-shkola-1239-1;21;1560
stella-di-mosca;osm-34-shkola-1331-molodaya-iveriya;osm-34-shkola-1331-molodaya-iveriya-1;21;1562
stella-di-mosca;shkola-1529-imeni-a-s-griboedova;shkola-1529-imeni-a-s-griboedova-3;21;1592
stella-di-mosca;shkola-2054;shkola-2054-2;21;1595
stella-di-mosca;osm-21-shkola-1113;osm-21-shkola-1113-2;25;1862
stella-di-mosca;shkola-1574;shkola-1574-1;26;1952
stella-di-mosca;osm-92-shkolnoe-otdelenie-22-litseya-;osm-92-shkolnoe-otdelenie-22-litseya--1;26;1972
stella-di-mosca;shkola-1950;shkola-1950-2;28;2122
stella-di-mosca;osm-636-frantsuzskiy-litsey-im-a-dyuma;osm-636-frantsuzskiy-litsey-im-a-dyuma-1;29;2139
stella-di-mosca;litsey-niu-vshe;litsey-niu-vshe-1;29;2169
stellar-siti;osm-47-kembridzhskaya-mezhdunarodnaya;osm-47-kembridzhskaya-mezhdunarodnaya-1;15;1122
stellar-siti;osm-629-zarechenskaya-srednyaya-obsche;osm-629-zarechenskaya-srednyaya-obsche-1;16;1165
stellar-siti;shkola-384;shkola-384-2;18;1350
stellar-siti;osm-655-shkola-a-status;osm-655-shkola-a-status-1;29;2201
stone-blik;osm-41-mezhdunarodnyy-innovatsionnyy-;osm-41-mezhdunarodnyy-innovatsionnyy--1;7;489
stone-blik;shkola-630-im-g-p-kravchenko;shkola-630-im-g-p-kravchenko-6;13;983
stone-blik;shkola-547;shkola-547-2;27;1995
stone-blik;shkola-507;shkola-507-1;29;2209
stories-na-mosfilmovskoy;tsois-moskva-98;tsois-moskva-98-2;11;840
stories-na-mosfilmovskoy;klassicheskiy-pansion-mgu;klassicheskiy-pansion-mgu-2;13;999
stories-na-mosfilmovskoy;osm-539-shkola-37;osm-539-shkola-37-2;24;1784
stories-na-mosfilmovskoy;osm-468-shkola-1119;osm-468-shkola-1119-1;25;1839
stories-na-mosfilmovskoy;shkola-1329;shkola-1329-1;27;2046
stories-na-mosfilmovskoy;shkola-1434-ramenki;shkola-1434-ramenki-1;27;2056
stoun-greyn;osm-158-shkola-1100;osm-158-shkola-1100-1;7;559
stoun-greyn;shkola-1514;shkola-1514-4;13;990
stoun-greyn;osm-59-shkola-115;osm-59-shkola-115-1;20;1473
stoun-greyn;shkola-117;shkola-117-3;21;1544
stoun-greyn;osm-230-kadetskaya-shkola-internat-69;osm-230-kadetskaya-shkola-internat-69-1;21;1570
stoun-greyn;osm-231-shkola-internat-62;osm-231-shkola-internat-62-1;21;1592
stoun-greyn;shkola-121;shkola-121-1;21;1608
stoun-greyn;shkola-170-im-a-p-chehova;shkola-170-im-a-p-chehova-1;24;1775
stoun-greyn;osm-232-tsentr-obrazovaniya-1311-thiya;osm-232-tsentr-obrazovaniya-1311-thiya-1;25;1846
stoun-greyn;osm-593-shkola-46;osm-593-shkola-46-1;25;1874
stoun-greyn;osm-218-shkola-1379;osm-218-shkola-1379-1;28;2071
stoun-greyn;shkola-1948-lingvist-m;shkola-1948-lingvist-m-2;28;2086
stoun-greyn;osm-485-shkola-1361;osm-485-shkola-1361-1;28;2121
stoun-greyn;osm-484-shkola-1264;osm-484-shkola-1264-1;29;2162
stoun-greyn;osm-58-shkola-108;osm-58-shkola-108-2;30;2222
stoun-greyn;osm-118-shkola-49;osm-118-shkola-49-2;30;2223
stoun-greyn;osm-255-obrazovatelnyy-tsentr-gazprom;osm-255-obrazovatelnyy-tsentr-gazprom-1;30;2224
stoun-rayz;osm-216-litsey-1303;osm-216-litsey-1303-1;7;522
stoun-rayz;osm-191-shkola-1229;osm-191-shkola-1229-1;8;569
stoun-rayz;osm-54-shkola-1321-kovcheg;osm-54-shkola-1321-kovcheg-1;9;692
stoun-rayz;osm-217-shkola-415;osm-217-shkola-415-1;11;820
stoun-rayz;osm-592-shkola-457;osm-592-shkola-457-1;15;1122
stoun-rayz;shkola-sodruzhestvo;shkola-sodruzhestvo-3;18;1313
stoun-rayz;shkola-1468;shkola-1468-2;18;1382
stoun-rayz;osm-634-baumanskaya-inzhenernaya-shkol;osm-634-baumanskaya-inzhenernaya-shkol-1;19;1396
stoun-rayz;osm-546-shkola-1221;osm-546-shkola-1221-1;22;1636
stoun-rayz;osm-213-shkola-xxi-vek;osm-213-shkola-xxi-vek-1;25;1858
stoun-rayz;shkola-1270-vektor;shkola-1270-vektor-2;25;1900
stoun-rayz;osm-497-shkola-498;osm-497-shkola-498-3;26;1966
stoun-rayz;shkola-1228-lefortovo;shkola-1228-lefortovo-6;28;2066
stoun-rayz;inzhenernaya-shkola-1581;inzhenernaya-shkola-1581-2;29;2138
stoun-rayz;osm-671-shkola-88;osm-671-shkola-88-1;29;2142
stoun-sokolniki;inzhenernaya-shkola-1581;inzhenernaya-shkola-1581-3;11;856
stoun-sokolniki;osm-385-shkola-444;osm-385-shkola-444-1;12;874
stoun-sokolniki;shkola-1530-shkola-lomonosova;shkola-1530-shkola-lomonosova-2;12;933
stoun-sokolniki;shkola-na-yauze;shkola-na-yauze-1;15;1147
stoun-sokolniki;osm-210-shkola-1429-imeni-geroya-sovet;osm-210-shkola-1429-imeni-geroya-sovet-1;16;1192
stoun-sokolniki;shkola-1282-sokolniki;shkola-1282-sokolniki-1;17;1279
stoun-sokolniki;osm-20-shkola-435;osm-20-shkola-435-1;20;1489
stoun-sokolniki;osm-424-shkola-378;osm-424-shkola-378-1;23;1708
stoun-sokolniki;osm-575-shkola-1502-energiya;osm-575-shkola-1502-energiya-1;24;1812
stoun-sokolniki;shkola-315;shkola-315-1;24;1837
stoun-sokolniki;osm-258-shkola-1301-im;osm-258-shkola-1301-im-1;26;1961
stoun-sokolniki;osm-609-shkola-1247;osm-609-shkola-1247-1;26;1987
stoun-sokolniki;osm-604-shkola-1525;osm-604-shkola-1525-1;27;2001
strana-ozernaya;shkola-2025;shkola-2025-2;10;730
strana-ozernaya;shkola-843;shkola-843-1;14;1033
strana-ozernaya;shkola-1741;shkola-1741-1;16;1166
strana-ozernaya;shkola-1329;shkola-1329-2;20;1537
strana-ozernaya;shkola-1317;shkola-1317-1;26;1923
strana-ozernaya;osm-162-shkola-14;osm-162-shkola-14-1;28;2114
strogino-360;osm-584-shkola-58;osm-584-shkola-58-1;17;1293
strogino-360;osm-340-kadetskaya-shkola-1700;osm-340-kadetskaya-shkola-1700-1;21;1585
strogino-360;osm-176-shkola-feniks;osm-176-shkola-feniks-1;22;1665
strogino-360;shkola-1155;shkola-1155-1;23;1715
strogino-360;shkola-1619-im-m-i-tsvetaevoy;shkola-1619-im-m-i-tsvetaevoy-1;23;1753
svet;shkola-656-im-a-s-makarenko;shkola-656-im-a-s-makarenko-2;9;678
svet;osm-445-litsey-1594;osm-445-litsey-1594-1;10;757
svet;osm-386-shkola-272;osm-386-shkola-272-1;15;1118
svet;osm-443-shkola-660;osm-443-shkola-660-1;16;1228
svet;shkola-beskudnikovo;shkola-beskudnikovo-1;17;1239
svet;shkola-183;shkola-183-1;19;1430
svet;osm-181-gimnaziya-1592;osm-181-gimnaziya-1592-1;19;1449
svet;shkola-1794-im-a-s-chufistova;shkola-1794-im-a-s-chufistova-5;20;1537
svet;osm-517-nachalnaya-shkola-1826;osm-517-nachalnaya-shkola-1826-1;21;1544
svet;shkola-1383;shkola-1383-1;21;1593
svet;osm-444-shkola-1121;osm-444-shkola-1121-1;22;1650
svet;osm-403-shkola-1884;osm-403-shkola-1884-1;22;1662
svet;osm-559-progimnaziya-1661;osm-559-progimnaziya-1661-1;24;1777
svet;osm-527-shkola-849;osm-527-shkola-849-1;24;1825
svet;shkola-1296;shkola-1296-1;28;2068
sydney-prime;osm-351-shkola-1253;osm-351-shkola-1253-2;7;561
sydney-prime;shkola-2048;shkola-2048-1;14;1061
sydney-prime;romanovskaya-shkola;romanovskaya-shkola-4;28;2079
sydney-prime;osm-46-akademicheskaya-gimnaziya;osm-46-akademicheskaya-gimnaziya-1;29;2177
tate;osm-441-shkola-1956;osm-441-shkola-1956-1;12;931
tate;osm-467-shkola-237;osm-467-shkola-237-1;19;1443
tate;shkola-marina-roscha-im-v-f-orlova;shkola-marina-roscha-im-v-f-orlova-2;23;1705
tate;shkola-tsentra-pedagogicheskogo-masterstva-tspm;shkola-tsentra-pedagogicheskogo-masterstva-tspm-1;29;2162
tate;osm-436-shkola-259;osm-436-shkola-259-1;29;2190
tatum;osm-158-shkola-1100;osm-158-shkola-1100-1;18;1343
tatum;osm-59-shkola-115;osm-59-shkola-115-1;19;1429
tatum;osm-118-shkola-49;osm-118-shkola-49-2;23;1725
tatum;shkola-170-im-a-p-chehova;shkola-170-im-a-p-chehova-1;23;1731
tatum;shkola-1514;shkola-1514-3;23;1754
tatum;osm-593-shkola-46;osm-593-shkola-46-1;24;1831
tatum;shkola-15;shkola-15-1;27;2016
tatum;shkola-121;shkola-121-1;27;2060
tatum;osm-255-obrazovatelnyy-tsentr-gazprom;osm-255-obrazovatelnyy-tsentr-gazprom-1;28;2069
tatum;shkola-117;shkola-117-3;28;2103
tatum;shkola-1948-lingvist-m;shkola-1948-lingvist-m-2;29;2154
teatralnyy-kvartal;kurchatovskaya-shkola;kurchatovskaya-shkola-2;3;236
teatralnyy-kvartal;shkola-138;shkola-138-1;9;700
teatralnyy-kvartal;shkola-1212-schukino;shkola-1212-schukino-1;20;1494
teatralnyy-kvartal;shkola-1515;shkola-1515-2;21;1574
teatralnyy-kvartal;osm-511-horoshevskaya-progimnaziya;osm-511-horoshevskaya-progimnaziya-1;23;1760
teatralnyy-kvartal;mezhdunarodnaya-shkola-integratsiya-xxi-vek;mezhdunarodnaya-shkola-integratsiya-xxi-vek-2;24;1785
teatralnyy-kvartal;shkola-1517;shkola-1517-1;25;1840
teatralnyy-kvartal;shkola-1560-lider;shkola-1560-lider-3;25;1874
teatralnyy-kvartal;shkola-1210;shkola-1210-2;26;1959
tessinskiy-v;osm-650-pravoslavnaya-svyato-petrovska;osm-650-pravoslavnaya-svyato-petrovska-1;1;81
tessinskiy-v;osm-482-tsentr-obrazovaniya-1685;osm-482-tsentr-obrazovaniya-1685-1;6;473
tessinskiy-v;shkola-2104-na-taganke;shkola-2104-na-taganke-2;9;686
tessinskiy-v;shkola-tsentra-pedagogicheskogo-masterstva-tspm;shkola-tsentra-pedagogicheskogo-masterstva-tspm-2;10;772
tessinskiy-v;shkola-pokrovskiy-kvartal;shkola-pokrovskiy-kvartal-1;11;789
tessinskiy-v;osm-368-svyato-vladimirskaya-shkola;osm-368-svyato-vladimirskaya-shkola-1;13;994
tessinskiy-v;litsey-niu-vshe;litsey-niu-vshe-4;14;1087
tessinskiy-v;inzhenernaya-shkola-1581;inzhenernaya-shkola-1581-2;15;1110
tessinskiy-v;shkola-sotrudnichestva;shkola-sotrudnichestva-2;15;1131
tessinskiy-v;osm-637-shkola-1271;osm-637-shkola-1271-1;18;1315
tessinskiy-v;osm-672-shkola-518;osm-672-shkola-518-1;20;1467
tessinskiy-v;osm-496-spetsshkola-486;osm-496-spetsshkola-486-1;23;1709
tessinskiy-v;osm-497-shkola-498;osm-497-shkola-498-1;24;1801
tessinskiy-v;shkola-1270-vektor;shkola-1270-vektor-2;25;1883
tessinskiy-v;shkola-1259;shkola-1259-2;26;1979
tessinskiy-v;osm-601-shkola-1621-drevo-zhizni;osm-601-shkola-1621-drevo-zhizni-1;28;2074
tessinskiy-v;osm-525-shkola-1323;osm-525-shkola-1323-1;29;2154
tessinskiy-v;osm-554-chastnaya-shkola-bnot-menahem;osm-554-chastnaya-shkola-bnot-menahem-1;29;2209
teyt;osm-441-shkola-1956;osm-441-shkola-1956-1;12;931
teyt;osm-467-shkola-237;osm-467-shkola-237-1;19;1443
teyt;shkola-marina-roscha-im-v-f-orlova;shkola-marina-roscha-im-v-f-orlova-2;23;1705
teyt;shkola-tsentra-pedagogicheskogo-masterstva-tspm;shkola-tsentra-pedagogicheskogo-masterstva-tspm-1;29;2162
teyt;osm-436-shkola-259;osm-436-shkola-259-1;29;2190
the-lake;shkola-sviblovo;shkola-sviblovo-1;6;424
the-lake;osm-45-pravoslavnaya-shkola-im-prepod;osm-45-pravoslavnaya-shkola-im-prepod-1;18;1364
the-lake;pervyy-moskovskiy-obrazovatelnyy-kompleks;pervyy-moskovskiy-obrazovatelnyy-kompleks-4;22;1679
the-lake;osm-507-shkola-1097;osm-507-shkola-1097-1;28;2111
the-lake;shkola-1499-im-i-a-dokukina;shkola-1499-im-i-a-dokukina-1;30;2220
the-lot-by-akvilon;shkola-627-im-d-d-lelyushenko;shkola-627-im-d-d-lelyushenko-3;5;371
the-lot-by-akvilon;shkola-1553-im-v-i-vernadskogo;shkola-1553-im-v-i-vernadskogo-1;10;755
the-lot-by-akvilon;ekonomicheskiy-litsey-reu-im-g-v-plehanova;ekonomicheskiy-litsey-reu-im-g-v-plehanova-1;13;966
the-lot-by-akvilon;osm-544-shkola-553;osm-544-shkola-553-1;19;1395
the-lot-by-akvilon;shkola-1259;shkola-1259-1;20;1528
the-lot-by-akvilon;shkola-1257;shkola-1257-1;23;1704
the-lot-by-akvilon;osm-571-shkola-1262;osm-571-shkola-1262-1;24;1766
the-lot-by-akvilon;shkola-630-im-g-p-kravchenko;shkola-630-im-g-p-kravchenko-4;24;1836
the-lot-by-akvilon;litsey-ranhigs;litsey-ranhigs-1;25;1865
the-lot-by-akvilon;shkola-547;shkola-547-1;27;2049
the-lot-by-akvilon;shkola-stolitsa-kit;shkola-stolitsa-kit-1;28;2129
the-lot-by-akvilon;osm-543-internat-tretiy-moskovskiy-kad;osm-543-internat-tretiy-moskovskiy-kad-1;28;2133
the-lot-by-akvilon;osm-648-frantsuzskiy-litsey-im-aleksan;osm-648-frantsuzskiy-litsey-im-aleksan-1;30;2238
tishinskiy-bulvar;romanovskaya-shkola;romanovskaya-shkola-2;2;164
tishinskiy-bulvar;shkola-1950;shkola-1950-2;14;1068
tishinskiy-bulvar;shkola-1574;shkola-1574-2;17;1257
tishinskiy-bulvar;osm-642-tsentr-obrazovaniya-1447;osm-642-tsentr-obrazovaniya-1447-1;18;1334
tishinskiy-bulvar;osm-586-moskovskaya-ekonomicheskaya-sh;osm-586-moskovskaya-ekonomicheskaya-sh-1;25;1871
tishinskiy-bulvar;osm-568-pushkinskaya-gimnaziya-na-pres;osm-568-pushkinskaya-gimnaziya-na-pres-1;25;1883
tishinskiy-bulvar;osm-36-shkola-viktoriya;osm-36-shkola-viktoriya-1;27;2016
tishinskiy-bulvar;shkola-1241-na-krasnoy-presne;shkola-1241-na-krasnoy-presne-2;27;2046
tishinskiy-bulvar;osm-344-kadetskaya-shkola-1784;osm-344-kadetskaya-shkola-1784-1;28;2068
tishinskiy-bulvar;osm-563-shkola-1239;osm-563-shkola-1239-1;28;2088
tishinskiy-bulvar;osm-360-tsentr-obrazovaniya-1441-bronn;osm-360-tsentr-obrazovaniya-1441-bronn-1;28;2103
tishinskiy-bulvar;shkola-1540;shkola-1540-1;29;2152
tolbukhina-3;osm-23-shkola-800;osm-23-shkola-800-1;4;319
tolbukhina-3;osm-640-shkola-koreyskogo-posolstva;osm-640-shkola-koreyskogo-posolstva-1;6;415
tolbukhina-3;osm-430-shkola-589;osm-430-shkola-589-1;6;443
tolbukhina-3;osm-165-shkola-809;osm-165-shkola-809-1;8;600
tolbukhina-3;shkola-1400;shkola-1400-1;14;1013
tolbukhina-3;osm-120-shkola-714;osm-120-shkola-714-1;15;1088
tolbukhina-3;shkola-384;shkola-384-1;15;1155
tolbukhina-3;osm-25-shkola-65;osm-25-shkola-65-1;18;1352
tolbukhina-3;shkola-1195-im-p-i-merenkova;shkola-1195-im-p-i-merenkova-2;20;1534
tolbukhina-3;lomonosovskaya-shkola;lomonosovskaya-shkola-3;23;1703
tolbukhina-3;osm-26-shkola-587;osm-26-shkola-587-1;29;2196
tophills;osm-558-shkola-541;osm-558-shkola-541-1;4;309
tophills;osm-588-shkola-568;osm-588-shkola-568-1;5;393
tophills;osm-330-spetsshkola-1111;osm-330-spetsshkola-1111-1;8;613
tophills;osm-617-shkola-522;osm-617-shkola-522-1;10;776
tophills;osm-664-internat-56;osm-664-internat-56-1;11;860
tophills;shkola-626-im-n-i-sats;shkola-626-im-n-i-sats-1;13;1006
tophills;shkola-45-im-l-i-milgrama;shkola-45-im-l-i-milgrama-3;15;1148
tophills;shkola-1450-olimp;shkola-1450-olimp-4;16;1216
tophills;osm-603-shkola-517;osm-603-shkola-517-1;17;1282
tophills;osm-502-tsentr-obrazovaniya-628;osm-502-tsentr-obrazovaniya-628-1;18;1331
tophills;osm-12-internat-72;osm-12-internat-72-1;22;1669
tophills;shkola-625;shkola-625-2;25;1910
tophills;osm-112-litsey-im-sofi-nyuberg;osm-112-litsey-im-sofi-nyuberg-1;26;1914
tophills;osm-111-shkola-1280;osm-111-shkola-1280-1;26;1925
tophills;akademicheskaya-shkola-1534;akademicheskaya-shkola-1534-4;26;1936
tophills;osm-185-internat-73;osm-185-internat-73-1;27;2024
tophills;shkola-1279-evrika;shkola-1279-evrika-2;28;2074
tophills;osm-39-shkola-370;osm-39-shkola-370-1;28;2136
tophills;osm-500-shkola-im-hinksona;osm-500-shkola-im-hinksona-1;29;2141
tophills;osm-70-shkola-internat-61;osm-70-shkola-internat-61-1;29;2144
tophills;shkola-630-im-g-p-kravchenko;shkola-630-im-g-p-kravchenko-5;29;2195
tophills;osm-60-spetsialnaya-shkola-3;osm-60-spetsialnaya-shkola-3-1;29;2202
turgenev;osm-114-shkola-vuz-sovremennoe-obrazov;osm-114-shkola-vuz-sovremennoe-obrazov-1;1;109
turgenev;pushkinskaya-shkola-1500;pushkinskaya-shkola-1500-2;4;305
turgenev;shkola-1284;shkola-1284-1;4;329
turgenev;shkola-algoritm;shkola-algoritm-1;10;744
turgenev;osm-636-frantsuzskiy-litsey-im-a-dyuma;osm-636-frantsuzskiy-litsey-im-a-dyuma-1;12;915
turgenev;shkola-2054;shkola-2054-1;14;1034
turgenev;osm-554-chastnaya-shkola-bnot-menahem;osm-554-chastnaya-shkola-bnot-menahem-1;14;1037
turgenev;litsey-niu-vshe;litsey-niu-vshe-2;15;1104
turgenev;shkola-2107;shkola-2107-5;17;1305
turgenev;osm-601-shkola-1621-drevo-zhizni;osm-601-shkola-1621-drevo-zhizni-1;18;1383
turgenev;shkola-pokrovskiy-kvartal;shkola-pokrovskiy-kvartal-6;20;1483
turgenev;osm-43-russkaya-klassicheskaya-gimnaz;osm-43-russkaya-klassicheskaya-gimnaz-1;21;1552
turgenev;inzhenernaya-shkola-1581;inzhenernaya-shkola-1581-1;22;1673
turgenev;osm-368-svyato-vladimirskaya-shkola;osm-368-svyato-vladimirskaya-shkola-1;29;2170
turgenev;shkola-1501;shkola-1501-1;29;2193
turgenev;osm-92-shkolnoe-otdelenie-22-litseya-;osm-92-shkolnoe-otdelenie-22-litseya--1;30;2241
twelve;shkola-1450-olimp;shkola-1450-olimp-4;7;557
twelve;osm-502-tsentr-obrazovaniya-628;osm-502-tsentr-obrazovaniya-628-1;14;1041
twelve;osm-12-internat-72;osm-12-internat-72-1;14;1059
twelve;osm-97-litsey-504;osm-97-litsey-504-1;14;1075
twelve;shkola-507;shkola-507-2;16;1179
twelve;osm-558-shkola-541;osm-558-shkola-541-1;18;1332
twelve;osm-185-internat-73;osm-185-internat-73-1;20;1491
twelve;osm-330-spetsshkola-1111;osm-330-spetsshkola-1111-1;24;1774
twelve;osm-588-shkola-568;osm-588-shkola-568-1;24;1803
twelve;shkola-1279-evrika;shkola-1279-evrika-2;24;1803
twelve;osm-664-internat-56;osm-664-internat-56-1;25;1901
twelve;osm-103-shkola-730;osm-103-shkola-730-1;27;2007
twelve;osm-603-shkola-517;osm-603-shkola-517-1;28;2111
twelve;osm-476-shkola-vybor;osm-476-shkola-vybor-1;30;2244
u-poklonnoy-gory;osm-326-shkola-1232;osm-326-shkola-1232-1;7;496
u-poklonnoy-gory;shkola-67;shkola-67-4;10;766
u-poklonnoy-gory;osm-157-shkola-1465-imeni-admirala-n;osm-157-shkola-1465-imeni-admirala-n-3;10;775
u-poklonnoy-gory;shkola-56-imeni-akademika-v-a-legasova;shkola-56-imeni-akademika-v-a-legasova-1;13;940
u-poklonnoy-gory;shkola-tehnologii-obucheniya;shkola-tehnologii-obucheniya-1;15;1142
u-poklonnoy-gory;osm-616-shkola-pri-posolstve-indii;osm-616-shkola-pri-posolstve-indii-1;27;2046
u2;shkola-1551;shkola-1551-4;9;668
u2;shkola-830;shkola-830-3;14;1028
u2;shkola-1285;shkola-1285-3;17;1250
ultima-siti;shkola-1524;shkola-1524-3;11;849
ultima-siti;osm-234-shkola-519;osm-234-shkola-519-1;21;1550
ultima-siti;osm-156-shkola-773;osm-156-shkola-773-1;21;1579
ultima-siti;osm-155-gbou-shkola-1256;osm-155-gbou-shkola-1256-1;21;1607
ultima-siti;shkola-im-i-s-polbina;shkola-im-i-s-polbina-1;27;2042
uno-gorbunova;osm-430-shkola-589;osm-430-shkola-589-1;15;1091
uno-gorbunova;osm-23-shkola-800;osm-23-shkola-800-1;16;1167
uno-gorbunova;osm-640-shkola-koreyskogo-posolstva;osm-640-shkola-koreyskogo-posolstva-1;23;1701
uno-gorbunova;osm-165-shkola-809;osm-165-shkola-809-1;25;1886
uno-gorbunova;osm-651-nemchinovskiy-litsey;osm-651-nemchinovskiy-litsey-1;25;1908
uno-gorbunova;osm-120-shkola-714;osm-120-shkola-714-1;26;1965
uno-sokolinaya-gora;shkola-429-sokolinaya-gora;shkola-429-sokolinaya-gora-2;10;727
uno-sokolinaya-gora;osm-258-shkola-1301-im;osm-258-shkola-1301-im-2;14;1047
uno-sokolinaya-gora;osm-28-shkola-77;osm-28-shkola-77-1;14;1048
uno-sokolinaya-gora;osm-90-internat-53;osm-90-internat-53-1;22;1643
uno-sokolinaya-gora;shkola-1362;shkola-1362-2;29;2205
usacheva-22;shkola-1535;shkola-1535-1;5;405
usacheva-22;osm-30-filippovskaya-shkola;osm-30-filippovskaya-shkola-1;7;527
usacheva-22;osm-498-shkola-54;osm-498-shkola-54-1;8;589
usacheva-22;osm-195-shkola-45;osm-195-shkola-45-1;10;774
usacheva-22;pyatdesyat-sedmaya-shkola;pyatdesyat-sedmaya-shkola-1;13;939
usacheva-22;shkola-171;shkola-171-1;16;1167
usacheva-22;meditsinskiy-sechenovskiy-preduniversariy;meditsinskiy-sechenovskiy-preduniversariy-1;16;1219
usacheva-22;osm-528-spetsshkola-30;osm-528-spetsshkola-30-1;19;1394
usacheva-22;chastnaya-shkola-zolotoe-sechenie;chastnaya-shkola-zolotoe-sechenie-1;22;1625
usacheva-22;shkola-1253;shkola-1253-1;22;1630
usacheva-22;osm-33-shkola-viktoriya-2000;osm-33-shkola-viktoriya-2000-1;22;1637
usacheva-22;shkola-1231-im-v-d-polenova;shkola-1231-im-v-d-polenova-6;23;1715
usadba-demidova;shkola-354-im-d-m-karbysheva;shkola-354-im-d-m-karbysheva-1;3;238
usadba-demidova;osm-549-tsentr-obrazovaniya-1480;osm-549-tsentr-obrazovaniya-1480-2;9;658
usadba-demidova;osm-632-tsentr-obrazovaniya-345;osm-632-tsentr-obrazovaniya-345-1;11;789
usadba-demidova;inzhenernaya-shkola-1581;inzhenernaya-shkola-1581-1;11;823
usadba-demidova;osm-643-shkola-1203;osm-643-shkola-1203-1;21;1580
usadba-demidova;osm-601-shkola-1621-drevo-zhizni;osm-601-shkola-1621-drevo-zhizni-1;22;1635
usadba-demidova;shkola-pokrovskiy-kvartal;shkola-pokrovskiy-kvartal-2;22;1652
usadba-demidova;osm-609-shkola-1247;osm-609-shkola-1247-1;22;1659
usadba-demidova;litsey-niu-vshe;litsey-niu-vshe-3;22;1671
usadba-demidova;osm-554-chastnaya-shkola-bnot-menahem;osm-554-chastnaya-shkola-bnot-menahem-1;24;1779
usadba-demidova;shkola-1284;shkola-1284-2;24;1826
usadba-demidova;pushkinskaya-shkola-1500;pushkinskaya-shkola-1500-3;25;1855
usadba-demidova;osm-210-shkola-1429-imeni-geroya-sovet;osm-210-shkola-1429-imeni-geroya-sovet-1;27;1999
usadba-demidova;osm-114-shkola-vuz-sovremennoe-obrazov;osm-114-shkola-vuz-sovremennoe-obrazov-1;29;2167
usadba-demidova;shkola-315;shkola-315-1;30;2248
uzory;chastnaya-shkola-zolotoe-sechenie;chastnaya-shkola-zolotoe-sechenie-1;4;307
uzory;shkola-1231-im-v-d-polenova;shkola-1231-im-v-d-polenova-6;4;313
uzory;osm-528-spetsshkola-30;osm-528-spetsshkola-30-1;5;407
uzory;meditsinskiy-sechenovskiy-preduniversariy;meditsinskiy-sechenovskiy-preduniversariy-1;13;939
uzory;osm-157-shkola-1465-imeni-admirala-n;osm-157-shkola-1465-imeni-admirala-n-2;17;1249
uzory;osm-30-filippovskaya-shkola;osm-30-filippovskaya-shkola-1;18;1345
uzory;pyatdesyat-sedmaya-shkola;pyatdesyat-sedmaya-shkola-1;18;1362
uzory;osm-616-shkola-pri-posolstve-indii;osm-616-shkola-pri-posolstve-indii-1;18;1374
uzory;shkola-1535;shkola-1535-2;20;1477
uzory;shkola-1253;shkola-1253-1;20;1524
uzory;preduniversitariy-mglu;preduniversitariy-mglu-1;21;1554
uzory;shkola-1234;shkola-1234-2;22;1674
uzory;shkola-1529-imeni-a-s-griboedova;shkola-1529-imeni-a-s-griboedova-1;23;1731
uzory;shkola-67;shkola-67-5;25;1909
uzory;osm-326-shkola-1232;osm-326-shkola-1232-2;26;1941
uzory;shkola-tehnologii-obucheniya;shkola-tehnologii-obucheniya-1;27;1999
uzory;osm-34-shkola-1331-molodaya-iveriya;osm-34-shkola-1331-molodaya-iveriya-1;27;2059
uzory;osm-498-shkola-54;osm-498-shkola-54-1;29;2202
uzory;litsey-ranhigs;litsey-ranhigs-2;30;2224
v12;shkola-1498-moskovskaya-mezhdunarodnaya-shkola;shkola-1498-moskovskaya-mezhdunarodnaya-shkola-2;11;860
v12;shkola-1434-ramenki;shkola-1434-ramenki-1;12;935
v12;osm-468-shkola-1119;osm-468-shkola-1119-1;16;1226
v12;shkola-1306-shkola-molodyh-politikov;shkola-1306-shkola-molodyh-politikov-1;19;1419
v12;osm-539-shkola-37;osm-539-shkola-37-2;24;1804
v12;shuvalovskaya-shkola-1448;shuvalovskaya-shkola-1448-2;26;1958
v12;tsois-moskva-98;tsois-moskva-98-3;26;1985
varshavskie-vorota;osm-98-litsey-504;osm-98-litsey-504-1;10;751
varshavskie-vorota;shkola-629;shkola-629-1;11;818
varshavskie-vorota;shkola-924;shkola-924-3;15;1131
varshavskie-vorota;shkola-1245;shkola-1245-2;26;1929
varshavskie-vorota;osm-129-shkola-1069;osm-129-shkola-1069-1;29;2144
varshavskie-vorota;osm-248-tsentr-obrazovaniya-1613;osm-248-tsentr-obrazovaniya-1613-1;29;2148
veer;shkola-97;shkola-97-1;16;1168
veer;lomonosovskaya-shkola;lomonosovskaya-shkola-2;17;1253
veer;klassicheskiy-pansion-mgu;klassicheskiy-pansion-mgu-1;17;1286
veer;shkola-814;shkola-814-4;24;1804
veer;shkola-1589;shkola-1589-1;26;1945
veer;shkola-intellektual;shkola-intellektual-1;27;2061
veer;shkola-1195-im-p-i-merenkova;shkola-1195-im-p-i-merenkova-1;30;2215
veil;osm-601-shkola-1621-drevo-zhizni;osm-601-shkola-1621-drevo-zhizni-1;3;195
veil;litsey-niu-vshe;litsey-niu-vshe-2;5;360
veil;shkola-pokrovskiy-kvartal;shkola-pokrovskiy-kvartal-6;5;369
veil;osm-554-chastnaya-shkola-bnot-menahem;osm-554-chastnaya-shkola-bnot-menahem-1;6;430
veil;shkola-1284;shkola-1284-1;13;974
veil;inzhenernaya-shkola-1581;inzhenernaya-shkola-1581-1;14;1013
veil;shkola-algoritm;shkola-algoritm-1;15;1155
veil;pushkinskaya-shkola-1500;pushkinskaya-shkola-1500-4;15;1155
veil;osm-114-shkola-vuz-sovremennoe-obrazov;osm-114-shkola-vuz-sovremennoe-obrazov-1;16;1167
veil;osm-636-frantsuzskiy-litsey-im-a-dyuma;osm-636-frantsuzskiy-litsey-im-a-dyuma-1;18;1371
veil;osm-549-tsentr-obrazovaniya-1480;osm-549-tsentr-obrazovaniya-1480-1;20;1520
veil;shkola-tsentra-pedagogicheskogo-masterstva-tspm;shkola-tsentra-pedagogicheskogo-masterstva-tspm-2;21;1582
veil;shkola-354-im-d-m-karbysheva;shkola-354-im-d-m-karbysheva-1;23;1718
veil;osm-368-svyato-vladimirskaya-shkola;osm-368-svyato-vladimirskaya-shkola-1;24;1805
veil;shkola-sotrudnichestva;shkola-sotrudnichestva-2;27;2033
veil;shkola-2054;shkola-2054-1;28;2067
veil;osm-650-pravoslavnaya-svyato-petrovska;osm-650-pravoslavnaya-svyato-petrovska-1;29;2186
veil;shkola-2107;shkola-2107-4;29;2195
veresk;kurchatovskaya-shkola;kurchatovskaya-shkola-3;13;998
veresk;shkola-1560-lider;shkola-1560-lider-4;16;1163
veresk;shkola-1251-im-sharlya-de-gollya;shkola-1251-im-sharlya-de-gollya-3;21;1549
veresk;shkola-141-im-riharda-zorge;shkola-141-im-riharda-zorge-1;25;1856
veresk;osm-401-tsentr-obrazovaniya-1865;osm-401-tsentr-obrazovaniya-1865-1;27;1990
veresk;shkola-138;shkola-138-1;28;2085
veresk;osm-52-shkola-90;osm-52-shkola-90-1;28;2121
veresk;shkola-1212-schukino;shkola-1212-schukino-1;30;2238
vereyskaya-41;klassicheskiy-pansion-mgu;klassicheskiy-pansion-mgu-1;12;900
vereyskaya-41;shkola-1195-im-p-i-merenkova;shkola-1195-im-p-i-merenkova-1;19;1439
vereyskaya-41;lomonosovskaya-shkola;lomonosovskaya-shkola-3;20;1489
vereyskaya-41;osm-26-shkola-587;osm-26-shkola-587-1;25;1839
vereyskaya-41;shkola-97;shkola-97-1;25;1890
vereyskaya-41;osm-27-shkola-802;osm-27-shkola-802-1;28;2106
vereyskaya-41;osm-25-shkola-65;osm-25-shkola-65-1;29;2181
vereyskaya-41;osm-55-shkola-888;osm-55-shkola-888-1;30;2226
vereyskaya-41;shkola-1400;shkola-1400-1;30;2240
veri;osm-108-shkola-296;osm-108-shkola-296-1;8;566
veri;shkola-1494;shkola-1494-1;14;1032
veri;osm-630-shkola-968;osm-630-shkola-968-1;21;1555
veri;osm-513-finansovo-ekonomicheskaya-shko;osm-513-finansovo-ekonomicheskaya-shko-1;25;1899
veri;osm-452-shkola-1213;osm-452-shkola-1213-3;26;1923
veri;shkola-1236-im-s-v-milashenkova;shkola-1236-im-s-v-milashenkova-2;27;1991
veri-na-miklukho-maklaya;shkola-170-im-a-p-chehova;shkola-170-im-a-p-chehova-1;9;665
veri-na-miklukho-maklaya;osm-593-shkola-46;osm-593-shkola-46-1;13;1005
veri-na-miklukho-maklaya;shkola-1995;shkola-1995-1;16;1217
veri-na-miklukho-maklaya;shkola-113;shkola-113-2;18;1315
veri-na-miklukho-maklaya;osm-59-shkola-115;osm-59-shkola-115-1;19;1396
veri-na-miklukho-maklaya;shkola-1514;shkola-1514-3;27;2029
veri-na-miklukho-maklaya;osm-118-shkola-49;osm-118-shkola-49-4;28;2077
veri-na-miklukho-maklaya;shkola-1543;shkola-1543-1;28;2126
veri-na-miklukho-maklaya;shkola-na-prospekte-vernadskogo;shkola-na-prospekte-vernadskogo-2;30;2224
vernissage;shkola-627-im-d-d-lelyushenko;shkola-627-im-d-d-lelyushenko-3;2;114
vernissage;ekonomicheskiy-litsey-reu-im-g-v-plehanova;ekonomicheskiy-litsey-reu-im-g-v-plehanova-1;9;688
vernissage;shkola-1553-im-v-i-vernadskogo;shkola-1553-im-v-i-vernadskogo-1;14;1040
vernissage;osm-544-shkola-553;osm-544-shkola-553-1;15;1112
vernissage;shkola-1259;shkola-1259-1;17;1246
vernissage;osm-571-shkola-1262;osm-571-shkola-1262-1;20;1487
vernissage;shkola-1257;shkola-1257-1;21;1554
vernissage;shkola-630-im-g-p-kravchenko;shkola-630-im-g-p-kravchenko-4;22;1686
vernissage;litsey-ranhigs;litsey-ranhigs-1;23;1715
vernissage;osm-648-frantsuzskiy-litsey-im-aleksan;osm-648-frantsuzskiy-litsey-im-aleksan-1;26;1958
vernissage;shkola-stolitsa-kit;shkola-stolitsa-kit-1;26;1978
vernissage;osm-331-elizavetinskaya-gimnaziya;osm-331-elizavetinskaya-gimnaziya-1;27;1997
vernissage;shkola-1799;shkola-1799-2;29;2164
vesper-kutuzovskiy;shkola-67;shkola-67-3;9;675
vesper-kutuzovskiy;osm-326-shkola-1232;osm-326-shkola-1232-1;15;1162
vesper-kutuzovskiy;shkola-56-imeni-akademika-v-a-legasova;shkola-56-imeni-akademika-v-a-legasova-1;21;1540
vesper-kutuzovskiy;osm-157-shkola-1465-imeni-admirala-n;osm-157-shkola-1465-imeni-admirala-n-3;21;1590
vesper-kutuzovskiy;shkola-tehnologii-obucheniya;shkola-tehnologii-obucheniya-1;26;1958
vesper-kutuzovsky;shkola-67;shkola-67-5;5;390
vesper-kutuzovsky;shkola-56-imeni-akademika-v-a-legasova;shkola-56-imeni-akademika-v-a-legasova-2;6;454
vesper-kutuzovsky;osm-157-shkola-1465-imeni-admirala-n;osm-157-shkola-1465-imeni-admirala-n-1;8;603
vesper-kutuzovsky;osm-326-shkola-1232;osm-326-shkola-1232-2;9;643
vesper-kutuzovsky;osm-616-shkola-pri-posolstve-indii;osm-616-shkola-pri-posolstve-indii-1;11;808
vesper-kutuzovsky;shkola-tehnologii-obucheniya;shkola-tehnologii-obucheniya-1;14;1071
vesper-kutuzovsky;shkola-1234;shkola-1234-2;27;2008
vesper-kutuzovsky;shkola-1241-na-krasnoy-presne;shkola-1241-na-krasnoy-presne-1;29;2138
vesper-kutuzovsky;osm-36-shkola-viktoriya;osm-36-shkola-viktoriya-1;29;2149
vesper-kutuzovsky;shkola-1231-im-v-d-polenova;shkola-1231-im-v-d-polenova-6;29;2165
vesper-kutuzovsky;chastnaya-shkola-zolotoe-sechenie;chastnaya-shkola-zolotoe-sechenie-1;29;2190
vesper-pogodinskaya;shkola-1535;shkola-1535-2;3;218
vesper-pogodinskaya;meditsinskiy-sechenovskiy-preduniversariy;meditsinskiy-sechenovskiy-preduniversariy-1;6;474
vesper-pogodinskaya;osm-30-filippovskaya-shkola;osm-30-filippovskaya-shkola-1;11;789
vesper-pogodinskaya;osm-528-spetsshkola-30;osm-528-spetsshkola-30-1;12;935
vesper-pogodinskaya;osm-498-shkola-54;osm-498-shkola-54-1;14;1030
vesper-pogodinskaya;osm-195-shkola-45;osm-195-shkola-45-1;14;1072
vesper-pogodinskaya;chastnaya-shkola-zolotoe-sechenie;chastnaya-shkola-zolotoe-sechenie-1;19;1392
vesper-pogodinskaya;pyatdesyat-sedmaya-shkola;pyatdesyat-sedmaya-shkola-1;20;1468
vesper-pogodinskaya;shkola-1231-im-v-d-polenova;shkola-1231-im-v-d-polenova-6;20;1477
vesper-pogodinskaya;shkola-171;shkola-171-1;22;1648
vesper-pogodinskaya;osm-33-shkola-viktoriya-2000;osm-33-shkola-viktoriya-2000-1;27;2047
vesper-pogodinskaya;shkola-1253;shkola-1253-1;29;2157
veyv;osm-316-shkola-2017;osm-316-shkola-2017-1;12;903
veyv;osm-233-tsentr-obrazovaniya-1828-sabur;osm-233-tsentr-obrazovaniya-1828-sabur-1;12;923
veyv;shkola-naslednik;shkola-naslednik-1;16;1188
veyv;osm-346-shkola-426;osm-346-shkola-426-1;29;2201
viktori-park-rezidensez;shkola-67;shkola-67-2;4;273
viktori-park-rezidensez;obrazovatelnyy-tsentr-proton;obrazovatelnyy-tsentr-proton-2;17;1246
viktori-park-rezidensez;shkola-integral;shkola-integral-1;17;1254
viktori-park-rezidensez;osm-570-shkola-590;osm-570-shkola-590-1;22;1664
viktori-park-rezidensez;osm-326-shkola-1232;osm-326-shkola-1232-1;22;1670
viktori-park-rezidensez;osm-254-tsentr-obrazovaniya-1816;osm-254-tsentr-obrazovaniya-1816-1;24;1818
viktori-park-rezidensez;osm-329-shkola-74;osm-329-shkola-74-1;26;1922
viktori-park-rezidensez;osm-389-shkola-12;osm-389-shkola-12-1;26;1952
viktori-park-rezidensez;osm-183-tsentr-obrazovaniya-1497;osm-183-tsentr-obrazovaniya-1497-1;28;2083
viktori-park-rezidensez;osm-157-shkola-1465-imeni-admirala-n;osm-157-shkola-1465-imeni-admirala-n-3;28;2086
viktori-park-rezidensez;shkola-56-imeni-akademika-v-a-legasova;shkola-56-imeni-akademika-v-a-legasova-1;28;2119
viktori-park-rezidensez;osm-11-srednyaya-shkola-72;osm-11-srednyaya-shkola-72-1;29;2166
voice;osm-153-shkola-841;osm-153-shkola-841-1;20;1470
voice;osm-152-shkola-489;osm-152-shkola-489-1;21;1557
voice;osm-410-shkola-internat-105;osm-410-shkola-internat-105-1;23;1730
voice;shkola-1367;shkola-1367-1;23;1736
voice;osm-237-shkola-488;osm-237-shkola-488-1;25;1859
voice;shkola-1222-im-i-h-bagramyana;shkola-1222-im-i-h-bagramyana-2;29;2162
voxhall;shkola-1553-im-v-i-vernadskogo;shkola-1553-im-v-i-vernadskogo-1;14;1048
voxhall;shkola-627-im-d-d-lelyushenko;shkola-627-im-d-d-lelyushenko-4;15;1151
voxhall;shkola-1259;shkola-1259-1;18;1352
voxhall;osm-543-internat-tretiy-moskovskiy-kad;osm-543-internat-tretiy-moskovskiy-kad-1;19;1432
voxhall;ekonomicheskiy-litsey-reu-im-g-v-plehanova;ekonomicheskiy-litsey-reu-im-g-v-plehanova-1;21;1583
voxhall;shkola-1270-vektor;shkola-1270-vektor-1;23;1748
voxhall;osm-497-shkola-498;osm-497-shkola-498-1;25;1866
voxhall;shkola-im-v-v-mayakovskogo;shkola-im-v-v-mayakovskogo-1;25;1896
voxhall;osm-571-shkola-1262;osm-571-shkola-1262-1;27;1993
voxhall;osm-544-shkola-553;osm-544-shkola-553-1;28;2128
voxhall;osm-672-shkola-518;osm-672-shkola-518-1;29;2146
voxhall;osm-637-shkola-1271;osm-637-shkola-1271-1;29;2203
voxhall;osm-48-shkola-467;osm-48-shkola-467-1;30;2246
vozdvizhenka-7-6;pyatdesyat-sedmaya-shkola;pyatdesyat-sedmaya-shkola-3;8;574
vozdvizhenka-7-6;shkola-91;shkola-91-1;10;751
vozdvizhenka-7-6;shkola-1520-im-kaptsovyh;shkola-1520-im-kaptsovyh-1;10;787
vozdvizhenka-7-6;shkola-1231-im-v-d-polenova;shkola-1231-im-v-d-polenova-5;12;925
vozdvizhenka-7-6;osm-583-shkola-123;osm-583-shkola-123-1;13;973
vozdvizhenka-7-6;shkola-2123-im-migelya-ernandesa;shkola-2123-im-migelya-ernandesa-1;15;1105
vozdvizhenka-7-6;shkola-1529-imeni-a-s-griboedova;shkola-1529-imeni-a-s-griboedova-3;15;1146
vozdvizhenka-7-6;osm-34-shkola-1331-molodaya-iveriya;osm-34-shkola-1331-molodaya-iveriya-1;15;1151
vozdvizhenka-7-6;shkola-1234;shkola-1234-1;15;1158
vozdvizhenka-7-6;osm-569-shkola-110;osm-569-shkola-110-1;16;1232
vozdvizhenka-7-6;shkola-179;shkola-179-1;19;1409
vozdvizhenka-7-6;osm-360-tsentr-obrazovaniya-1441-bronn;osm-360-tsentr-obrazovaniya-1441-bronn-1;22;1657
vozdvizhenka-7-6;osm-563-shkola-1239;osm-563-shkola-1239-1;25;1893
vozdvizhenka-7-6;shkola-1799;shkola-1799-3;26;1938
vozdvizhenka-7-6;preduniversitariy-mglu;preduniversitariy-mglu-1;27;2008
vozdvizhenka-7-6;litsey-ranhigs;litsey-ranhigs-2;27;2050
vozdvizhenka-7-6;shkola-2054;shkola-2054-2;28;2115
vremya;osm-221-gimnaziya-1799-shkolnoe-otdele;osm-221-gimnaziya-1799-shkolnoe-otdele-1;4;301
vremya;shkola-1797-bogorodskaya;shkola-1797-bogorodskaya-2;7;501
vremya;shkola-1080;shkola-1080-2;8;624
vremya;osm-314-tsentr-obrazovaniya-1452-bogor;osm-314-tsentr-obrazovaniya-1452-bogor-1;9;670
vremya;osm-437-shkola-363;osm-437-shkola-363-1;9;680
vremya;heritage-school;heritage-school-1;10;714
vremya;osm-575-shkola-1502-energiya;osm-575-shkola-1502-energiya-2;14;1028
vremya;osm-38-shkola-370-im;osm-38-shkola-370-im-1;19;1462
vremya;shkola-1360;shkola-1360-2;20;1496
vremya;osm-380-shkola-318;osm-380-shkola-318-1;20;1531
vremya;osm-395-shkola-442;osm-395-shkola-442-1;21;1566
vremya;osm-381-shkola-362;osm-381-shkola-362-1;22;1680
vremya;shkola-1505-preobrazhenskaya;shkola-1505-preobrazhenskaya-1;23;1722
vremya;osm-529-shkola-internat-30-im-k-a-mika;osm-529-shkola-internat-30-im-k-a-mika-1;23;1744
vremya;osm-420-shkola-1032;osm-420-shkola-1032-1;23;1756
vremya;osm-631-shkola-1690;osm-631-shkola-1690-1;25;1867
vremya;osm-305-shkola-390;osm-305-shkola-390-1;25;1888
vremya;osm-394-shkola-365;osm-394-shkola-365-1;26;1987
vremya;osm-424-shkola-378;osm-424-shkola-378-1;28;2124
vremya;shkola-1404-gamma;shkola-1404-gamma-1;29;2158
vremya;osm-396-shkola-374;osm-396-shkola-374-1;29;2198
vysotka-na-zhukova;shkola-1560-lider;shkola-1560-lider-3;7;515
vysotka-na-zhukova;shkola-1515;shkola-1515-2;13;1001
vysotka-na-zhukova;shkola-1522-im-v-i-churkina;shkola-1522-im-v-i-churkina-1;16;1237
vysotka-na-zhukova;shkola-138;shkola-138-1;19;1403
vysotka-na-zhukova;osm-511-horoshevskaya-progimnaziya;osm-511-horoshevskaya-progimnaziya-1;23;1701
vysotka-na-zhukova;osm-453-gbou-sosh-shkola-1010-korpus-3;osm-453-gbou-sosh-shkola-1010-korpus-3-1;24;1792
vysotka-na-zhukova;kurchatovskaya-shkola;kurchatovskaya-shkola-2;24;1816
vysotka-na-zhukova;shkola-141-im-riharda-zorge;shkola-141-im-riharda-zorge-1;27;2025
vysotka-na-zhukova;horoshevskaya-shkola-horoshkola;horoshevskaya-shkola-horoshkola-1;27;2051
wellton-gold;horoshevskaya-shkola-horoshkola;horoshevskaya-shkola-horoshkola-1;5;363
wellton-gold;osm-453-gbou-sosh-shkola-1010-korpus-3;osm-453-gbou-sosh-shkola-1010-korpus-3-1;11;809
wellton-gold;shkola-1522-im-v-i-churkina;shkola-1522-im-v-i-churkina-1;12;926
wellton-gold;shkola-1517;shkola-1517-3;13;944
wellton-gold;shkola-1515;shkola-1515-1;14;1023
wellton-gold;shkola-1560-lider;shkola-1560-lider-2;16;1212
wellton-gold;shkola-138;shkola-138-3;17;1298
wellton-gold;osm-511-horoshevskaya-progimnaziya;osm-511-horoshevskaya-progimnaziya-1;23;1729
wellton-spa-residence;shkola-138;shkola-138-3;7;515
wellton-spa-residence;shkola-1515;shkola-1515-1;9;666
wellton-spa-residence;shkola-1517;shkola-1517-3;10;786
wellton-spa-residence;osm-511-horoshevskaya-progimnaziya;osm-511-horoshevskaya-progimnaziya-1;13;961
wellton-spa-residence;horoshevskaya-shkola-horoshkola;horoshevskaya-shkola-horoshkola-1;14;1062
wellton-spa-residence;shkola-1522-im-v-i-churkina;shkola-1522-im-v-i-churkina-1;17;1293
wellton-spa-residence;shkola-1560-lider;shkola-1560-lider-2;19;1388
wellton-spa-residence;osm-453-gbou-sosh-shkola-1010-korpus-3;osm-453-gbou-sosh-shkola-1010-korpus-3-1;21;1573
wellton-spa-residence;kurchatovskaya-shkola;kurchatovskaya-shkola-7;28;2112
wellton-towers;horoshevskaya-shkola-horoshkola;horoshevskaya-shkola-horoshkola-1;9;712
wellton-towers;shkola-1515;shkola-1515-1;10;749
wellton-towers;shkola-1522-im-v-i-churkina;shkola-1522-im-v-i-churkina-1;11;844
wellton-towers;osm-453-gbou-sosh-shkola-1010-korpus-3;osm-453-gbou-sosh-shkola-1010-korpus-3-1;11;846
wellton-towers;shkola-1560-lider;shkola-1560-lider-2;13;938
wellton-towers;shkola-1517;shkola-1517-3;13;967
wellton-towers;shkola-138;shkola-138-3;17;1248
wellton-towers;osm-511-horoshevskaya-progimnaziya;osm-511-horoshevskaya-progimnaziya-1;22;1678
west-garden;osm-635-litsey-1586;osm-635-litsey-1586-2;23;1753
west-garden;shuvalovskaya-shkola-1448;shuvalovskaya-shkola-1448-1;24;1789
west-garden;shkola-814;shkola-814-3;27;2036
west-tower;shkola-97;shkola-97-1;10;744
west-tower;shkola-814;shkola-814-4;10;783
west-tower;lomonosovskaya-shkola;lomonosovskaya-shkola-2;11;857
west-tower;shkola-1589;shkola-1589-1;20;1499
west-tower;shkola-intellektual;shkola-intellektual-1;21;1571
west-tower;sunts-mgu-shkola-internat-im-a-n-kolmogorova;sunts-mgu-shkola-internat-im-a-n-kolmogorova-2;25;1901
west-tower;shkola-1248;shkola-1248-1;26;1964
west-tower;klassicheskiy-pansion-mgu;klassicheskiy-pansion-mgu-1;27;2014
will-towers;shkola-814;shkola-814-3;16;1164
will-towers;novaya-shkola;novaya-shkola-1;26;1930
will-towers;osm-539-shkola-37;osm-539-shkola-37-1;28;2128
wow;shkola-1527;shkola-1527-1;8;576
wow;shkola-463-im-d-n-medvedeva;shkola-463-im-d-n-medvedeva-1;8;596
wow;shkola-1375;shkola-1375-1;12;871
wow;osm-404-shkola-574;osm-404-shkola-574-1;12;885
wow;shkola-507;shkola-507-4;14;1034
wow;osm-397-shkola-samson;osm-397-shkola-samson-1;16;1182
wow;osm-450-litsey-1523;osm-450-litsey-1523-1;17;1280
wow;shkola-1770;shkola-1770-2;25;1868
zareche-park;osm-629-zarechenskaya-srednyaya-obsche;osm-629-zarechenskaya-srednyaya-obsche-1;7;530
zareche-park;osm-47-kembridzhskaya-mezhdunarodnaya;osm-47-kembridzhskaya-mezhdunarodnaya-1;7;540
zareche-park;osm-655-shkola-a-status;osm-655-shkola-a-status-1;29;2200
zemledelcheskiy-15;shkola-1231-im-v-d-polenova;shkola-1231-im-v-d-polenova-1;3;191
zemledelcheskiy-15;chastnaya-shkola-zolotoe-sechenie;chastnaya-shkola-zolotoe-sechenie-1;5;405
zemledelcheskiy-15;osm-528-spetsshkola-30;osm-528-spetsshkola-30-1;11;813
zemledelcheskiy-15;meditsinskiy-sechenovskiy-preduniversariy;meditsinskiy-sechenovskiy-preduniversariy-1;17;1283
zemledelcheskiy-15;shkola-1234;shkola-1234-2;17;1296
zemledelcheskiy-15;shkola-1529-imeni-a-s-griboedova;shkola-1529-imeni-a-s-griboedova-1;18;1372
zemledelcheskiy-15;preduniversitariy-mglu;preduniversitariy-mglu-1;19;1411
zemledelcheskiy-15;osm-157-shkola-1465-imeni-admirala-n;osm-157-shkola-1465-imeni-admirala-n-2;19;1442
zemledelcheskiy-15;shkola-1253;shkola-1253-2;20;1498
zemledelcheskiy-15;osm-616-shkola-pri-posolstve-indii;osm-616-shkola-pri-posolstve-indii-1;21;1585
zemledelcheskiy-15;osm-34-shkola-1331-molodaya-iveriya;osm-34-shkola-1331-molodaya-iveriya-1;22;1615
zemledelcheskiy-15;pyatdesyat-sedmaya-shkola;pyatdesyat-sedmaya-shkola-1;22;1646
zemledelcheskiy-15;osm-30-filippovskaya-shkola;osm-30-filippovskaya-shkola-1;22;1649
zemledelcheskiy-15;shkola-1535;shkola-1535-2;25;1880
zemledelcheskiy-15;litsey-ranhigs;litsey-ranhigs-2;28;2081
zemledelcheskiy-15;shkola-67;shkola-67-5;28;2112
zemledelcheskiy-15;osm-326-shkola-1232;osm-326-shkola-1232-2;28;2134
zemledelcheskiy-15;shkola-91;shkola-91-1;30;2250
zhivopisnaya-27;shkola-1210;shkola-1210-1;8;620
zhivopisnaya-27;osm-336-shkola-1005;osm-336-shkola-1005-1;15;1126
zhivopisnaya-27;shkola-1874;shkola-1874-1;18;1354
zhivopisnaya-27;kurchatovskaya-shkola;kurchatovskaya-shkola-7;20;1497
zhivopisnaya-27;shkola-1517;shkola-1517-1;23;1708
zhivopisnaya-27;osm-187-tsentr-obrazovaniya-1854;osm-187-tsentr-obrazovaniya-1854-1;26;1974
zhukovka-xxi;osm-678-shkola-velikih-otkrytiy;osm-678-shkola-velikih-otkrytiy-1;17;1298
zhukovka-xxi;shkola-prezident;shkola-prezident-1;19;1424
zikkurat-preobrazhenskiy;osm-575-shkola-1502-energiya;osm-575-shkola-1502-energiya-1;9;689
zikkurat-preobrazhenskiy;osm-631-shkola-1690;osm-631-shkola-1690-1;10;787
zikkurat-preobrazhenskiy;shkola-1505-preobrazhenskaya;shkola-1505-preobrazhenskaya-1;11;832
zikkurat-preobrazhenskiy;osm-221-gimnaziya-1799-shkolnoe-otdele;osm-221-gimnaziya-1799-shkolnoe-otdele-1;11;833
zikkurat-preobrazhenskiy;heritage-school;heritage-school-1;12;885
zikkurat-preobrazhenskiy;shkola-1080;shkola-1080-2;13;968
zikkurat-preobrazhenskiy;osm-420-shkola-1032;osm-420-shkola-1032-1;14;1021
zikkurat-preobrazhenskiy;shkola-1797-bogorodskaya;shkola-1797-bogorodskaya-2;20;1497
zikkurat-preobrazhenskiy;osm-314-tsentr-obrazovaniya-1452-bogor;osm-314-tsentr-obrazovaniya-1452-bogor-1;21;1545
zikkurat-preobrazhenskiy;osm-424-shkola-378;osm-424-shkola-378-1;21;1561
zikkurat-preobrazhenskiy;osm-437-shkola-363;osm-437-shkola-363-1;22;1676
zikkurat-preobrazhenskiy;osm-385-shkola-444;osm-385-shkola-444-1;24;1818
zikkurat-preobrazhenskiy;shkola-1362;shkola-1362-3;28;2074
zikkurat-preobrazhenskiy;osm-529-shkola-internat-30-im-k-a-mika;osm-529-shkola-internat-30-im-k-a-mika-1;28;2106
zikkurat-preobrazhenskiy;tsentr-obrazovaniya-i-sporta-lokomotiv;tsentr-obrazovaniya-i-sporta-lokomotiv-1;29;2163
zikkurat-preobrazhenskiy;osm-258-shkola-1301-im;osm-258-shkola-1301-im-1;29;2173
zilart;shkola-463-im-d-n-medvedeva;shkola-463-im-d-n-medvedeva-4;17;1290
zilart;osm-501-shkola-494-im;osm-501-shkola-494-im-1;20;1471
zilart;shkola-1272;shkola-1272-1;24;1792
zilart;shkola-2129-im-p-i-romanova;shkola-2129-im-p-i-romanova-4;28;2102
zilart;osm-585-shkola-548-tsaritsyno;osm-585-shkola-548-tsaritsyno-1;28;2129
zolotye-krylya;osm-635-litsey-1586;osm-635-litsey-1586-1;12;876
zolotye-krylya;osm-539-shkola-37;osm-539-shkola-37-1;17;1251
zolotye-krylya;novaya-shkola;novaya-shkola-1;17;1307
zolotye-krylya;shuvalovskaya-shkola-1448;shuvalovskaya-shkola-1448-2;19;1396
zolotye-krylya;shkola-1306-shkola-molodyh-politikov;shkola-1306-shkola-molodyh-politikov-2;23;1737
zolotye-krylya;shkola-1498-moskovskaya-mezhdunarodnaya-shkola;shkola-1498-moskovskaya-mezhdunarodnaya-shkola-1;25;1872
zolotye-krylya;shkola-814;shkola-814-2;30;2240
zorge-9;osm-401-tsentr-obrazovaniya-1865;osm-401-tsentr-obrazovaniya-1865-1;7;494
zorge-9;shkola-141-im-riharda-zorge;shkola-141-im-riharda-zorge-1;11;839
zorge-9;shkola-1251-im-sharlya-de-gollya;shkola-1251-im-sharlya-de-gollya-3;20;1481
zorge-9;kurchatovskaya-shkola;kurchatovskaya-shkola-3;23;1711
zorge-9;osm-52-shkola-90;osm-52-shkola-90-1;24;1812
zorge-9;shkola-1288-im-n-v-troyan;shkola-1288-im-n-v-troyan-1;25;1871
zorge-9;shkola-1409;shkola-1409-1;27;1998
zorge-9;shkola-1287;shkola-1287-1;28;2134
zorge-9;shkola-1384;shkola-1384-2;29;2159
zorge-9;shkola-1560-lider;shkola-1560-lider-4;30;2229
zvenigorodskaya-ot-granel;osm-351-shkola-1253;osm-351-shkola-1253-2;11;820
zvenigorodskaya-ot-granel;shkola-1560-lider;shkola-1560-lider-1;19;1414
zvenigorodskaya-ot-granel;shkola-2048;shkola-2048-1;19;1453
zvenigorodskaya-ot-granel;shkola-1288-im-n-v-troyan;shkola-1288-im-n-v-troyan-1;27;2056
zvenigorodskaya-ot-granel;shkola-1522-im-v-i-churkina;shkola-1522-im-v-i-churkina-1;28;2089
zvenigorodskaya-ot-granel;osm-46-akademicheskaya-gimnaziya;osm-46-akademicheskaya-gimnaziya-1;29;2212
zvezdy-arbata;shkola-1234;shkola-1234-2;7;542
zvezdy-arbata;shkola-1231-im-v-d-polenova;shkola-1231-im-v-d-polenova-3;11;861
zvezdy-arbata;shkola-91;shkola-91-1;16;1201
zvezdy-arbata;shkola-1241-na-krasnoy-presne;shkola-1241-na-krasnoy-presne-1;16;1202
zvezdy-arbata;osm-36-shkola-viktoriya;osm-36-shkola-viktoriya-1;16;1212
zvezdy-arbata;osm-563-shkola-1239;osm-563-shkola-1239-1;16;1237
zvezdy-arbata;shkola-2123-im-migelya-ernandesa;shkola-2123-im-migelya-ernandesa-1;17;1251
zvezdy-arbata;osm-34-shkola-1331-molodaya-iveriya;osm-34-shkola-1331-molodaya-iveriya-1;18;1377
zvezdy-arbata;osm-568-pushkinskaya-gimnaziya-na-pres;osm-568-pushkinskaya-gimnaziya-na-pres-1;19;1445
zvezdy-arbata;shkola-1529-imeni-a-s-griboedova;shkola-1529-imeni-a-s-griboedova-3;21;1538
zvezdy-arbata;osm-326-shkola-1232;osm-326-shkola-1232-2;21;1558
zvezdy-arbata;osm-157-shkola-1465-imeni-admirala-n;osm-157-shkola-1465-imeni-admirala-n-2;21;1577
zvezdy-arbata;shkola-67;shkola-67-5;22;1686
zvezdy-arbata;osm-569-shkola-110;osm-569-shkola-110-1;23;1754
zvezdy-arbata;osm-616-shkola-pri-posolstve-indii;osm-616-shkola-pri-posolstve-indii-1;23;1760
zvezdy-arbata;shkola-1520-im-kaptsovyh;shkola-1520-im-kaptsovyh-1;24;1822
zvezdy-arbata;shkola-1950;shkola-1950-1;24;1829
zvezdy-arbata;osm-586-moskovskaya-ekonomicheskaya-sh;osm-586-moskovskaya-ekonomicheskaya-sh-1;25;1863
zvezdy-arbata;osm-583-shkola-123;osm-583-shkola-123-1;25;1874
zvezdy-arbata;chastnaya-shkola-zolotoe-sechenie;chastnaya-shkola-zolotoe-sechenie-1;26;1925
zvezdy-arbata;pyatdesyat-sedmaya-shkola;pyatdesyat-sedmaya-shkola-3;28;2080
zvezdy-arbata;osm-360-tsentr-obrazovaniya-1441-bronn;osm-360-tsentr-obrazovaniya-1441-bronn-1;28;2091
zvezdy-arbata;preduniversitariy-mglu;preduniversitariy-mglu-1;28;2114
zvezdy-arbata;osm-528-spetsshkola-30;osm-528-spetsshkola-30-1;30;2226
