slug;check;answer;value;source;checked
2-y-irtyshskiy;01;да;ВАО;"координаты базы; кольцо — схема из nota-karta-zhk";24.09.2026
2-y-irtyshskiy;04;да;693 квартир;каталоги и декларации (база 14.09);24.09.2026
2-y-irtyshskiy;05;нет;0.24 м/м на квартиру (166 на 693);каталоги и декларации (база 14.09);24.09.2026
2-y-irtyshskiy;07;нет данных;строится, 3 кв. 2028;база 14.09;24.09.2026
2-y-irtyshskiy;08;нет данных;квартиры;база 14.09;24.09.2026
2-y-irtyshskiy;09;да;от 279 500 ₽/м²;каталоги (база 14.09);24.09.2026
26-parkvyu;01;нет;за Третьим кольцом;"координаты базы; кольцо — схема из nota-karta-zhk";24.09.2026
26-parkvyu;04;нет данных;;каталоги и декларации (база 14.09);24.09.2026
26-parkvyu;05;нет данных;;;24.09.2026
26-parkvyu;07;нет данных;строится, 2029;база 14.09;24.09.2026
26-parkvyu;08;нет данных;квартиры;база 14.09;24.09.2026
26-parkvyu;09;да;от 770 000 ₽/м²;каталоги (база 14.09);24.09.2026
a22;01;да;ЮАО;"координаты базы; кольцо — схема из nota-karta-zhk";24.09.2026
a22;04;нет;907 квартир;каталоги и декларации (база 14.09);24.09.2026
a22;05;нет;0.30 м/м на квартиру (276 на 907);каталоги и декларации (база 14.09);24.09.2026
a22;07;нет данных;строится, 4 кв. 2028;база 14.09;24.09.2026
a22;08;нет данных;квартиры;база 14.09;24.09.2026
a22;09;да;от 451 700 ₽/м²;каталоги (база 14.09);24.09.2026
admiral;01;нет;за Третьим кольцом;"координаты базы; кольцо — схема из nota-karta-zhk";24.09.2026
admiral;04;нет;4715 квартир;каталоги и декларации (база 14.09);24.09.2026
admiral;05;нет;0.41 м/м на квартиру (1955 на 4715);каталоги и декларации (база 14.09);24.09.2026
admiral;07;нет данных;строится, 3 кв. 2028;база 14.09;24.09.2026
admiral;08;нет данных;квартиры;база 14.09;24.09.2026
admiral;09;да;от 505 000 ₽/м²;каталоги (база 14.09);24.09.2026
afi-tower;01;да;СВАО;"координаты базы; кольцо — схема из nota-karta-zhk";24.09.2026
afi-tower;04;нет;1169 квартир;каталоги и декларации (база 14.09);24.09.2026
afi-tower;05;нет;0.74 м/м на квартиру (864 на 1169);каталоги и декларации (база 14.09);24.09.2026
afi-tower;07;нет данных;сдан, есть остатки, сдан;база 14.09;24.09.2026
afi-tower;08;нет данных;квартиры;база 14.09;24.09.2026
afi-tower;09;нет данных;;;24.09.2026
ahead;01;нет;за Третьим кольцом;"координаты базы; кольцо — схема из nota-karta-zhk";24.09.2026
ahead;04;да;62 квартир;каталоги и декларации (база 14.09);24.09.2026
ahead;05;нет данных;;;24.09.2026
ahead;07;нет данных;строится, 2026;база 14.09;24.09.2026
ahead;08;нет данных;апартаменты;база 14.09;24.09.2026
ahead;09;да;от 667 000 ₽/м²;каталоги (база 14.09);24.09.2026
aktsenty;01;да;САО;"координаты базы; кольцо — схема из nota-karta-zhk";24.09.2026
aktsenty;04;да;673 квартир;каталоги и декларации (база 14.09);24.09.2026
aktsenty;05;нет;0.73 м/м на квартиру (494 на 673);каталоги и декларации (база 14.09);24.09.2026
aktsenty;07;нет данных;строится, 2027;база 14.09;24.09.2026
aktsenty;08;нет данных;квартиры;база 14.09;24.09.2026
aktsenty;09;да;от 403 000 ₽/м²;каталоги (база 14.09);24.09.2026
akvilon-beside-2-0;01;да;ЮВАО;"координаты базы; кольцо — схема из nota-karta-zhk";24.09.2026
akvilon-beside-2-0;04;нет;1106 квартир;каталоги и декларации (база 14.09);24.09.2026
akvilon-beside-2-0;05;нет;0.20 м/м на квартиру (216 на 1106);каталоги и декларации (база 14.09);24.09.2026
akvilon-beside-2-0;07;нет данных;строится, 2 кв. 2027;база 14.09;24.09.2026
akvilon-beside-2-0;08;нет данных;квартиры;база 14.09;24.09.2026
akvilon-beside-2-0;09;да;от 369 900 ₽/м²;каталоги (база 14.09);24.09.2026
alia;01;нет;за Третьим кольцом;"координаты базы; кольцо — схема из nota-karta-zhk";24.09.2026
alia;04;нет данных;;каталоги и декларации (база 14.09);24.09.2026
alia;05;нет данных;;;24.09.2026
alia;07;нет данных;строится, 2 кв. 2028;база 14.09;24.09.2026
alia;08;нет данных;квартиры;база 14.09;24.09.2026
alia;09;да;от 501 700 ₽/м²;каталоги (база 14.09);24.09.2026
altufevskoe-53;01;да;СВАО;"координаты базы; кольцо — схема из nota-karta-zhk";24.09.2026
altufevskoe-53;04;нет данных;;каталоги и декларации (база 14.09);24.09.2026
altufevskoe-53;05;нет данных;;;24.09.2026
altufevskoe-53;07;нет данных;строится, IV кв. 2028;база 14.09;24.09.2026
altufevskoe-53;08;нет данных;квартиры;база 14.09;24.09.2026
altufevskoe-53;09;да;от 367 000 ₽/м²;каталоги (база 14.09);24.09.2026
amber-siti;01;нет;за Третьим кольцом;"координаты базы; кольцо — схема из nota-karta-zhk";24.09.2026
amber-siti;04;нет;3500 квартир;каталоги и декларации (база 14.09);24.09.2026
amber-siti;05;нет данных;;;24.09.2026
amber-siti;07;нет данных;строится, 2028-2029;база 14.09;24.09.2026
amber-siti;08;нет данных;квартиры;база 14.09;24.09.2026
amber-siti;09;да;от 491 000 ₽/м²;каталоги (база 14.09);24.09.2026
annabel-s;01;да;ЦАО;"координаты базы; кольцо — схема из nota-karta-zhk";24.09.2026
annabel-s;04;нет данных;;каталоги и декларации (база 14.09);24.09.2026
annabel-s;05;нет данных;;;24.09.2026
annabel-s;07;нет данных;анонс;база 14.09;24.09.2026
annabel-s;08;нет данных;квартиры;база 14.09;24.09.2026
annabel-s;09;нет данных;;;24.09.2026
apsayd-tauers;01;да;СВАО;"координаты базы; кольцо — схема из nota-karta-zhk";24.09.2026
apsayd-tauers;04;да;731 квартир;каталоги и декларации (база 14.09);24.09.2026
apsayd-tauers;05;нет данных;;;24.09.2026
apsayd-tauers;07;нет данных;строится, II кв. 2027;база 14.09;24.09.2026
apsayd-tauers;08;нет данных;квартиры;база 14.09;24.09.2026
apsayd-tauers;09;да;от 501 000 ₽/м²;каталоги (база 14.09);24.09.2026
armani-casa-moscow-residences;01;да;ЦАО;"координаты базы; кольцо — схема из nota-karta-zhk";24.09.2026
armani-casa-moscow-residences;04;да;27 квартир;каталоги и декларации (база 14.09);24.09.2026
armani-casa-moscow-residences;05;нет;1.15 м/м на квартиру (31 на 27);каталоги и декларации (база 14.09);24.09.2026
armani-casa-moscow-residences;07;нет данных;сдан, есть остатки, сдан (07.2024);база 14.09;24.09.2026
armani-casa-moscow-residences;08;нет данных;квартиры;база 14.09;24.09.2026
armani-casa-moscow-residences;09;да;от 2 750 000 ₽/м²;каталоги (база 14.09);24.09.2026
artel;01;нет;за Третьим кольцом;"координаты базы; кольцо — схема из nota-karta-zhk";24.09.2026
artel;04;нет данных;;каталоги и декларации (база 14.09);24.09.2026
artel;05;нет данных;;;24.09.2026
artel;07;нет данных;строится, 2027;база 14.09;24.09.2026
artel;08;нет данных;квартиры;база 14.09;24.09.2026
artel;09;да;от 610 500 ₽/м²;каталоги (база 14.09);24.09.2026
aura;01;нет;за Третьим кольцом;"координаты базы; кольцо — схема из nota-karta-zhk";24.09.2026
aura;04;нет;916 квартир;каталоги и декларации (база 14.09);24.09.2026
aura;05;нет;0.61 м/м на квартиру (563 на 916);каталоги и декларации (база 14.09);24.09.2026
aura;07;нет данных;строится, 2028;база 14.09;24.09.2026
aura;08;нет данных;квартиры;база 14.09;24.09.2026
aura;09;да;от 609 000 ₽/м²;каталоги (база 14.09);24.09.2026
aurus-rezidentsii;01;да;внутри Третьего кольца;"координаты базы; кольцо — схема из nota-karta-zhk";24.09.2026
aurus-rezidentsii;04;нет данных;;каталоги и декларации (база 14.09);24.09.2026
aurus-rezidentsii;05;нет данных;;;24.09.2026
aurus-rezidentsii;07;нет данных;старт продаж, 2029;база 14.09;24.09.2026
aurus-rezidentsii;08;нет данных;квартиры;база 14.09;24.09.2026
aurus-rezidentsii;09;нет данных;;;24.09.2026
ays-tauers;01;нет;за Третьим кольцом;"координаты базы; кольцо — схема из nota-karta-zhk";24.09.2026
ays-tauers;04;нет данных;;каталоги и декларации (база 14.09);24.09.2026
ays-tauers;05;нет данных;;;24.09.2026
ays-tauers;07;нет данных;строится;база 14.09;24.09.2026
ays-tauers;08;нет данных;квартиры;база 14.09;24.09.2026
ays-tauers;09;нет данных;;;24.09.2026
azarovo;01;не применяется;Рублёвка;"координаты базы; кольцо — схема из nota-karta-zhk";24.09.2026
azarovo;04;нет данных;;каталоги и декларации (база 14.09);24.09.2026
azarovo;05;нет данных;;;24.09.2026
azarovo;07;нет данных;сдан, есть остатки, сдан;база 14.09;24.09.2026
azarovo;08;нет данных;коттеджи;база 14.09;24.09.2026
azarovo;09;нет;от 43 000 000 ₽/м²;каталоги (база 14.09);24.09.2026
badaevskiy;01;нет;ЗАО;"координаты базы; кольцо — схема из nota-karta-zhk";24.09.2026
badaevskiy;04;нет;871 квартир;каталоги и декларации (база 14.09);24.09.2026
badaevskiy;05;нет данных;;;24.09.2026
badaevskiy;07;нет данных;строится, 2027;база 14.09;24.09.2026
badaevskiy;08;нет данных;квартиры;база 14.09;24.09.2026
badaevskiy;09;да;от 1 406 000 ₽/м²;каталоги (база 14.09);24.09.2026
balans;01;да;ЮВАО;"координаты базы; кольцо — схема из nota-karta-zhk";24.09.2026
balans;04;нет;3905 квартир;каталоги и декларации (база 14.09);24.09.2026
balans;05;нет;0.20 м/м на квартиру (799 на 3905);каталоги и декларации (база 14.09);24.09.2026
balans;07;нет данных;строится, 1 кв. 2027;база 14.09;24.09.2026
balans;08;нет данных;квартиры;база 14.09;24.09.2026
balans;09;да;от 341 000 ₽/м²;каталоги (база 14.09);24.09.2026
barklaya-6;01;да;ЗАО;"координаты базы; кольцо — схема из nota-karta-zhk";24.09.2026
barklaya-6;04;нет данных;;каталоги и декларации (база 14.09);24.09.2026
barklaya-6;05;нет данных;;;24.09.2026
barklaya-6;07;нет данных;строится, 4 кв. 2025;база 14.09;24.09.2026
barklaya-6;08;нет данных;квартиры;база 14.09;24.09.2026
barklaya-6;09;да;от 417 100 ₽/м²;каталоги (база 14.09);24.09.2026
barvikha-khills;01;не применяется;Рублёвка;"координаты базы; кольцо — схема из nota-karta-zhk";24.09.2026
barvikha-khills;04;да;110 квартир;каталоги и декларации (база 14.09);24.09.2026
barvikha-khills;05;нет данных;;;24.09.2026
barvikha-khills;07;нет данных;сдан, есть остатки, сдан;база 14.09;24.09.2026
barvikha-khills;08;нет данных;таунхаусы;база 14.09;24.09.2026
barvikha-khills;09;да;от 30 000 000 ₽/м²;каталоги (база 14.09);24.09.2026
barvikha-klab;01;не применяется;Рублёвка;"координаты базы; кольцо — схема из nota-karta-zhk";24.09.2026
barvikha-klab;04;нет;110 квартир;каталоги и декларации (база 14.09);24.09.2026
barvikha-klab;05;нет данных;;;24.09.2026
barvikha-klab;07;нет данных;сдан, есть остатки, сдан;база 14.09;24.09.2026
barvikha-klab;08;нет данных;таунхаусы;база 14.09;24.09.2026
barvikha-klab;09;да;от 68 000 000 ₽/м²;каталоги (база 14.09);24.09.2026
barvikha-river-house;01;не применяется;Рублёвка;"координаты базы; кольцо — схема из nota-karta-zhk";24.09.2026
barvikha-river-house;04;нет данных;;каталоги и декларации (база 14.09);24.09.2026
barvikha-river-house;05;нет данных;;;24.09.2026
barvikha-river-house;07;нет данных;анонс;база 14.09;24.09.2026
barvikha-river-house;08;нет данных;апартаменты;база 14.09;24.09.2026
barvikha-river-house;09;нет данных;;;24.09.2026
barvikha-xxi;01;не применяется;Рублёвка;"координаты базы; кольцо — схема из nota-karta-zhk";24.09.2026
barvikha-xxi;04;нет;48 квартир;каталоги и декларации (база 14.09);24.09.2026
barvikha-xxi;05;нет данных;;;24.09.2026
barvikha-xxi;07;нет данных;сдан, есть остатки, сдан;база 14.09;24.09.2026
barvikha-xxi;08;нет данных;коттеджи;база 14.09;24.09.2026
barvikha-xxi;09;да;от 457 500 000 ₽/м²;каталоги (база 14.09);24.09.2026
beregovoy-2;01;нет;за Третьим кольцом;"координаты базы; кольцо — схема из nota-karta-zhk";24.09.2026
beregovoy-2;04;нет;1983 квартир;каталоги и декларации (база 14.09);24.09.2026
beregovoy-2;05;нет;0.28 м/м на квартиру (558 на 1983);каталоги и декларации (база 14.09);24.09.2026
beregovoy-2;07;нет данных;строится, 2 кв. 2028;база 14.09;24.09.2026
beregovoy-2;08;нет данных;квартиры;база 14.09;24.09.2026
beregovoy-2;09;да;от 533 600 ₽/м²;каталоги (база 14.09);24.09.2026
berezki-river-village;01;не применяется;Рублёвка;"координаты базы; кольцо — схема из nota-karta-zhk";24.09.2026
berezki-river-village;04;да;38 квартир;каталоги и декларации (база 14.09);24.09.2026
berezki-river-village;05;нет данных;;;24.09.2026
berezki-river-village;07;нет данных;сдан, есть остатки, сдан (2018);база 14.09;24.09.2026
berezki-river-village;08;нет данных;коттеджи;база 14.09;24.09.2026
berezki-river-village;09;да;от 180 000 000 ₽/м²;каталоги (база 14.09);24.09.2026
bernikovskaya-naberezhnaya-12;01;да;ЦАО;"координаты базы; кольцо — схема из nota-karta-zhk";24.09.2026
bernikovskaya-naberezhnaya-12;04;нет данных;;каталоги и декларации (база 14.09);24.09.2026
bernikovskaya-naberezhnaya-12;05;нет данных;;;24.09.2026
bernikovskaya-naberezhnaya-12;07;нет данных;анонс, 2026-2027;база 14.09;24.09.2026
bernikovskaya-naberezhnaya-12;08;нет данных;квартиры;база 14.09;24.09.2026
bernikovskaya-naberezhnaya-12;09;нет данных;;;24.09.2026
bolshaya-nikitskaya-16;01;да;ЦАО;"координаты базы; кольцо — схема из nota-karta-zhk";24.09.2026
bolshaya-nikitskaya-16;04;да;4 квартир;каталоги и декларации (база 14.09);24.09.2026
bolshaya-nikitskaya-16;05;нет данных;;;24.09.2026
bolshaya-nikitskaya-16;07;нет данных;старт продаж, III кв. 2026;база 14.09;24.09.2026
bolshaya-nikitskaya-16;08;нет данных;квартиры;база 14.09;24.09.2026
bolshaya-nikitskaya-16;09;нет данных;;;24.09.2026
bolshaya-ordynka-25;01;да;ЦАО;"координаты базы; кольцо — схема из nota-karta-zhk";24.09.2026
bolshaya-ordynka-25;04;нет данных;;каталоги и декларации (база 14.09);24.09.2026
bolshaya-ordynka-25;05;нет данных;;;24.09.2026
bolshaya-ordynka-25;07;нет данных;анонс, 2026-2027;база 14.09;24.09.2026
bolshaya-ordynka-25;08;нет данных;квартиры;база 14.09;24.09.2026
bolshaya-ordynka-25;09;нет данных;;;24.09.2026
bolshaya-pirogovskaya-51;01;да;ЦАО;"координаты базы; кольцо — схема из nota-karta-zhk";24.09.2026
bolshaya-pirogovskaya-51;04;нет данных;;каталоги и декларации (база 14.09);24.09.2026
bolshaya-pirogovskaya-51;05;нет данных;;;24.09.2026
bolshaya-pirogovskaya-51;07;нет данных;анонс, 2026-2027;база 14.09;24.09.2026
bolshaya-pirogovskaya-51;08;нет данных;квартиры;база 14.09;24.09.2026
bolshaya-pirogovskaya-51;09;нет данных;;;24.09.2026
bolshaya-tatarskaya-35;01;да;ЦАО;"координаты базы; кольцо — схема из nota-karta-zhk";24.09.2026
bolshaya-tatarskaya-35;04;нет;472 квартир;каталоги и декларации (база 14.09);24.09.2026
bolshaya-tatarskaya-35;05;нет;1.28 м/м на квартиру (603 на 472);каталоги и декларации (база 14.09);24.09.2026
bolshaya-tatarskaya-35;07;нет данных;строится, I кв. 2028;база 14.09;24.09.2026
bolshaya-tatarskaya-35;08;нет данных;квартиры;база 14.09;24.09.2026
bolshaya-tatarskaya-35;09;да;от 1 400 000 ₽/м²;каталоги (база 14.09);24.09.2026
bolshoy-kozikhinskiy-22;01;да;ЦАО;"координаты базы; кольцо — схема из nota-karta-zhk";24.09.2026
bolshoy-kozikhinskiy-22;04;нет;98 квартир;каталоги и декларации (база 14.09);24.09.2026
bolshoy-kozikhinskiy-22;05;нет данных;;;24.09.2026
bolshoy-kozikhinskiy-22;07;нет данных;старт продаж;база 14.09;24.09.2026
bolshoy-kozikhinskiy-22;08;нет данных;квартиры;база 14.09;24.09.2026
bolshoy-kozikhinskiy-22;09;нет данных;;;24.09.2026
businovskiy-park;01;да;САО;"координаты базы; кольцо — схема из nota-karta-zhk";24.09.2026
businovskiy-park;04;нет данных;;каталоги и декларации (база 14.09);24.09.2026
businovskiy-park;05;нет данных;;;24.09.2026
businovskiy-park;07;нет данных;строится, 2026-2027;база 14.09;24.09.2026
businovskiy-park;08;нет данных;квартиры;база 14.09;24.09.2026
businovskiy-park;09;да;от 343 000 ₽/м²;каталоги (база 14.09);24.09.2026
champine;01;да;ЮВАО;"координаты базы; кольцо — схема из nota-karta-zhk";24.09.2026
champine;04;да;244 квартир;каталоги и декларации (база 14.09);24.09.2026
champine;05;нет;0.69 м/м на квартиру (169 на 244);каталоги и декларации (база 14.09);24.09.2026
champine;07;нет данных;сдан, есть остатки, сдан;база 14.09;24.09.2026
champine;08;нет данных;квартиры;база 14.09;24.09.2026
champine;09;да;от 443 600 ₽/м²;каталоги (база 14.09);24.09.2026
chkalov;01;да;ЦАО;"координаты базы; кольцо — схема из nota-karta-zhk";24.09.2026
chkalov;04;нет;396 квартир;каталоги и декларации (база 14.09);24.09.2026
chkalov;05;нет данных;;;24.09.2026
chkalov;07;нет данных;сдан, есть остатки, сдан;база 14.09;24.09.2026
chkalov;08;нет данных;квартиры+апартаменты;база 14.09;24.09.2026
chkalov;09;нет;от 669 000 ₽/м²;каталоги (база 14.09);24.09.2026
clos-17;01;да;ЦАО;"координаты базы; кольцо — схема из nota-karta-zhk";24.09.2026
clos-17;04;нет данных;;каталоги и декларации (база 14.09);24.09.2026
clos-17;05;нет данных;;;24.09.2026
clos-17;07;нет данных;строится, III кв. 2026;база 14.09;24.09.2026
clos-17;08;нет данных;квартиры;база 14.09;24.09.2026
clos-17;09;да;от 2 300 000 ₽/м²;каталоги (база 14.09);24.09.2026
crystal-trilogiya;01;да;СЗАО;"координаты базы; кольцо — схема из nota-karta-zhk";24.09.2026
crystal-trilogiya;04;нет;978 квартир;каталоги и декларации (база 14.09);24.09.2026
crystal-trilogiya;05;нет данных;;;24.09.2026
crystal-trilogiya;07;нет данных;строится, 3 кв. 2025;база 14.09;24.09.2026
crystal-trilogiya;08;нет данных;квартиры;база 14.09;24.09.2026
crystal-trilogiya;09;да;от 441 300 ₽/м²;каталоги (база 14.09);24.09.2026
cult;01;да;ЦАО;"координаты базы; кольцо — схема из nota-karta-zhk";24.09.2026
cult;04;да;80 квартир;каталоги и декларации (база 14.09);24.09.2026
cult;05;нет;0.21 м/м на квартиру (17 на 80);каталоги и декларации (база 14.09);24.09.2026
cult;07;нет данных;сдан, есть остатки, сдан;база 14.09;24.09.2026
cult;08;нет данных;апартаменты;база 14.09;24.09.2026
cult;09;да;от 950 000 ₽/м²;каталоги (база 14.09);24.09.2026
d-oro-mile;01;нет;ЗАО;"координаты базы; кольцо — схема из nota-karta-zhk";24.09.2026
d-oro-mile;04;нет;156 квартир;каталоги и декларации (база 14.09);24.09.2026
d-oro-mile;05;нет данных;;;24.09.2026
d-oro-mile;07;нет данных;строится, 2026;база 14.09;24.09.2026
d-oro-mile;08;нет данных;апартаменты;база 14.09;24.09.2026
d-oro-mile;09;да;от 1 050 000 ₽/м²;каталоги (база 14.09);24.09.2026
deko-rezidens;01;да;внутри Третьего кольца;"координаты базы; кольцо — схема из nota-karta-zhk";24.09.2026
deko-rezidens;04;нет данных;;каталоги и декларации (база 14.09);24.09.2026
deko-rezidens;05;нет данных;;;24.09.2026
deko-rezidens;07;нет данных;строится;база 14.09;24.09.2026
deko-rezidens;08;нет данных;апартаменты;база 14.09;24.09.2026
deko-rezidens;09;нет данных;;;24.09.2026
demidov-26;01;да;внутри Третьего кольца;"координаты базы; кольцо — схема из nota-karta-zhk";24.09.2026
demidov-26;04;нет данных;;каталоги и декларации (база 14.09);24.09.2026
demidov-26;05;нет данных;;;24.09.2026
demidov-26;07;нет данных;строится, 2028;база 14.09;24.09.2026
demidov-26;08;нет данных;квартиры;база 14.09;24.09.2026
demidov-26;09;нет данных;;;24.09.2026
dius;01;да;САО;"координаты базы; кольцо — схема из nota-karta-zhk";24.09.2026
dius;04;да;451 квартир;каталоги и декларации (база 14.09);24.09.2026
dius;05;да;1.48 м/м на квартиру (667 на 451);каталоги и декларации (база 14.09);24.09.2026
dius;07;нет данных;строится, IV кв. 2027;база 14.09;24.09.2026
dius;08;нет данных;апартаменты;база 14.09;24.09.2026
dius;09;да;от 447 000 ₽/м²;каталоги (база 14.09);24.09.2026
dmitrovskoe-nebo;01;да;САО;"координаты базы; кольцо — схема из nota-karta-zhk";24.09.2026
dmitrovskoe-nebo;04;нет;2401 квартир;каталоги и декларации (база 14.09);24.09.2026
dmitrovskoe-nebo;05;нет;0.23 м/м на квартиру (549 на 2401);каталоги и декларации (база 14.09);24.09.2026
dmitrovskoe-nebo;07;нет данных;строится, II кв. 2027;база 14.09;24.09.2026
dmitrovskoe-nebo;08;нет данных;квартиры;база 14.09;24.09.2026
dmitrovskoe-nebo;09;да;от 412 000 ₽/м²;каталоги (база 14.09);24.09.2026
dom-56;01;да;внутри Третьего кольца;"координаты базы; кольцо — схема из nota-karta-zhk";24.09.2026
dom-56;04;да;510 квартир;каталоги и декларации (база 14.09);24.09.2026
dom-56;05;нет;0.41 м/м на квартиру (209 на 510);каталоги и декларации (база 14.09);24.09.2026
dom-56;07;нет данных;строится, 2026;база 14.09;24.09.2026
dom-56;08;нет данных;квартиры;база 14.09;24.09.2026
dom-56;09;да;от 647 500 ₽/м²;каталоги (база 14.09);24.09.2026
dom-7-danilovskiy;01;да;внутри Третьего кольца;"координаты базы; кольцо — схема из nota-karta-zhk";24.09.2026
dom-7-danilovskiy;04;да;207 квартир;каталоги и декларации (база 14.09);24.09.2026
dom-7-danilovskiy;05;нет данных;;;24.09.2026
dom-7-danilovskiy;07;нет данных;строится, 2027;база 14.09;24.09.2026
dom-7-danilovskiy;08;нет данных;квартиры;база 14.09;24.09.2026
dom-7-danilovskiy;09;да;от 957 000 ₽/м²;каталоги (база 14.09);24.09.2026
dom-a;01;да;внутри Третьего кольца;"координаты базы; кольцо — схема из nota-karta-zhk";24.09.2026
dom-a;04;нет данных;;каталоги и декларации (база 14.09);24.09.2026
dom-a;05;нет данных;;;24.09.2026
dom-a;07;нет данных;строится, 2027;база 14.09;24.09.2026
dom-a;08;нет данных;квартиры;база 14.09;24.09.2026
dom-a;09;да;от 560 100 ₽/м²;каталоги (база 14.09);24.09.2026
dom-dau;01;нет;за Третьим кольцом;"координаты базы; кольцо — схема из nota-karta-zhk";24.09.2026
dom-dau;04;нет данных;;каталоги и декларации (база 14.09);24.09.2026
dom-dau;05;нет данных;;;24.09.2026
dom-dau;07;нет данных;строится, 2027;база 14.09;24.09.2026
dom-dau;08;нет данных;квартиры;база 14.09;24.09.2026
dom-dau;09;да;от 922 500 ₽/м²;каталоги (база 14.09);24.09.2026
dom-franka;01;да;внутри Третьего кольца;"координаты базы; кольцо — схема из nota-karta-zhk";24.09.2026
dom-franka;04;да;147 квартир;каталоги и декларации (база 14.09);24.09.2026
dom-franka;05;нет данных;;;24.09.2026
dom-franka;07;нет данных;строится, 2026;база 14.09;24.09.2026
dom-franka;08;нет данных;квартиры;база 14.09;24.09.2026
dom-franka;09;да;от 1 581 900 ₽/м²;каталоги (база 14.09);24.09.2026
dom-gorizontov;01;нет;за Третьим кольцом;"координаты базы; кольцо — схема из nota-karta-zhk";24.09.2026
dom-gorizontov;04;да;142 квартир;каталоги и декларации (база 14.09);24.09.2026
dom-gorizontov;05;нет данных;;;24.09.2026
dom-gorizontov;07;нет данных;строится, 2027;база 14.09;24.09.2026
dom-gorizontov;08;нет данных;квартиры;база 14.09;24.09.2026
dom-gorizontov;09;да;от 673 500 ₽/м²;каталоги (база 14.09);24.09.2026
dom-malevich;01;да;СВАО;"координаты базы; кольцо — схема из nota-karta-zhk";24.09.2026
dom-malevich;04;да;590 квартир;каталоги и декларации (база 14.09);24.09.2026
dom-malevich;05;нет;0.19 м/м на квартиру (110 на 590);каталоги и декларации (база 14.09);24.09.2026
dom-malevich;07;нет данных;сдан, есть остатки, сдан;база 14.09;24.09.2026
dom-malevich;08;нет данных;квартиры;база 14.09;24.09.2026
dom-malevich;09;да;от 370 000 ₽/м²;каталоги (база 14.09);24.09.2026
dom-na-chasovoy;01;да;САО;"координаты базы; кольцо — схема из nota-karta-zhk";24.09.2026
dom-na-chasovoy;04;да;255 квартир;каталоги и декларации (база 14.09);24.09.2026
dom-na-chasovoy;05;нет;0.67 м/м на квартиру (170 на 255);каталоги и декларации (база 14.09);24.09.2026
dom-na-chasovoy;07;нет данных;строится, II кв. 2028;база 14.09;24.09.2026
dom-na-chasovoy;08;нет данных;квартиры;база 14.09;24.09.2026
dom-na-chasovoy;09;да;от 599 000 ₽/м²;каталоги (база 14.09);24.09.2026
dom-na-zorge;01;да;САО;"координаты базы; кольцо — схема из nota-karta-zhk";24.09.2026
dom-na-zorge;04;нет данных;;каталоги и декларации (база 14.09);24.09.2026
dom-na-zorge;05;нет данных;;;24.09.2026
dom-na-zorge;07;нет данных;сдан, есть остатки, 2026;база 14.09;24.09.2026
dom-na-zorge;08;нет данных;квартиры;база 14.09;24.09.2026
dom-na-zorge;09;да;от 472 000 ₽/м²;каталоги (база 14.09);24.09.2026
dom-sporta;01;да;ЦАО;"координаты базы; кольцо — схема из nota-karta-zhk";24.09.2026
dom-sporta;04;нет;92 квартир;каталоги и декларации (база 14.09);24.09.2026
dom-sporta;05;нет данных;;;24.09.2026
dom-sporta;07;нет данных;строится, I кв. 2029;база 14.09;24.09.2026
dom-sporta;08;нет данных;квартиры;база 14.09;24.09.2026
dom-sporta;09;нет данных;;;24.09.2026
dom-xxii;01;да;ЦАО;"координаты базы; кольцо — схема из nota-karta-zhk";24.09.2026
dom-xxii;04;нет данных;;каталоги и декларации (база 14.09);24.09.2026
dom-xxii;05;нет данных;;;24.09.2026
dom-xxii;07;нет данных;строится, IV кв. 2026;база 14.09;24.09.2026
dom-xxii;08;нет данных;квартиры;база 14.09;24.09.2026
dom-xxii;09;нет данных;;;24.09.2026
dostizhenie;01;нет;за Третьим кольцом;"координаты базы; кольцо — схема из nota-karta-zhk";24.09.2026
dostizhenie;04;нет данных;;каталоги и декларации (база 14.09);24.09.2026
dostizhenie;05;нет данных;;;24.09.2026
dostizhenie;07;нет данных;сдан, есть остатки, сдан;база 14.09;24.09.2026
dostizhenie;08;нет данных;квартиры;база 14.09;24.09.2026
dostizhenie;09;да;от 640 400 ₽/м²;каталоги (база 14.09);24.09.2026
drim-riva;01;нет;ЮАО;"координаты базы; кольцо — схема из nota-karta-zhk";24.09.2026
drim-riva;04;нет;790 квартир;каталоги и декларации (база 14.09);24.09.2026
drim-riva;05;нет;0.46 м/м на квартиру (363 на 790);каталоги и декларации (база 14.09);24.09.2026
drim-riva;07;нет данных;строится, 4 кв. 2027;база 14.09;24.09.2026
drim-riva;08;нет данных;квартиры;база 14.09;24.09.2026
drim-riva;09;нет;от 565 600 ₽/м²;каталоги (база 14.09);24.09.2026
dubrovka-ot-granel;01;да;ЮВАО;"координаты базы; кольцо — схема из nota-karta-zhk";24.09.2026
dubrovka-ot-granel;04;нет;932 квартир;каталоги и декларации (база 14.09);24.09.2026
dubrovka-ot-granel;05;нет;0.23 м/м на квартиру (211 на 932);каталоги и декларации (база 14.09);24.09.2026
dubrovka-ot-granel;07;нет данных;строится, 3 кв. 2028;база 14.09;24.09.2026
dubrovka-ot-granel;08;нет данных;квартиры;база 14.09;24.09.2026
dubrovka-ot-granel;09;да;от 410 300 ₽/м²;каталоги (база 14.09);24.09.2026
duo;01;да;ЦАО;"координаты базы; кольцо — схема из nota-karta-zhk";24.09.2026
duo;04;нет;49 квартир;каталоги и декларации (база 14.09);24.09.2026
duo;05;нет данных;;;24.09.2026
duo;07;нет данных;строится, II кв. 2026;база 14.09;24.09.2026
duo;08;нет данных;квартиры;база 14.09;24.09.2026
duo;09;да;от 2 100 000 ₽/м²;каталоги (база 14.09);24.09.2026
eden;01;да;ЦАО;"координаты базы; кольцо — схема из nota-karta-zhk";24.09.2026
eden;04;да;22 квартир;каталоги и декларации (база 14.09);24.09.2026
eden;05;нет данных;;;24.09.2026
eden;07;нет данных;старт продаж, III кв. 2029;база 14.09;24.09.2026
eden;08;нет данных;квартиры;база 14.09;24.09.2026
eden;09;нет данных;;;24.09.2026
eli-estate;01;не применяется;Рублёвка;"координаты базы; кольцо — схема из nota-karta-zhk";24.09.2026
eli-estate;04;нет данных;;каталоги и декларации (база 14.09);24.09.2026
eli-estate;05;нет данных;;;24.09.2026
eli-estate;07;нет данных;в продаже;база 14.09;24.09.2026
eli-estate;08;нет данных;коттеджи;база 14.09;24.09.2026
eli-estate;09;нет данных;;;24.09.2026
emoushen;01;да;СЗАО;"координаты базы; кольцо — схема из nota-karta-zhk";24.09.2026
emoushen;04;да;551 квартир;каталоги и декларации (база 14.09);24.09.2026
emoushen;05;нет;0.69 м/м на квартиру (380 на 551);каталоги и декларации (база 14.09);24.09.2026
emoushen;07;нет данных;строится, 2 кв. 2027;база 14.09;24.09.2026
emoushen;08;нет данных;апартаменты;база 14.09;24.09.2026
emoushen;09;да;от 395 000 ₽/м²;каталоги (база 14.09);24.09.2026
enigmiya;01;да;ЦАО;"координаты базы; кольцо — схема из nota-karta-zhk";24.09.2026
enigmiya;04;нет данных;;каталоги и декларации (база 14.09);24.09.2026
enigmiya;05;нет данных;;;24.09.2026
enigmiya;07;нет данных;строится, IV кв. 2028;база 14.09;24.09.2026
enigmiya;08;нет данных;квартиры;база 14.09;24.09.2026
enigmiya;09;да;от 1 200 000 ₽/м²;каталоги (база 14.09);24.09.2026
era;01;нет;ЮАО;"координаты базы; кольцо — схема из nota-karta-zhk";24.09.2026
era;04;нет данных;;каталоги и декларации (база 14.09);24.09.2026
era;05;нет данных;;;24.09.2026
era;07;нет данных;строится, есть сданные, 2026-2029;база 14.09;24.09.2026
era;08;нет данных;квартиры;база 14.09;24.09.2026
era;09;нет;от 545 200 ₽/м²;каталоги (база 14.09);24.09.2026
evopark-izmaylovo;01;да;ВАО;"координаты базы; кольцо — схема из nota-karta-zhk";24.09.2026
evopark-izmaylovo;04;да;289 квартир;каталоги и декларации (база 14.09);24.09.2026
evopark-izmaylovo;05;нет;0.17 м/м на квартиру (49 на 289);каталоги и декларации (база 14.09);24.09.2026
evopark-izmaylovo;07;нет данных;строится, 3 кв. 2026;база 14.09;24.09.2026
evopark-izmaylovo;08;нет данных;апартаменты;база 14.09;24.09.2026
evopark-izmaylovo;09;да;от 329 400 ₽/м²;каталоги (база 14.09);24.09.2026
evopark-sokolniki;01;да;ВАО;"координаты базы; кольцо — схема из nota-karta-zhk";24.09.2026
evopark-sokolniki;04;да;555 квартир;каталоги и декларации (база 14.09);24.09.2026
evopark-sokolniki;05;нет;0.19 м/м на квартиру (106 на 555);каталоги и декларации (база 14.09);24.09.2026
evopark-sokolniki;07;нет данных;строится, 2 кв. 2026;база 14.09;24.09.2026
evopark-sokolniki;08;нет данных;апартаменты;база 14.09;24.09.2026
evopark-sokolniki;09;да;от 351 000 ₽/м²;каталоги (база 14.09);24.09.2026
famous;01;нет;за Третьим кольцом;"координаты базы; кольцо — схема из nota-karta-zhk";24.09.2026
famous;04;да;81 квартир;каталоги и декларации (база 14.09);24.09.2026
famous;05;нет данных;;;24.09.2026
famous;07;нет данных;сдан, есть остатки, 3 кв. 2025;база 14.09;24.09.2026
famous;08;нет данных;квартиры;база 14.09;24.09.2026
famous;09;да;от 747 000 ₽/м²;каталоги (база 14.09);24.09.2026
fantom;01;да;ЦАО;"координаты базы; кольцо — схема из nota-karta-zhk";24.09.2026
fantom;04;нет;105 квартир;каталоги и декларации (база 14.09);24.09.2026
fantom;05;нет данных;;;24.09.2026
fantom;07;нет данных;строится, 2027;база 14.09;24.09.2026
fantom;08;нет данных;квартиры;база 14.09;24.09.2026
fantom;09;да;от 1 650 000 ₽/м²;каталоги (база 14.09);24.09.2026
fenomen-goroda;01;нет;за Третьим кольцом;"координаты базы; кольцо — схема из nota-karta-zhk";24.09.2026
fenomen-goroda;04;нет данных;;каталоги и декларации (база 14.09);24.09.2026
fenomen-goroda;05;нет данных;;;24.09.2026
fenomen-goroda;07;нет данных;анонс, 2031;база 14.09;24.09.2026
fenomen-goroda;08;нет данных;квартиры;база 14.09;24.09.2026
fenomen-goroda;09;нет данных;;;24.09.2026
festival-park-2;01;да;САО;"координаты базы; кольцо — схема из nota-karta-zhk";24.09.2026
festival-park-2;04;нет;1595 квартир;каталоги и декларации (база 14.09);24.09.2026
festival-park-2;05;нет;0.66 м/м на квартиру (1050 на 1595);каталоги и декларации (база 14.09);24.09.2026
festival-park-2;07;нет данных;сдан, есть остатки, сдан;база 14.09;24.09.2026
festival-park-2;08;нет данных;квартиры;база 14.09;24.09.2026
festival-park-2;09;да;от 380 000 ₽/м²;каталоги (база 14.09);24.09.2026
five-towers;01;нет;ЮАО;"координаты базы; кольцо — схема из nota-karta-zhk";24.09.2026
five-towers;04;нет;596 квартир;каталоги и декларации (база 14.09);24.09.2026
five-towers;05;нет;0.32 м/м на квартиру (188 на 596);каталоги и декларации (база 14.09);24.09.2026
five-towers;07;нет данных;строится, 3 кв. 2026;база 14.09;24.09.2026
five-towers;08;нет данных;квартиры;база 14.09;24.09.2026
five-towers;09;нет;от 558 000 ₽/м²;каталоги (база 14.09);24.09.2026
fiztekhsiti;01;да;СВАО;"координаты базы; кольцо — схема из nota-karta-zhk";24.09.2026
fiztekhsiti;04;нет данных;;каталоги и декларации (база 14.09);24.09.2026
fiztekhsiti;05;нет данных;;;24.09.2026
fiztekhsiti;07;нет данных;сдан, есть остатки, сдан;база 14.09;24.09.2026
fiztekhsiti;08;нет данных;апартаменты;база 14.09;24.09.2026
fiztekhsiti;09;нет данных;;;24.09.2026
fon-dessin;01;да;ЦАО;"координаты базы; кольцо — схема из nota-karta-zhk";24.09.2026
fon-dessin;04;нет;36 квартир;каталоги и декларации (база 14.09);24.09.2026
fon-dessin;05;нет данных;;;24.09.2026
fon-dessin;07;нет данных;строится, II кв. 2026;база 14.09;24.09.2026
fon-dessin;08;нет данных;квартиры;база 14.09;24.09.2026
fon-dessin;09;да;от 2 300 000 ₽/м²;каталоги (база 14.09);24.09.2026
forum;01;да;внутри Третьего кольца;"координаты базы; кольцо — схема из nota-karta-zhk";24.09.2026
forum;04;да;46 квартир;каталоги и декларации (база 14.09);24.09.2026
forum;05;да;1.67 м/м на квартиру (77 на 46);каталоги и декларации (база 14.09);24.09.2026
forum;07;нет данных;строится, 2026;база 14.09;24.09.2026
forum;08;нет данных;квартиры;база 14.09;24.09.2026
forum;09;да;от 1 910 000 ₽/м²;каталоги (база 14.09);24.09.2026
frunzenskiy;01;да;ЦАО;"координаты базы; кольцо — схема из nota-karta-zhk";24.09.2026
frunzenskiy;04;нет данных;;каталоги и декларации (база 14.09);24.09.2026
frunzenskiy;05;нет данных;;;24.09.2026
frunzenskiy;07;нет данных;строится, III кв. 2027;база 14.09;24.09.2026
frunzenskiy;08;нет данных;квартиры;база 14.09;24.09.2026
frunzenskiy;09;да;от 2 000 000 ₽/м²;каталоги (база 14.09);24.09.2026
gloraks-premium-belorusskaya;01;нет;за Третьим кольцом;"координаты базы; кольцо — схема из nota-karta-zhk";24.09.2026
gloraks-premium-belorusskaya;04;нет данных;;каталоги и декларации (база 14.09);24.09.2026
gloraks-premium-belorusskaya;05;нет данных;;;24.09.2026
gloraks-premium-belorusskaya;07;нет данных;строится;база 14.09;24.09.2026
gloraks-premium-belorusskaya;08;нет данных;апартаменты;база 14.09;24.09.2026
gloraks-premium-belorusskaya;09;нет данных;;;24.09.2026
gorki-8;01;не применяется;Рублёвка;"координаты базы; кольцо — схема из nota-karta-zhk";24.09.2026
gorki-8;04;нет данных;;каталоги и декларации (база 14.09);24.09.2026
gorki-8;05;нет данных;;;24.09.2026
gorki-8;07;нет данных;сдан, есть остатки, сдан;база 14.09;24.09.2026
gorki-8;08;нет данных;коттеджи;база 14.09;24.09.2026
gorki-8;09;да;от 320 000 000 ₽/м²;каталоги (база 14.09);24.09.2026
gorodskaya-usadba-v-orlovo-davydovskom;01;да;ЦАО;"координаты базы; кольцо — схема из nota-karta-zhk";24.09.2026
gorodskaya-usadba-v-orlovo-davydovskom;04;нет данных;;каталоги и декларации (база 14.09);24.09.2026
gorodskaya-usadba-v-orlovo-davydovskom;05;нет данных;;;24.09.2026
gorodskaya-usadba-v-orlovo-davydovskom;07;нет данных;сдан, есть остатки, III кв. 2025;база 14.09;24.09.2026
gorodskaya-usadba-v-orlovo-davydovskom;08;нет данных;квартиры;база 14.09;24.09.2026
gorodskaya-usadba-v-orlovo-davydovskom;09;нет данных;;;24.09.2026
grafika-na-vode;01;да;ЮВАО;"координаты базы; кольцо — схема из nota-karta-zhk";24.09.2026
grafika-na-vode;04;нет данных;;каталоги и декларации (база 14.09);24.09.2026
grafika-na-vode;05;нет данных;;;24.09.2026
grafika-na-vode;07;нет данных;строится, 4 кв. 2028;база 14.09;24.09.2026
grafika-na-vode;08;нет данных;квартиры;база 14.09;24.09.2026
grafika-na-vode;09;да;от 314 300 ₽/м²;каталоги (база 14.09);24.09.2026
grand-fili;01;да;ЗАО;"координаты базы; кольцо — схема из nota-karta-zhk";24.09.2026
grand-fili;04;нет данных;;каталоги и декларации (база 14.09);24.09.2026
grand-fili;05;нет данных;;;24.09.2026
grand-fili;07;нет данных;строится, 2 кв. 2029;база 14.09;24.09.2026
grand-fili;08;нет данных;квартиры;база 14.09;24.09.2026
grand-fili;09;да;от 707 500 ₽/м²;каталоги (база 14.09);24.09.2026
granel-prityazhenie-siti;01;не применяется;Сколково;"координаты базы; кольцо — схема из nota-karta-zhk";24.09.2026
granel-prityazhenie-siti;04;нет данных;;каталоги и декларации (база 14.09);24.09.2026
granel-prityazhenie-siti;05;нет данных;;;24.09.2026
granel-prityazhenie-siti;07;нет данных;строится, 3-4 кв. 2028;база 14.09;24.09.2026
granel-prityazhenie-siti;08;нет данных;квартиры;база 14.09;24.09.2026
granel-prityazhenie-siti;09;да;от 281 200 ₽/м²;каталоги (база 14.09);24.09.2026
headliner;01;да;ЦАО;"координаты базы; кольцо — схема из nota-karta-zhk";24.09.2026
headliner;04;нет данных;;каталоги и декларации (база 14.09);24.09.2026
headliner;05;нет данных;;;24.09.2026
headliner;07;нет данных;сдан, есть остатки, сдан;база 14.09;24.09.2026
headliner;08;нет данных;квартиры;база 14.09;24.09.2026
headliner;09;да;от 425 000 ₽/м²;каталоги (база 14.09);24.09.2026
ilinka-3-8;01;да;ЦАО;"координаты базы; кольцо — схема из nota-karta-zhk";24.09.2026
ilinka-3-8;04;нет данных;;каталоги и декларации (база 14.09);24.09.2026
ilinka-3-8;05;нет данных;;;24.09.2026
ilinka-3-8;07;нет данных;сдан, есть остатки, III кв. 2025;база 14.09;24.09.2026
ilinka-3-8;08;нет данных;квартиры;база 14.09;24.09.2026
ilinka-3-8;09;да;от 2 200 000 ₽/м²;каталоги (база 14.09);24.09.2026
ilinskie-dachi;01;не применяется;Рублёвка;"координаты базы; кольцо — схема из nota-karta-zhk";24.09.2026
ilinskie-dachi;04;нет данных;;каталоги и декларации (база 14.09);24.09.2026
ilinskie-dachi;05;нет данных;;;24.09.2026
ilinskie-dachi;07;нет данных;сдан, есть остатки, сдан;база 14.09;24.09.2026
ilinskie-dachi;08;нет данных;коттеджи;база 14.09;24.09.2026
ilinskie-dachi;09;нет;от 160 000 000 ₽/м²;каталоги (база 14.09);24.09.2026
ilinskoe-pole;01;не применяется;Рублёвка;"координаты базы; кольцо — схема из nota-karta-zhk";24.09.2026
ilinskoe-pole;04;нет данных;;каталоги и декларации (база 14.09);24.09.2026
ilinskoe-pole;05;нет данных;;;24.09.2026
ilinskoe-pole;07;нет данных;в продаже;база 14.09;24.09.2026
ilinskoe-pole;08;нет данных;коттеджи;база 14.09;24.09.2026
ilinskoe-pole;09;да;от 2 000 000 000 ₽/м²;каталоги (база 14.09);24.09.2026
ilove;01;да;СВАО;"координаты базы; кольцо — схема из nota-karta-zhk";24.09.2026
ilove;04;нет;2370 квартир;каталоги и декларации (база 14.09);24.09.2026
ilove;05;нет;0.55 м/м на квартиру (1305 на 2370);каталоги и декларации (база 14.09);24.09.2026
ilove;07;нет данных;сдан, есть остатки, сдан;база 14.09;24.09.2026
ilove;08;нет данных;квартиры;база 14.09;24.09.2026
ilove;09;да;от 422 000 ₽/м²;каталоги (база 14.09);24.09.2026
indivo;01;да;ЗАО;"координаты базы; кольцо — схема из nota-karta-zhk";24.09.2026
indivo;04;да;831 квартир;каталоги и декларации (база 14.09);24.09.2026
indivo;05;нет;0.42 м/м на квартиру (347 на 831);каталоги и декларации (база 14.09);24.09.2026
indivo;07;нет данных;старт продаж, 4 кв. 2027;база 14.09;24.09.2026
indivo;08;нет данных;квартиры;база 14.09;24.09.2026
indivo;09;да;от 537 100 ₽/м²;каталоги (база 14.09);24.09.2026
indy-towers;01;да;САО;"координаты базы; кольцо — схема из nota-karta-zhk";24.09.2026
indy-towers;04;нет;959 квартир;каталоги и декларации (база 14.09);24.09.2026
indy-towers;05;нет;0.51 м/м на квартиру (487 на 959);каталоги и декларации (база 14.09);24.09.2026
indy-towers;07;нет данных;строится, 2026-2029;база 14.09;24.09.2026
indy-towers;08;нет данных;квартиры;база 14.09;24.09.2026
indy-towers;09;да;от 470 000 ₽/м²;каталоги (база 14.09);24.09.2026
indzhoy;01;да;САО;"координаты базы; кольцо — схема из nota-karta-zhk";24.09.2026
indzhoy;04;нет;1506 квартир;каталоги и декларации (база 14.09);24.09.2026
indzhoy;05;нет;0.45 м/м на квартиру (673 на 1506);каталоги и декларации (база 14.09);24.09.2026
indzhoy;07;нет данных;строится, 2027;база 14.09;24.09.2026
indzhoy;08;нет данных;квартиры;база 14.09;24.09.2026
indzhoy;09;да;от 486 000 ₽/м²;каталоги (база 14.09);24.09.2026
innovator;01;да;ЗАО;"координаты базы; кольцо — схема из nota-karta-zhk";24.09.2026
innovator;04;да;587 квартир;каталоги и декларации (база 14.09);24.09.2026
innovator;05;нет;0.40 м/м на квартиру (236 на 587);каталоги и декларации (база 14.09);24.09.2026
innovator;07;нет данных;сдан, есть остатки, 1 кв. 2026;база 14.09;24.09.2026
innovator;08;нет данных;квартиры;база 14.09;24.09.2026
innovator;09;да;от 477 800 ₽/м²;каталоги (база 14.09);24.09.2026
insayder;01;да;ЮАО;"координаты базы; кольцо — схема из nota-karta-zhk";24.09.2026
insayder;04;нет;909 квартир;каталоги и декларации (база 14.09);24.09.2026
insayder;05;нет;0.25 м/м на квартиру (228 на 909);каталоги и декларации (база 14.09);24.09.2026
insayder;07;нет данных;строится, 3 кв. 2026;база 14.09;24.09.2026
insayder;08;нет данных;апартаменты;база 14.09;24.09.2026
insayder;09;да;от 433 000 ₽/м²;каталоги (база 14.09);24.09.2026
intelligent;01;да;ЦАО;"координаты базы; кольцо — схема из nota-karta-zhk";24.09.2026
intelligent;04;да;813 квартир;каталоги и декларации (база 14.09);24.09.2026
intelligent;05;нет;0.20 м/м на квартиру (161 на 813);каталоги и декларации (база 14.09);24.09.2026
intelligent;07;нет данных;строится, I кв. 2026;база 14.09;24.09.2026
intelligent;08;нет данных;квартиры;база 14.09;24.09.2026
intelligent;09;да;от 452 000 ₽/м²;каталоги (база 14.09);24.09.2026
intonatsiya;01;да;СЗАО;"координаты базы; кольцо — схема из nota-karta-zhk";24.09.2026
intonatsiya;04;нет данных;;каталоги и декларации (база 14.09);24.09.2026
intonatsiya;05;нет данных;;;24.09.2026
intonatsiya;07;нет данных;сдан, есть остатки, сдан;база 14.09;24.09.2026
intonatsiya;08;нет данных;квартиры;база 14.09;24.09.2026
intonatsiya;09;да;от 507 800 ₽/м²;каталоги (база 14.09);24.09.2026
jois;01;нет;за Третьим кольцом;"координаты базы; кольцо — схема из nota-karta-zhk";24.09.2026
jois;04;нет;1306 квартир;каталоги и декларации (база 14.09);24.09.2026
jois;05;нет;0.18 м/м на квартиру (235 на 1306);каталоги и декларации (база 14.09);24.09.2026
jois;07;нет данных;строится, 4 кв. 2027;база 14.09;24.09.2026
jois;08;нет данных;квартиры;база 14.09;24.09.2026
jois;09;да;от 492 200 ₽/м²;каталоги (база 14.09);24.09.2026
kamerger;01;да;ЦАО;"координаты базы; кольцо — схема из nota-karta-zhk";24.09.2026
kamerger;04;нет данных;;каталоги и декларации (база 14.09);24.09.2026
kamerger;05;нет данных;;;24.09.2026
kamerger;07;нет данных;строится, III кв. 2026;база 14.09;24.09.2026
kamerger;08;нет данных;квартиры;база 14.09;24.09.2026
kamerger;09;нет данных;;;24.09.2026
kapranova-3;01;да;ЦАО;"координаты базы; кольцо — схема из nota-karta-zhk";24.09.2026
kapranova-3;04;нет данных;;каталоги и декларации (база 14.09);24.09.2026
kapranova-3;05;нет данных;;;24.09.2026
kapranova-3;07;нет данных;анонс, 2026-2027;база 14.09;24.09.2026
kapranova-3;08;нет данных;квартиры;база 14.09;24.09.2026
kapranova-3;09;нет данных;;;24.09.2026
kasatkina-11;01;да;СВАО;"координаты базы; кольцо — схема из nota-karta-zhk";24.09.2026
kasatkina-11;04;нет данных;;каталоги и декларации (база 14.09);24.09.2026
kasatkina-11;05;нет данных;;;24.09.2026
kasatkina-11;07;нет данных;анонс;база 14.09;24.09.2026
kasatkina-11;08;нет данных;квартиры;база 14.09;24.09.2026
kasatkina-11;09;нет данных;;;24.09.2026
kazachiy;01;да;ЦАО;"координаты базы; кольцо — схема из nota-karta-zhk";24.09.2026
kazachiy;04;нет данных;;каталоги и декларации (база 14.09);24.09.2026
kazachiy;05;нет данных;;;24.09.2026
kazachiy;07;нет данных;строится, III кв. 2029;база 14.09;24.09.2026
kazachiy;08;нет данных;квартиры;база 14.09;24.09.2026
kazachiy;09;нет данных;;;24.09.2026
khamovniki-12;01;да;ЦАО;"координаты базы; кольцо — схема из nota-karta-zhk";24.09.2026
khamovniki-12;04;нет;51 квартир;каталоги и декларации (база 14.09);24.09.2026
khamovniki-12;05;нет данных;;;24.09.2026
khamovniki-12;07;нет данных;сдан, есть остатки, IV кв. 2025;база 14.09;24.09.2026
khamovniki-12;08;нет данных;квартиры;база 14.09;24.09.2026
khamovniki-12;09;да;от 2 600 000 ₽/м²;каталоги (база 14.09);24.09.2026
khay-layf;01;да;внутри Третьего кольца;"координаты базы; кольцо — схема из nota-karta-zhk";24.09.2026
khay-layf;04;нет данных;;каталоги и декларации (база 14.09);24.09.2026
khay-layf;05;нет данных;;;24.09.2026
khay-layf;07;нет данных;строится, есть сданные, 2027;база 14.09;24.09.2026
khay-layf;08;нет данных;квартиры;база 14.09;24.09.2026
khay-layf;09;да;от 656 000 ₽/м²;каталоги (база 14.09);24.09.2026
khaydaut;01;нет;за Третьим кольцом;"координаты базы; кольцо — схема из nota-karta-zhk";24.09.2026
khaydaut;04;да;665 квартир;каталоги и декларации (база 14.09);24.09.2026
khaydaut;05;нет;0.84 м/м на квартиру (557 на 665);каталоги и декларации (база 14.09);24.09.2026
khaydaut;07;нет данных;строится, 2 кв. 2028;база 14.09;24.09.2026
khaydaut;08;нет данных;квартиры;база 14.09;24.09.2026
khaydaut;09;да;от 690 000 ₽/м²;каталоги (база 14.09);24.09.2026
khilkov;01;да;ЦАО;"координаты базы; кольцо — схема из nota-karta-zhk";24.09.2026
khilkov;04;нет данных;;каталоги и декларации (база 14.09);24.09.2026
khilkov;05;нет данных;;;24.09.2026
khilkov;07;нет данных;анонс;база 14.09;24.09.2026
khilkov;08;нет данных;квартиры;база 14.09;24.09.2026
khilkov;09;нет данных;;;24.09.2026
king-end-sans;01;нет;ЗАО;"координаты базы; кольцо — схема из nota-karta-zhk";24.09.2026
king-end-sans;04;нет данных;;каталоги и декларации (база 14.09);24.09.2026
king-end-sans;05;нет данных;;;24.09.2026
king-end-sans;07;нет данных;строится, 2027;база 14.09;24.09.2026
king-end-sans;08;нет данных;квартиры;база 14.09;24.09.2026
king-end-sans;09;да;от 1 100 000 ₽/м²;каталоги (база 14.09);24.09.2026
klubnyy-dom-tochka-otscheta;01;не применяется;Рублёвка;"координаты базы; кольцо — схема из nota-karta-zhk";24.09.2026
klubnyy-dom-tochka-otscheta;04;да;80 квартир;каталоги и декларации (база 14.09);24.09.2026
klubnyy-dom-tochka-otscheta;05;нет;0.66 м/м на квартиру (53 на 80);каталоги и декларации (база 14.09);24.09.2026
klubnyy-dom-tochka-otscheta;07;нет данных;сдан, есть остатки, сдан;база 14.09;24.09.2026
klubnyy-dom-tochka-otscheta;08;нет данных;квартиры;база 14.09;24.09.2026
klubnyy-dom-tochka-otscheta;09;да;от 533 000 ₽/м²;каталоги (база 14.09);24.09.2026
kod-sokolniki;01;да;ВАО;"координаты базы; кольцо — схема из nota-karta-zhk";24.09.2026
kod-sokolniki;04;да;807 квартир;каталоги и декларации (база 14.09);24.09.2026
kod-sokolniki;05;нет;0.41 м/м на квартиру (328 на 807);каталоги и декларации (база 14.09);24.09.2026
kod-sokolniki;07;нет данных;строится, 4 кв. 2029;база 14.09;24.09.2026
kod-sokolniki;08;нет данных;квартиры;база 14.09;24.09.2026
kod-sokolniki;09;да;от 521 800 ₽/м²;каталоги (база 14.09);24.09.2026
kollektsiya-luzhniki;01;да;ЦАО;"координаты базы; кольцо — схема из nota-karta-zhk";24.09.2026
kollektsiya-luzhniki;04;нет данных;;каталоги и декларации (база 14.09);24.09.2026
kollektsiya-luzhniki;05;нет данных;;;24.09.2026
kollektsiya-luzhniki;07;нет данных;строится, 2027;база 14.09;24.09.2026
kollektsiya-luzhniki;08;нет данных;квартиры+апартаменты;база 14.09;24.09.2026
kollektsiya-luzhniki;09;да;от 1 412 100 ₽/м²;каталоги (база 14.09);24.09.2026
kosmo-4-22;01;да;ЦАО;"координаты базы; кольцо — схема из nota-karta-zhk";24.09.2026
kosmo-4-22;04;нет;92 квартир;каталоги и декларации (база 14.09);24.09.2026
kosmo-4-22;05;нет данных;;;24.09.2026
kosmo-4-22;07;нет данных;сдан, есть остатки, сдан;база 14.09;24.09.2026
kosmo-4-22;08;нет данных;апартаменты;база 14.09;24.09.2026
kosmo-4-22;09;да;от 1 415 600 ₽/м²;каталоги (база 14.09);24.09.2026
kostomarovskiy-15;01;да;ЦАО;"координаты базы; кольцо — схема из nota-karta-zhk";24.09.2026
kostomarovskiy-15;04;да;143 квартир;каталоги и декларации (база 14.09);24.09.2026
kostomarovskiy-15;05;да;1.15 м/м на квартиру (164 на 143);каталоги и декларации (база 14.09);24.09.2026
kostomarovskiy-15;07;нет данных;анонс, I кв. 2027;база 14.09;24.09.2026
kostomarovskiy-15;08;нет данных;апартаменты;база 14.09;24.09.2026
kostomarovskiy-15;09;нет данных;;;24.09.2026
krasnyy-oktyabr;01;да;ЦАО;"координаты базы; кольцо — схема из nota-karta-zhk";24.09.2026
krasnyy-oktyabr;04;да;29 квартир;каталоги и декларации (база 14.09);24.09.2026
krasnyy-oktyabr;05;нет данных;;;24.09.2026
krasnyy-oktyabr;07;нет данных;строится, III кв. 2026;база 14.09;24.09.2026
krasnyy-oktyabr;08;нет данных;квартиры;база 14.09;24.09.2026
krasnyy-oktyabr;09;нет данных;;;24.09.2026
kronshtadtskiy-9;01;да;САО;"координаты базы; кольцо — схема из nota-karta-zhk";24.09.2026
kronshtadtskiy-9;04;нет данных;;каталоги и декларации (база 14.09);24.09.2026
kronshtadtskiy-9;05;нет данных;;;24.09.2026
kronshtadtskiy-9;07;нет данных;строится, 2027-2028;база 14.09;24.09.2026
kronshtadtskiy-9;08;нет данных;квартиры;база 14.09;24.09.2026
kronshtadtskiy-9;09;да;от 415 000 ₽/м²;каталоги (база 14.09);24.09.2026
krylatskaya-33;01;нет;за Третьим кольцом;"координаты базы; кольцо — схема из nota-karta-zhk";24.09.2026
krylatskaya-33;04;нет;755 квартир;каталоги и декларации (база 14.09);24.09.2026
krylatskaya-33;05;нет;0.36 м/м на квартиру (271 на 755);каталоги и декларации (база 14.09);24.09.2026
krylatskaya-33;07;нет данных;строится, 2027;база 14.09;24.09.2026
krylatskaya-33;08;нет данных;квартиры;база 14.09;24.09.2026
krylatskaya-33;09;да;от 580 000 ₽/м²;каталоги (база 14.09);24.09.2026
kutuzov-siti;01;нет;ЗАО;"координаты базы; кольцо — схема из nota-karta-zhk";24.09.2026
kutuzov-siti;04;нет;220 квартир;каталоги и декларации (база 14.09);24.09.2026
kutuzov-siti;05;нет;0.33 м/м на квартиру (73 на 220);каталоги и декларации (база 14.09);24.09.2026
kutuzov-siti;07;нет данных;строится, 3 кв. 2027;база 14.09;24.09.2026
kutuzov-siti;08;нет данных;квартиры;база 14.09;24.09.2026
kutuzov-siti;09;нет;от 639 500 ₽/м²;каталоги (база 14.09);24.09.2026
kutuzovskiy-kvartal;01;да;ЗАО;"координаты базы; кольцо — схема из nota-karta-zhk";24.09.2026
kutuzovskiy-kvartal;04;нет данных;;каталоги и декларации (база 14.09);24.09.2026
kutuzovskiy-kvartal;05;нет данных;;;24.09.2026
kutuzovskiy-kvartal;07;нет данных;старт продаж, 2 кв. 2026;база 14.09;24.09.2026
kutuzovskiy-kvartal;08;нет данных;квартиры;база 14.09;24.09.2026
kutuzovskiy-kvartal;09;да;от 441 400 ₽/м²;каталоги (база 14.09);24.09.2026
kuznetskiy-most-12;01;да;ЦАО;"координаты базы; кольцо — схема из nota-karta-zhk";24.09.2026
kuznetskiy-most-12;04;нет данных;;каталоги и декларации (база 14.09);24.09.2026
kuznetskiy-most-12;05;нет данных;;;24.09.2026
kuznetskiy-most-12;07;нет данных;строится, IV кв. 2026;база 14.09;24.09.2026
kuznetskiy-most-12;08;нет данных;квартиры;база 14.09;24.09.2026
kuznetskiy-most-12;09;нет данных;;;24.09.2026
kvartal-mons;01;да;СВАО;"координаты базы; кольцо — схема из nota-karta-zhk";24.09.2026
kvartal-mons;04;да;730 квартир;каталоги и декларации (база 14.09);24.09.2026
kvartal-mons;05;да;1.20 м/м на квартиру (875 на 730);каталоги и декларации (база 14.09);24.09.2026
kvartal-mons;07;нет данных;строится, III кв. 2027;база 14.09;24.09.2026
kvartal-mons;08;нет данных;квартиры;база 14.09;24.09.2026
kvartal-mons;09;да;от 356 000 ₽/м²;каталоги (база 14.09);24.09.2026
kvartal-serebryanyy-bor;01;да;СЗАО;"координаты базы; кольцо — схема из nota-karta-zhk";24.09.2026
kvartal-serebryanyy-bor;04;да;504 квартир;каталоги и декларации (база 14.09);24.09.2026
kvartal-serebryanyy-bor;05;нет;0.22 м/м на квартиру (110 на 504);каталоги и декларации (база 14.09);24.09.2026
kvartal-serebryanyy-bor;07;нет данных;старт продаж, 2 кв. 2027;база 14.09;24.09.2026
kvartal-serebryanyy-bor;08;нет данных;квартиры;база 14.09;24.09.2026
kvartal-serebryanyy-bor;09;да;от 595 100 ₽/м²;каталоги (база 14.09);24.09.2026
l67;01;да;САО;"координаты базы; кольцо — схема из nota-karta-zhk";24.09.2026
l67;04;нет данных;;каталоги и декларации (база 14.09);24.09.2026
l67;05;нет данных;;;24.09.2026
l67;07;нет данных;анонс;база 14.09;24.09.2026
l67;08;нет данных;квартиры;база 14.09;24.09.2026
l67;09;нет данных;;;24.09.2026
la-belle-maison;01;да;ЦАО;"координаты базы; кольцо — схема из nota-karta-zhk";24.09.2026
la-belle-maison;04;нет данных;;каталоги и декларации (база 14.09);24.09.2026
la-belle-maison;05;нет данных;;;24.09.2026
la-belle-maison;07;нет данных;строится, III кв. 2028;база 14.09;24.09.2026
la-belle-maison;08;нет данных;квартиры;база 14.09;24.09.2026
la-belle-maison;09;нет данных;;;24.09.2026
landshaft;01;не применяется;Рублёвка;"координаты базы; кольцо — схема из nota-karta-zhk";24.09.2026
landshaft;04;нет данных;;каталоги и декларации (база 14.09);24.09.2026
landshaft;05;нет данных;;;24.09.2026
landshaft;07;нет данных;сдан, есть остатки, сдан;база 14.09;24.09.2026
landshaft;08;нет данных;коттеджи;база 14.09;24.09.2026
landshaft;09;нет;от 1 460 000 000 ₽/м²;каталоги (база 14.09);24.09.2026
lavrushinskiy;01;да;ЦАО;"координаты базы; кольцо — схема из nota-karta-zhk";24.09.2026
lavrushinskiy;04;нет данных;;каталоги и декларации (база 14.09);24.09.2026
lavrushinskiy;05;нет данных;;;24.09.2026
lavrushinskiy;07;нет данных;сдан, есть остатки, сдан;база 14.09;24.09.2026
lavrushinskiy;08;нет данных;квартиры;база 14.09;24.09.2026
lavrushinskiy;09;да;от 2 300 000 ₽/м²;каталоги (база 14.09);24.09.2026
layf-taym;01;да;внутри Третьего кольца;"координаты базы; кольцо — схема из nota-karta-zhk";24.09.2026
layf-taym;04;да;218 квартир;каталоги и декларации (база 14.09);24.09.2026
layf-taym;05;нет данных;;;24.09.2026
layf-taym;07;нет данных;строится, 2026;база 14.09;24.09.2026
layf-taym;08;нет данных;квартиры;база 14.09;24.09.2026
layf-taym;09;да;от 1 090 400 ₽/м²;каталоги (база 14.09);24.09.2026
laym;01;да;СВАО;"координаты базы; кольцо — схема из nota-karta-zhk";24.09.2026
laym;04;да;826 квартир;каталоги и декларации (база 14.09);24.09.2026
laym;05;нет;0.40 м/м на квартиру (332 на 826);каталоги и декларации (база 14.09);24.09.2026
laym;07;нет данных;сдан, есть остатки, сдан;база 14.09;24.09.2026
laym;08;нет данных;квартиры;база 14.09;24.09.2026
laym;09;нет данных;;;24.09.2026
le-dom;01;да;ЦАО;"координаты базы; кольцо — схема из nota-karta-zhk";24.09.2026
le-dom;04;нет данных;;каталоги и декларации (база 14.09);24.09.2026
le-dom;05;нет данных;;;24.09.2026
le-dom;07;нет данных;строится, III кв. 2026;база 14.09;24.09.2026
le-dom;08;нет данных;квартиры;база 14.09;24.09.2026
le-dom;09;нет данных;;;24.09.2026
leningradka-58;01;да;САО;"координаты базы; кольцо — схема из nota-karta-zhk";24.09.2026
leningradka-58;04;нет данных;;каталоги и декларации (база 14.09);24.09.2026
leningradka-58;05;нет данных;;;24.09.2026
leningradka-58;07;нет данных;сдан, есть остатки, сдан;база 14.09;24.09.2026
leningradka-58;08;нет данных;квартиры;база 14.09;24.09.2026
leningradka-58;09;да;от 386 000 ₽/м²;каталоги (база 14.09);24.09.2026
level-akademicheskaya;01;нет;за Третьим кольцом;"координаты базы; кольцо — схема из nota-karta-zhk";24.09.2026
level-akademicheskaya;04;да;295 квартир;каталоги и декларации (база 14.09);24.09.2026
level-akademicheskaya;05;нет;0.28 м/м на квартиру (83 на 295);каталоги и декларации (база 14.09);24.09.2026
level-akademicheskaya;07;нет данных;сдан, есть остатки, сдан;база 14.09;24.09.2026
level-akademicheskaya;08;нет данных;квартиры;база 14.09;24.09.2026
level-akademicheskaya;09;да;от 533 600 ₽/м²;каталоги (база 14.09);24.09.2026
level-barvikha-residence;01;не применяется;Рублёвка;"координаты базы; кольцо — схема из nota-karta-zhk";24.09.2026
level-barvikha-residence;04;да;80 квартир;каталоги и декларации (база 14.09);24.09.2026
level-barvikha-residence;05;да;1.74 м/м на квартиру (139 на 80);каталоги и декларации (база 14.09);24.09.2026
level-barvikha-residence;07;нет данных;сдан, есть остатки, сдан;база 14.09;24.09.2026
level-barvikha-residence;08;нет данных;квартиры;база 14.09;24.09.2026
level-barvikha-residence;09;нет данных;;;24.09.2026
level-michurinskiy;01;да;ЗАО;"координаты базы; кольцо — схема из nota-karta-zhk";24.09.2026
level-michurinskiy;04;нет;3500 квартир;каталоги и декларации (база 14.09);24.09.2026
level-michurinskiy;05;нет;0.57 м/м на квартиру (2000 на 3500);каталоги и декларации (база 14.09);24.09.2026
level-michurinskiy;07;нет данных;строится, 3 кв. 2027;база 14.09;24.09.2026
level-michurinskiy;08;нет данных;квартиры;база 14.09;24.09.2026
level-michurinskiy;09;да;от 405 600 ₽/м²;каталоги (база 14.09);24.09.2026
level-paveletskaya-siti;01;да;ЮАО;"координаты базы; кольцо — схема из nota-karta-zhk";24.09.2026
level-paveletskaya-siti;04;нет;3252 квартир;каталоги и декларации (база 14.09);24.09.2026
level-paveletskaya-siti;05;нет;0.43 м/м на квартиру (1411 на 3252);каталоги и декларации (база 14.09);24.09.2026
level-paveletskaya-siti;07;нет данных;строится, 4 кв. 2027;база 14.09;24.09.2026
level-paveletskaya-siti;08;нет данных;квартиры;база 14.09;24.09.2026
level-paveletskaya-siti;09;да;от 537 900 ₽/м²;каталоги (база 14.09);24.09.2026
level-prichalnyy;01;нет;за Третьим кольцом;"координаты базы; кольцо — схема из nota-karta-zhk";24.09.2026
level-prichalnyy;04;нет данных;;каталоги и декларации (база 14.09);24.09.2026
level-prichalnyy;05;нет данных;;;24.09.2026
level-prichalnyy;07;нет данных;сдан, есть остатки, сдан;база 14.09;24.09.2026
level-prichalnyy;08;нет данных;квартиры;база 14.09;24.09.2026
level-prichalnyy;09;да;от 656 800 ₽/м²;каталоги (база 14.09);24.09.2026
level-streshnevo;01;да;СЗАО;"координаты базы; кольцо — схема из nota-karta-zhk";24.09.2026
level-streshnevo;04;да;747 квартир;каталоги и декларации (база 14.09);24.09.2026
level-streshnevo;05;да;1.30 м/м на квартиру (970 на 747);каталоги и декларации (база 14.09);24.09.2026
level-streshnevo;07;нет данных;сдан, есть остатки, сдан;база 14.09;24.09.2026
level-streshnevo;08;нет данных;квартиры;база 14.09;24.09.2026
level-streshnevo;09;да;от 273 800 ₽/м²;каталоги (база 14.09);24.09.2026
level-svobody;01;да;СЗАО;"координаты базы; кольцо — схема из nota-karta-zhk";24.09.2026
level-svobody;04;нет данных;;каталоги и декларации (база 14.09);24.09.2026
level-svobody;05;нет данных;;;24.09.2026
level-svobody;07;нет данных;анонс;база 14.09;24.09.2026
level-svobody;08;нет данных;квартиры;база 14.09;24.09.2026
level-svobody;09;нет данных;;;24.09.2026
level-voykovskaya;01;да;САО;"координаты базы; кольцо — схема из nota-karta-zhk";24.09.2026
level-voykovskaya;04;да;539 квартир;каталоги и декларации (база 14.09);24.09.2026
level-voykovskaya;05;нет;0.48 м/м на квартиру (261 на 539);каталоги и декларации (база 14.09);24.09.2026
level-voykovskaya;07;нет данных;строится, III кв. 2028;база 14.09;24.09.2026
level-voykovskaya;08;нет данных;квартиры;база 14.09;24.09.2026
level-voykovskaya;09;да;от 463 000 ₽/м²;каталоги (база 14.09);24.09.2026
levenson;01;да;ЦАО;"координаты базы; кольцо — схема из nota-karta-zhk";24.09.2026
levenson;04;нет данных;;каталоги и декларации (база 14.09);24.09.2026
levenson;05;нет данных;;;24.09.2026
levenson;07;нет данных;строится, III кв. 2027;база 14.09;24.09.2026
levenson;08;нет данных;квартиры;база 14.09;24.09.2026
levenson;09;да;от 2 700 000 ₽/м²;каталоги (база 14.09);24.09.2026
levshinskiy-19;01;да;ЦАО;"координаты базы; кольцо — схема из nota-karta-zhk";24.09.2026
levshinskiy-19;04;нет данных;;каталоги и декларации (база 14.09);24.09.2026
levshinskiy-19;05;нет данных;;;24.09.2026
levshinskiy-19;07;нет данных;строится, II кв. 2028;база 14.09;24.09.2026
levshinskiy-19;08;нет данных;квартиры;база 14.09;24.09.2026
levshinskiy-19;09;нет данных;;;24.09.2026
life-varshavskaya;01;да;ЮАО;"координаты базы; кольцо — схема из nota-karta-zhk";24.09.2026
life-varshavskaya;04;нет данных;;каталоги и декларации (база 14.09);24.09.2026
life-varshavskaya;05;нет данных;;;24.09.2026
life-varshavskaya;07;нет данных;строится, 4 кв. 2026;база 14.09;24.09.2026
life-varshavskaya;08;нет данных;квартиры;база 14.09;24.09.2026
life-varshavskaya;09;да;от 472 900 ₽/м²;каталоги (база 14.09);24.09.2026
losinoostrovskiy-park;01;да;ВАО;"координаты базы; кольцо — схема из nota-karta-zhk";24.09.2026
losinoostrovskiy-park;04;нет;2491 квартир;каталоги и декларации (база 14.09);24.09.2026
losinoostrovskiy-park;05;нет данных;;;24.09.2026
losinoostrovskiy-park;07;нет данных;строится, 2028;база 14.09;24.09.2026
losinoostrovskiy-park;08;нет данных;квартиры;база 14.09;24.09.2026
losinoostrovskiy-park;09;да;от 350 000 ₽/м²;каталоги (база 14.09);24.09.2026
luce;01;да;ЦАО;"координаты базы; кольцо — схема из nota-karta-zhk";24.09.2026
luce;04;нет;46 квартир;каталоги и декларации (база 14.09);24.09.2026
luce;05;нет данных;;;24.09.2026
luce;07;нет данных;строится, III кв. 2026;база 14.09;24.09.2026
luce;08;нет данных;квартиры;база 14.09;24.09.2026
luce;09;нет данных;;;24.09.2026
lva-tolstogo-14;01;да;ЦАО;"координаты базы; кольцо — схема из nota-karta-zhk";24.09.2026
lva-tolstogo-14;04;нет данных;;каталоги и декларации (база 14.09);24.09.2026
lva-tolstogo-14;05;нет данных;;;24.09.2026
lva-tolstogo-14;07;нет данных;анонс, 2026-2027;база 14.09;24.09.2026
lva-tolstogo-14;08;нет данных;квартиры;база 14.09;24.09.2026
lva-tolstogo-14;09;нет данных;;;24.09.2026
malaya-dmitrovka-5-9;01;да;ЦАО;"координаты базы; кольцо — схема из nota-karta-zhk";24.09.2026
malaya-dmitrovka-5-9;04;нет данных;;каталоги и декларации (база 14.09);24.09.2026
malaya-dmitrovka-5-9;05;нет данных;;;24.09.2026
malaya-dmitrovka-5-9;07;нет данных;анонс, 2026-2027;база 14.09;24.09.2026
malaya-dmitrovka-5-9;08;нет данных;квартиры;база 14.09;24.09.2026
malaya-dmitrovka-5-9;09;нет данных;;;24.09.2026
malaya-nikitskaya-29-31;01;да;ЦАО;"координаты базы; кольцо — схема из nota-karta-zhk";24.09.2026
malaya-nikitskaya-29-31;04;нет данных;;каталоги и декларации (база 14.09);24.09.2026
malaya-nikitskaya-29-31;05;нет данных;;;24.09.2026
malaya-nikitskaya-29-31;07;нет данных;анонс, 2026-2027;база 14.09;24.09.2026
malaya-nikitskaya-29-31;08;нет данных;квартиры;база 14.09;24.09.2026
malaya-nikitskaya-29-31;09;нет данных;;;24.09.2026
malaya-ordynka-14;01;да;ЦАО;"координаты базы; кольцо — схема из nota-karta-zhk";24.09.2026
malaya-ordynka-14;04;да;11 квартир;каталоги и декларации (база 14.09);24.09.2026
malaya-ordynka-14;05;нет данных;;;24.09.2026
malaya-ordynka-14;07;нет данных;анонс;база 14.09;24.09.2026
malaya-ordynka-14;08;нет данных;квартиры;база 14.09;24.09.2026
malaya-ordynka-14;09;нет данных;;;24.09.2026
malaya-polyanka-3;01;да;ЦАО;"координаты базы; кольцо — схема из nota-karta-zhk";24.09.2026
malaya-polyanka-3;04;нет данных;;каталоги и декларации (база 14.09);24.09.2026
malaya-polyanka-3;05;нет данных;;;24.09.2026
malaya-polyanka-3;07;нет данных;анонс, 2026-2027;база 14.09;24.09.2026
malaya-polyanka-3;08;нет данных;квартиры;база 14.09;24.09.2026
malaya-polyanka-3;09;нет данных;;;24.09.2026
mangazeya-na-rechnom;01;да;САО;"координаты базы; кольцо — схема из nota-karta-zhk";24.09.2026
mangazeya-na-rechnom;04;нет данных;;каталоги и декларации (база 14.09);24.09.2026
mangazeya-na-rechnom;05;нет данных;;;24.09.2026
mangazeya-na-rechnom;07;нет данных;строится, III кв. 2027;база 14.09;24.09.2026
mangazeya-na-rechnom;08;нет данных;квартиры;база 14.09;24.09.2026
mangazeya-na-rechnom;09;да;от 503 000 ₽/м²;каталоги (база 14.09);24.09.2026
mariinn-park;01;да;СВАО;"координаты базы; кольцо — схема из nota-karta-zhk";24.09.2026
mariinn-park;04;да;135 квартир;каталоги и декларации (база 14.09);24.09.2026
mariinn-park;05;нет;0.47 м/м на квартиру (64 на 135);каталоги и декларации (база 14.09);24.09.2026
mariinn-park;07;нет данных;строится, IV кв. 2027;база 14.09;24.09.2026
mariinn-park;08;нет данных;квартиры;база 14.09;24.09.2026
mariinn-park;09;нет данных;;;24.09.2026
mark;01;да;ЮАО;"координаты базы; кольцо — схема из nota-karta-zhk";24.09.2026
mark;04;нет;844 квартир;каталоги и декларации (база 14.09);24.09.2026
mark;05;нет;0.25 м/м на квартиру (211 на 844);каталоги и декларации (база 14.09);24.09.2026
mark;07;нет данных;строится, 2 кв. 2028;база 14.09;24.09.2026
mark;08;нет данных;квартиры;база 14.09;24.09.2026
mark;09;да;от 564 000 ₽/м²;каталоги (база 14.09);24.09.2026
maslovo-forest-club;01;не применяется;Рублёвка;"координаты базы; кольцо — схема из nota-karta-zhk";24.09.2026
maslovo-forest-club;04;да;119 квартир;каталоги и декларации (база 14.09);24.09.2026
maslovo-forest-club;05;нет данных;;;24.09.2026
maslovo-forest-club;07;нет данных;сдан, есть остатки, строительство завершено, часть очередей 3 кв. 2026;база 14.09;24.09.2026
maslovo-forest-club;08;нет данных;коттеджи;база 14.09;24.09.2026
maslovo-forest-club;09;да;от 95 232 000 ₽/м²;каталоги (база 14.09);24.09.2026
masters;01;нет;за Третьим кольцом;"координаты базы; кольцо — схема из nota-karta-zhk";24.09.2026
masters;04;нет;672 квартир;каталоги и декларации (база 14.09);24.09.2026
masters;05;нет;0.54 м/м на квартиру (363 на 672);каталоги и декларации (база 14.09);24.09.2026
masters;07;нет данных;строится, новый старт 2026, 2029;база 14.09;24.09.2026
masters;08;нет данных;квартиры;база 14.09;24.09.2026
masters;09;да;от 582 100 ₽/м²;каталоги (база 14.09);24.09.2026
matveevskiy-park;01;да;ЗАО;"координаты базы; кольцо — схема из nota-karta-zhk";24.09.2026
matveevskiy-park;04;нет;3452 квартир;каталоги и декларации (база 14.09);24.09.2026
matveevskiy-park;05;нет данных;;;24.09.2026
matveevskiy-park;07;нет данных;строится, 2 кв. 2028;база 14.09;24.09.2026
matveevskiy-park;08;нет данных;квартиры;база 14.09;24.09.2026
matveevskiy-park;09;да;от 413 900 ₽/м²;каталоги (база 14.09);24.09.2026
metropoliya;01;да;ЮВАО;"координаты базы; кольцо — схема из nota-karta-zhk";24.09.2026
metropoliya;04;нет;3544 квартир;каталоги и декларации (база 14.09);24.09.2026
metropoliya;05;нет;0.53 м/м на квартиру (1888 на 3544);каталоги и декларации (база 14.09);24.09.2026
metropoliya;07;нет данных;сдан, есть остатки, сдан;база 14.09;24.09.2026
metropoliya;08;нет данных;квартиры;база 14.09;24.09.2026
metropoliya;09;да;от 460 000 ₽/м²;каталоги (база 14.09);24.09.2026
mira;01;нет;за Третьим кольцом;"координаты базы; кольцо — схема из nota-karta-zhk";24.09.2026
mira;04;нет;762 квартир;каталоги и декларации (база 14.09);24.09.2026
mira;05;нет данных;;;24.09.2026
mira;07;нет данных;строится, 2027;база 14.09;24.09.2026
mira;08;нет данных;квартиры;база 14.09;24.09.2026
mira;09;да;от 636 900 ₽/м²;каталоги (база 14.09);24.09.2026
mirapolis;01;да;СВАО;"координаты базы; кольцо — схема из nota-karta-zhk";24.09.2026
mirapolis;04;нет;1941 квартир;каталоги и декларации (база 14.09);24.09.2026
mirapolis;05;нет;0.31 м/м на квартиру (608 на 1941);каталоги и декларации (база 14.09);24.09.2026
mirapolis;07;нет данных;строится, IV кв. 2027;база 14.09;24.09.2026
mirapolis;08;нет данных;апартаменты;база 14.09;24.09.2026
mirapolis;09;да;от 328 000 ₽/м²;каталоги (база 14.09);24.09.2026
mod;01;нет;за Третьим кольцом;"координаты базы; кольцо — схема из nota-karta-zhk";24.09.2026
mod;04;нет;2104 квартир;каталоги и декларации (база 14.09);24.09.2026
mod;05;нет;0.35 м/м на квартиру (739 на 2104);каталоги и декларации (база 14.09);24.09.2026
mod;07;нет данных;сдан, есть остатки, сдан;база 14.09;24.09.2026
mod;08;нет данных;квартиры;база 14.09;24.09.2026
mod;09;да;от 587 000 ₽/м²;каталоги (база 14.09);24.09.2026
molodogvardeyskaya-54;01;да;ЗАО;"координаты базы; кольцо — схема из nota-karta-zhk";24.09.2026
molodogvardeyskaya-54;04;нет данных;;каталоги и декларации (база 14.09);24.09.2026
molodogvardeyskaya-54;05;нет данных;;;24.09.2026
molodogvardeyskaya-54;07;нет данных;анонс;база 14.09;24.09.2026
molodogvardeyskaya-54;08;нет данных;квартиры;база 14.09;24.09.2026
molodogvardeyskaya-54;09;нет данных;;;24.09.2026
moments;01;да;СЗАО;"координаты базы; кольцо — схема из nota-karta-zhk";24.09.2026
moments;04;нет;1656 квартир;каталоги и декларации (база 14.09);24.09.2026
moments;05;нет;0.29 м/м на квартиру (476 на 1656);каталоги и декларации (база 14.09);24.09.2026
moments;07;нет данных;строится, 1 кв. 2027;база 14.09;24.09.2026
moments;08;нет данных;квартиры;база 14.09;24.09.2026
moments;09;да;от 539 000 ₽/м²;каталоги (база 14.09);24.09.2026
monblan;01;да;ЦАО;"координаты базы; кольцо — схема из nota-karta-zhk";24.09.2026
monblan;04;нет;341 квартир;каталоги и декларации (база 14.09);24.09.2026
monblan;05;нет;0.78 м/м на квартиру (267 на 341);каталоги и декларации (база 14.09);24.09.2026
monblan;07;нет данных;строится, I кв. 2028;база 14.09;24.09.2026
monblan;08;нет данных;квартиры;база 14.09;24.09.2026
monblan;09;да;от 1 000 000 ₽/м²;каталоги (база 14.09);24.09.2026
muza;01;нет;САО;"координаты базы; кольцо — схема из nota-karta-zhk";24.09.2026
muza;04;нет;309 квартир;каталоги и декларации (база 14.09);24.09.2026
muza;05;нет;0.48 м/м на квартиру (149 на 309);каталоги и декларации (база 14.09);24.09.2026
muza;07;нет данных;строится, 2029;база 14.09;24.09.2026
muza;08;нет данных;квартиры+апартаменты;база 14.09;24.09.2026
muza;09;да;от 857 700 ₽/м²;каталоги (база 14.09);24.09.2026
mypriority-mnevniki;01;да;СЗАО;"координаты базы; кольцо — схема из nota-karta-zhk";24.09.2026
mypriority-mnevniki;04;нет;1899 квартир;каталоги и декларации (база 14.09);24.09.2026
mypriority-mnevniki;05;нет;0.36 м/м на квартиру (675 на 1899);каталоги и декларации (база 14.09);24.09.2026
mypriority-mnevniki;07;нет данных;строится, 4 кв. 2028 (к.1), 4 кв. 2029 (к.2);база 14.09;24.09.2026
mypriority-mnevniki;08;нет данных;квартиры;база 14.09;24.09.2026
mypriority-mnevniki;09;да;от 479 200 ₽/м²;каталоги (база 14.09);24.09.2026
na-kutuzovskom-prospekte-36;01;да;ЗАО;"координаты базы; кольцо — схема из nota-karta-zhk";24.09.2026
na-kutuzovskom-prospekte-36;04;нет данных;;каталоги и декларации (база 14.09);24.09.2026
na-kutuzovskom-prospekte-36;05;нет данных;;;24.09.2026
na-kutuzovskom-prospekte-36;07;нет данных;анонс;база 14.09;24.09.2026
na-kutuzovskom-prospekte-36;08;нет данных;квартиры;база 14.09;24.09.2026
na-kutuzovskom-prospekte-36;09;нет данных;;;24.09.2026
nachalo;01;да;внутри Третьего кольца;"координаты базы; кольцо — схема из nota-karta-zhk";24.09.2026
nachalo;04;нет;962 квартир;каталоги и декларации (база 14.09);24.09.2026
nachalo;05;нет;0.93 м/м на квартиру (897 на 962);каталоги и декларации (база 14.09);24.09.2026
nachalo;07;нет данных;строится, 2030;база 14.09;24.09.2026
nachalo;08;нет данных;квартиры;база 14.09;24.09.2026
nachalo;09;да;от 925 200 ₽/м²;каталоги (база 14.09);24.09.2026
nagatino-ay-lend;01;да;ЮАО;"координаты базы; кольцо — схема из nota-karta-zhk";24.09.2026
nagatino-ay-lend;04;нет данных;;каталоги и декларации (база 14.09);24.09.2026
nagatino-ay-lend;05;нет данных;;;24.09.2026
nagatino-ay-lend;07;нет данных;строится, 2 кв. 2027;база 14.09;24.09.2026
nagatino-ay-lend;08;нет данных;квартиры;база 14.09;24.09.2026
nagatino-ay-lend;09;да;от 425 100 ₽/м²;каталоги (база 14.09);24.09.2026
nametkin-tauer;01;да;ЮЗАО;"координаты базы; кольцо — схема из nota-karta-zhk";24.09.2026
nametkin-tauer;04;нет;2071 квартир;каталоги и декларации (база 14.09);24.09.2026
nametkin-tauer;05;нет;0.32 м/м на квартиру (670 на 2071);каталоги и декларации (база 14.09);24.09.2026
nametkin-tauer;07;нет данных;строится, 2 кв. 2026;база 14.09;24.09.2026
nametkin-tauer;08;нет данных;апартаменты;база 14.09;24.09.2026
nametkin-tauer;09;да;от 322 000 ₽/м²;каталоги (база 14.09);24.09.2026
narvin;01;да;САО;"координаты базы; кольцо — схема из nota-karta-zhk";24.09.2026
narvin;04;нет;1174 квартир;каталоги и декларации (база 14.09);24.09.2026
narvin;05;нет;0.18 м/м на квартиру (207 на 1174);каталоги и декларации (база 14.09);24.09.2026
narvin;07;нет данных;строится, 2028;база 14.09;24.09.2026
narvin;08;нет данных;квартиры;база 14.09;24.09.2026
narvin;09;да;от 402 000 ₽/м²;каталоги (база 14.09);24.09.2026
nazare;01;да;ВАО;"координаты базы; кольцо — схема из nota-karta-zhk";24.09.2026
nazare;04;нет;1833 квартир;каталоги и декларации (база 14.09);24.09.2026
nazare;05;нет;0.41 м/м на квартиру (747 на 1833);каталоги и декларации (база 14.09);24.09.2026
nazare;07;нет данных;строится, 2 кв. 2028;база 14.09;24.09.2026
nazare;08;нет данных;квартиры;база 14.09;24.09.2026
nazare;09;да;от 481 000 ₽/м²;каталоги (база 14.09);24.09.2026
nexus-by-akvilon;01;да;ЗАО;"координаты базы; кольцо — схема из nota-karta-zhk";24.09.2026
nexus-by-akvilon;04;да;639 квартир;каталоги и декларации (база 14.09);24.09.2026
nexus-by-akvilon;05;нет;0.34 м/м на квартиру (216 на 639);каталоги и декларации (база 14.09);24.09.2026
nexus-by-akvilon;07;нет данных;старт продаж, 3 кв. 2029;база 14.09;24.09.2026
nexus-by-akvilon;08;нет данных;квартиры;база 14.09;24.09.2026
nexus-by-akvilon;09;да;от 474 500 ₽/м²;каталоги (база 14.09);24.09.2026
nikitskiy-6;01;да;ЦАО;"координаты базы; кольцо — схема из nota-karta-zhk";24.09.2026
nikitskiy-6;04;нет данных;;каталоги и декларации (база 14.09);24.09.2026
nikitskiy-6;05;нет данных;;;24.09.2026
nikitskiy-6;07;нет данных;строится, IV кв. 2026;база 14.09;24.09.2026
nikitskiy-6;08;нет данных;квартиры;база 14.09;24.09.2026
nikitskiy-6;09;да;от 2 800 000 ₽/м²;каталоги (база 14.09);24.09.2026
nikol;01;да;ЦАО;"координаты базы; кольцо — схема из nota-karta-zhk";24.09.2026
nikol;04;нет данных;;каталоги и декларации (база 14.09);24.09.2026
nikol;05;нет данных;;;24.09.2026
nikol;07;нет данных;строится, 2027-2028;база 14.09;24.09.2026
nikol;08;нет данных;квартиры;база 14.09;24.09.2026
nikol;09;да;от 2 325 000 ₽/м²;каталоги (база 14.09);24.09.2026
nikolskaya-sloboda;01;не применяется;Рублёвка;"координаты базы; кольцо — схема из nota-karta-zhk";24.09.2026
nikolskaya-sloboda;04;нет данных;;каталоги и декларации (база 14.09);24.09.2026
nikolskaya-sloboda;05;нет данных;;;24.09.2026
nikolskaya-sloboda;07;нет данных;сдан, есть остатки, сдан;база 14.09;24.09.2026
nikolskaya-sloboda;08;нет данных;коттеджи;база 14.09;24.09.2026
nikolskaya-sloboda;09;да;от 250 000 000 ₽/м²;каталоги (база 14.09);24.09.2026
nizhegorodskaya-ot-granel;01;да;ЮВАО;"координаты базы; кольцо — схема из nota-karta-zhk";24.09.2026
nizhegorodskaya-ot-granel;04;нет;874 квартир;каталоги и декларации (база 14.09);24.09.2026
nizhegorodskaya-ot-granel;05;нет;0.35 м/м на квартиру (304 на 874);каталоги и декларации (база 14.09);24.09.2026
nizhegorodskaya-ot-granel;07;нет данных;строится, 3 кв. 2028;база 14.09;24.09.2026
nizhegorodskaya-ot-granel;08;нет данных;квартиры;база 14.09;24.09.2026
nizhegorodskaya-ot-granel;09;да;от 410 900 ₽/м²;каталоги (база 14.09);24.09.2026
novoe-pavlovo;01;не применяется;Рублёвка;"координаты базы; кольцо — схема из nota-karta-zhk";24.09.2026
novoe-pavlovo;04;нет данных;;каталоги и декларации (база 14.09);24.09.2026
novoe-pavlovo;05;нет данных;;;24.09.2026
novoe-pavlovo;07;нет данных;в продаже;база 14.09;24.09.2026
novoe-pavlovo;08;нет данных;таунхаусы;база 14.09;24.09.2026
novoe-pavlovo;09;нет данных;;;24.09.2026
novye-akademiki;01;нет;ЮЗАО;"координаты базы; кольцо — схема из nota-karta-zhk";24.09.2026
novye-akademiki;04;нет;784 квартир;каталоги и декларации (база 14.09);24.09.2026
novye-akademiki;05;нет;0.61 м/м на квартиру (475 на 784);каталоги и декларации (база 14.09);24.09.2026
novye-akademiki;07;нет данных;строится, 4 кв. 2027;база 14.09;24.09.2026
novye-akademiki;08;нет данных;квартиры;база 14.09;24.09.2026
novye-akademiki;09;нет;от 419 800 ₽/м²;каталоги (база 14.09);24.09.2026
obrucheva-30;01;да;ЮЗАО;"координаты базы; кольцо — схема из nota-karta-zhk";24.09.2026
obrucheva-30;04;нет;1805 квартир;каталоги и декларации (база 14.09);24.09.2026
obrucheva-30;05;нет;0.30 м/м на квартиру (542 на 1805);каталоги и декларации (база 14.09);24.09.2026
obrucheva-30;07;нет данных;строится, 4 кв. 2026;база 14.09;24.09.2026
obrucheva-30;08;нет данных;квартиры;база 14.09;24.09.2026
obrucheva-30;09;да;от 450 900 ₽/м²;каталоги (база 14.09);24.09.2026
obydenskiy-1;01;да;ЦАО;"координаты базы; кольцо — схема из nota-karta-zhk";24.09.2026
obydenskiy-1;04;да;26 квартир;каталоги и декларации (база 14.09);24.09.2026
obydenskiy-1;05;нет;1.58 м/м на квартиру (41 на 26);каталоги и декларации (база 14.09);24.09.2026
obydenskiy-1;07;нет данных;сдан, есть остатки, I кв. 2026;база 14.09;24.09.2026
obydenskiy-1;08;нет данных;квартиры;база 14.09;24.09.2026
obydenskiy-1;09;да;от 2 800 000 ₽/м²;каталоги (база 14.09);24.09.2026
oktyabrskaya-98;01;да;СВАО;"координаты базы; кольцо — схема из nota-karta-zhk";24.09.2026
oktyabrskaya-98;04;да;645 квартир;каталоги и декларации (база 14.09);24.09.2026
oktyabrskaya-98;05;нет;0.19 м/м на квартиру (121 на 645);каталоги и декларации (база 14.09);24.09.2026
oktyabrskaya-98;07;нет данных;сдан, есть остатки, сдан;база 14.09;24.09.2026
oktyabrskaya-98;08;нет данных;апартаменты;база 14.09;24.09.2026
oktyabrskaya-98;09;да;от 413 000 ₽/м²;каталоги (база 14.09);24.09.2026
olsufevskiy-10;01;да;ЦАО;"координаты базы; кольцо — схема из nota-karta-zhk";24.09.2026
olsufevskiy-10;04;нет данных;;каталоги и декларации (база 14.09);24.09.2026
olsufevskiy-10;05;нет данных;;;24.09.2026
olsufevskiy-10;07;нет данных;анонс, 2026-2027;база 14.09;24.09.2026
olsufevskiy-10;08;нет данных;квартиры;база 14.09;24.09.2026
olsufevskiy-10;09;нет данных;;;24.09.2026
om-botanicheskiy;01;да;СВАО;"координаты базы; кольцо — схема из nota-karta-zhk";24.09.2026
om-botanicheskiy;04;да;428 квартир;каталоги и декларации (база 14.09);24.09.2026
om-botanicheskiy;05;нет;0.45 м/м на квартиру (194 на 428);каталоги и декларации (база 14.09);24.09.2026
om-botanicheskiy;07;нет данных;анонс, IV кв. 2029;база 14.09;24.09.2026
om-botanicheskiy;08;нет данных;квартиры;база 14.09;24.09.2026
om-botanicheskiy;09;нет данных;;;24.09.2026
one;01;да;внутри Третьего кольца;"координаты базы; кольцо — схема из nota-karta-zhk";24.09.2026
one;04;нет данных;;каталоги и декларации (база 14.09);24.09.2026
one;05;нет данных;;;24.09.2026
one;07;нет данных;строится, 2030;база 14.09;24.09.2026
one;08;нет данных;квартиры;база 14.09;24.09.2026
one;09;нет данных;;;24.09.2026
ostrov;01;нет;за Третьим кольцом;"координаты базы; кольцо — схема из nota-karta-zhk";24.09.2026
ostrov;04;нет;12000 квартир;каталоги и декларации (база 14.09);24.09.2026
ostrov;05;нет;0.05 м/м на квартиру (556 на 12000);каталоги и декларации (база 14.09);24.09.2026
ostrov;07;нет данных;строится, 2 кв. 2029;база 14.09;24.09.2026
ostrov;08;нет данных;квартиры;база 14.09;24.09.2026
ostrov;09;да;от 581 000 ₽/м²;каталоги (база 14.09);24.09.2026
palashevskiy-11;01;да;ЦАО;"координаты базы; кольцо — схема из nota-karta-zhk";24.09.2026
palashevskiy-11;04;нет;43 квартир;каталоги и декларации (база 14.09);24.09.2026
palashevskiy-11;05;нет данных;;;24.09.2026
palashevskiy-11;07;нет данных;строится, I кв. 2030;база 14.09;24.09.2026
palashevskiy-11;08;нет данных;квартиры;база 14.09;24.09.2026
palashevskiy-11;09;да;от 3 000 000 ₽/м²;каталоги (база 14.09);24.09.2026
parkville-zhukovka;01;не применяется;Рублёвка;"координаты базы; кольцо — схема из nota-karta-zhk";24.09.2026
parkville-zhukovka;04;нет данных;;каталоги и декларации (база 14.09);24.09.2026
parkville-zhukovka;05;нет данных;;;24.09.2026
parkville-zhukovka;07;нет данных;сдан, есть остатки, сдан;база 14.09;24.09.2026
parkville-zhukovka;08;нет данных;таунхаусы;база 14.09;24.09.2026
parkville-zhukovka;09;да;от 586 600 000 ₽/м²;каталоги (база 14.09);24.09.2026
paveletskaya-ot-granel;01;да;ЦАО;"координаты базы; кольцо — схема из nota-karta-zhk";24.09.2026
paveletskaya-ot-granel;04;да;377 квартир;каталоги и декларации (база 14.09);24.09.2026
paveletskaya-ot-granel;05;нет;0.28 м/м на квартиру (104 на 377);каталоги и декларации (база 14.09);24.09.2026
paveletskaya-ot-granel;07;нет данных;строится, III кв. 2028;база 14.09;24.09.2026
paveletskaya-ot-granel;08;нет данных;квартиры;база 14.09;24.09.2026
paveletskaya-ot-granel;09;да;от 653 000 ₽/м²;каталоги (база 14.09);24.09.2026
pavlovo;01;не применяется;Рублёвка;"координаты базы; кольцо — схема из nota-karta-zhk";24.09.2026
pavlovo;04;нет данных;;каталоги и декларации (база 14.09);24.09.2026
pavlovo;05;нет данных;;;24.09.2026
pavlovo;07;нет данных;сдан, есть остатки, сдан;база 14.09;24.09.2026
pavlovo;08;нет данных;коттеджи;база 14.09;24.09.2026
pavlovo;09;нет данных;;;24.09.2026
peyv;01;да;внутри Третьего кольца;"координаты базы; кольцо — схема из nota-karta-zhk";24.09.2026
peyv;04;нет;848 квартир;каталоги и декларации (база 14.09);24.09.2026
peyv;05;нет;0.59 м/м на квартиру (504 на 848);каталоги и декларации (база 14.09);24.09.2026
peyv;07;нет данных;строится, 4 кв. 2028;база 14.09;24.09.2026
peyv;08;нет данных;квартиры;база 14.09;24.09.2026
peyv;09;да;от 532 800 ₽/м²;каталоги (база 14.09);24.09.2026
plekhanova-11;01;да;ВАО;"координаты базы; кольцо — схема из nota-karta-zhk";24.09.2026
plekhanova-11;04;нет;1509 квартир;каталоги и декларации (база 14.09);24.09.2026
plekhanova-11;05;нет;0.17 м/м на квартиру (256 на 1509);каталоги и декларации (база 14.09);24.09.2026
plekhanova-11;07;нет данных;строится, 3 кв. 2026;база 14.09;24.09.2026
plekhanova-11;08;нет данных;квартиры;база 14.09;24.09.2026
plekhanova-11;09;да;от 400 000 ₽/м²;каталоги (база 14.09);24.09.2026
poklonnaya-7;01;нет;за Третьим кольцом;"координаты базы; кольцо — схема из nota-karta-zhk";24.09.2026
poklonnaya-7;04;нет данных;;каталоги и декларации (база 14.09);24.09.2026
poklonnaya-7;05;нет данных;;;24.09.2026
poklonnaya-7;07;нет данных;строится, 2 кв. 2026;база 14.09;24.09.2026
poklonnaya-7;08;нет данных;апартаменты;база 14.09;24.09.2026
poklonnaya-7;09;да;от 465 300 ₽/м²;каталоги (база 14.09);24.09.2026
polar;01;да;СВАО;"координаты базы; кольцо — схема из nota-karta-zhk";24.09.2026
polar;04;нет;2702 квартир;каталоги и декларации (база 14.09);24.09.2026
polar;05;нет;0.24 м/м на квартиру (639 на 2702);каталоги и декларации (база 14.09);24.09.2026
polar;07;нет данных;строится, II кв. 2027;база 14.09;24.09.2026
polar;08;нет данных;квартиры;база 14.09;24.09.2026
polar;09;да;от 361 000 ₽/м²;каталоги (база 14.09);24.09.2026
portlend;01;нет;за Третьим кольцом;"координаты базы; кольцо — схема из nota-karta-zhk";24.09.2026
portlend;04;нет;1554 квартир;каталоги и декларации (база 14.09);24.09.2026
portlend;05;нет;0.11 м/м на квартиру (174 на 1554);каталоги и декларации (база 14.09);24.09.2026
portlend;07;нет данных;строится, 1 кв. 2028;база 14.09;24.09.2026
portlend;08;нет данных;квартиры;база 14.09;24.09.2026
portlend;09;да;от 437 000 ₽/м²;каталоги (база 14.09);24.09.2026
praym-park;01;нет;за Третьим кольцом;"координаты базы; кольцо — схема из nota-karta-zhk";24.09.2026
praym-park;04;нет данных;;каталоги и декларации (база 14.09);24.09.2026
praym-park;05;нет данных;;;24.09.2026
praym-park;07;нет данных;строится, есть сданные, 2027;база 14.09;24.09.2026
praym-park;08;нет данных;квартиры;база 14.09;24.09.2026
praym-park;09;да;от 710 000 ₽/м²;каталоги (база 14.09);24.09.2026
preobrazhenskaya-ploschad;01;нет;ВАО;"координаты базы; кольцо — схема из nota-karta-zhk";24.09.2026
preobrazhenskaya-ploschad;04;нет;603 квартир;каталоги и декларации (база 14.09);24.09.2026
preobrazhenskaya-ploschad;05;нет;0.64 м/м на квартиру (384 на 603);каталоги и декларации (база 14.09);24.09.2026
preobrazhenskaya-ploschad;07;нет данных;строится, 2 кв. 2027;база 14.09;24.09.2026
preobrazhenskaya-ploschad;08;нет данных;квартиры;база 14.09;24.09.2026
preobrazhenskaya-ploschad;09;нет;от 422 400 ₽/м²;каталоги (база 14.09);24.09.2026
primavera;01;нет;за Третьим кольцом;"координаты базы; кольцо — схема из nota-karta-zhk";24.09.2026
primavera;04;нет данных;;каталоги и декларации (база 14.09);24.09.2026
primavera;05;нет данных;;;24.09.2026
primavera;07;нет данных;строится, есть сданные, 2028;база 14.09;24.09.2026
primavera;08;нет данных;квартиры;база 14.09;24.09.2026
primavera;09;да;от 644 500 ₽/м²;каталоги (база 14.09);24.09.2026
pyzhevskiy;01;да;ЦАО;"координаты базы; кольцо — схема из nota-karta-zhk";24.09.2026
pyzhevskiy;04;нет данных;;каталоги и декларации (база 14.09);24.09.2026
pyzhevskiy;05;нет данных;;;24.09.2026
pyzhevskiy;07;нет данных;строится, II кв. 2029;база 14.09;24.09.2026
pyzhevskiy;08;нет данных;квартиры;база 14.09;24.09.2026
pyzhevskiy;09;да;от 2 300 000 ₽/м²;каталоги (база 14.09);24.09.2026
quartier-d-or;01;да;ЦАО;"координаты базы; кольцо — схема из nota-karta-zhk";24.09.2026
quartier-d-or;04;нет данных;;каталоги и декларации (база 14.09);24.09.2026
quartier-d-or;05;нет данных;;;24.09.2026
quartier-d-or;07;нет данных;строится, 2026;база 14.09;24.09.2026
quartier-d-or;08;нет данных;квартиры;база 14.09;24.09.2026
quartier-d-or;09;да;от 1 600 000 ₽/м²;каталоги (база 14.09);24.09.2026
rakurs;01;да;СЗАО;"координаты базы; кольцо — схема из nota-karta-zhk";24.09.2026
rakurs;04;нет;915 квартир;каталоги и декларации (база 14.09);24.09.2026
rakurs;05;нет данных;;;24.09.2026
rakurs;07;нет данных;строится, 2 кв. 2026 (к.1), 1 кв. 2028 (к.2-4);база 14.09;24.09.2026
rakurs;08;нет данных;квартиры;база 14.09;24.09.2026
rakurs;09;да;от 457 400 ₽/м²;каталоги (база 14.09);24.09.2026
razdory-2;01;не применяется;Рублёвка;"координаты базы; кольцо — схема из nota-karta-zhk";24.09.2026
razdory-2;04;нет данных;;каталоги и декларации (база 14.09);24.09.2026
razdory-2;05;нет данных;;;24.09.2026
razdory-2;07;нет данных;сдан, есть остатки, сдан;база 14.09;24.09.2026
razdory-2;08;нет данных;коттеджи;база 14.09;24.09.2026
razdory-2;09;да;от 575 000 000 ₽/м²;каталоги (база 14.09);24.09.2026
rechnoy;01;не применяется;Рублёвка;"координаты базы; кольцо — схема из nota-karta-zhk";24.09.2026
rechnoy;04;нет данных;;каталоги и декларации (база 14.09);24.09.2026
rechnoy;05;нет данных;;;24.09.2026
rechnoy;07;нет данных;сдан, есть остатки, сдан;база 14.09;24.09.2026
rechnoy;08;нет данных;коттеджи;база 14.09;24.09.2026
rechnoy;09;нет данных;;;24.09.2026
red7;01;да;внутри Третьего кольца;"координаты базы; кольцо — схема из nota-karta-zhk";24.09.2026
red7;04;нет данных;;каталоги и декларации (база 14.09);24.09.2026
red7;05;нет данных;;;24.09.2026
red7;07;нет данных;сдан, есть остатки, сдан;база 14.09;24.09.2026
red7;08;нет данных;апартаменты;база 14.09;24.09.2026
red7;09;нет данных;;;24.09.2026
reka;01;нет;ЗАО;"координаты базы; кольцо — схема из nota-karta-zhk";24.09.2026
reka;04;нет данных;;каталоги и декларации (база 14.09);24.09.2026
reka;05;нет данных;;;24.09.2026
reka;07;нет данных;строится, есть сданные, 2029;база 14.09;24.09.2026
reka;08;нет данных;квартиры;база 14.09;24.09.2026
reka;09;да;от 842 000 ₽/м²;каталоги (база 14.09);24.09.2026
renaissance-park;01;не применяется;Рублёвка;"координаты базы; кольцо — схема из nota-karta-zhk";24.09.2026
renaissance-park;04;нет данных;;каталоги и декларации (база 14.09);24.09.2026
renaissance-park;05;нет данных;;;24.09.2026
renaissance-park;07;нет данных;сдан, есть остатки, сдан;база 14.09;24.09.2026
renaissance-park;08;нет данных;коттеджи;база 14.09;24.09.2026
renaissance-park;09;нет данных;;;24.09.2026
republic;01;да;внутри Третьего кольца;"координаты базы; кольцо — схема из nota-karta-zhk";24.09.2026
republic;04;нет;2651 квартир;каталоги и декларации (база 14.09);24.09.2026
republic;05;нет;0.64 м/м на квартиру (1687 на 2651);каталоги и декларации (база 14.09);24.09.2026
republic;07;нет данных;строится, IV кв. 2027;база 14.09;24.09.2026
republic;08;нет данных;квартиры;база 14.09;24.09.2026
republic;09;да;от 747 000 ₽/м²;каталоги (база 14.09);24.09.2026
rezidentsii-arkhitektorov;01;да;ЦАО;"координаты базы; кольцо — схема из nota-karta-zhk";24.09.2026
rezidentsii-arkhitektorov;04;нет данных;;каталоги и декларации (база 14.09);24.09.2026
rezidentsii-arkhitektorov;05;нет данных;;;24.09.2026
rezidentsii-arkhitektorov;07;нет данных;сдан, есть остатки, сдан;база 14.09;24.09.2026
rezidentsii-arkhitektorov;08;нет данных;квартиры;база 14.09;24.09.2026
rezidentsii-arkhitektorov;09;да;от 441 000 ₽/м²;каталоги (база 14.09);24.09.2026
rezidentsii-skolkovo;01;не применяется;Сколково;"координаты базы; кольцо — схема из nota-karta-zhk";24.09.2026
rezidentsii-skolkovo;04;нет данных;;каталоги и декларации (база 14.09);24.09.2026
rezidentsii-skolkovo;05;нет данных;;;24.09.2026
rezidentsii-skolkovo;07;нет данных;строится, 2 кв. 2027 (корп. 2.1-2.2), 3 кв. 2026 (корп. 6.1-6.2);база 14.09;24.09.2026
rezidentsii-skolkovo;08;нет данных;квартиры;база 14.09;24.09.2026
rezidentsii-skolkovo;09;да;от 319 000 ₽/м²;каталоги (база 14.09);24.09.2026
riga-hills;01;не применяется;Рублёвка;"координаты базы; кольцо — схема из nota-karta-zhk";24.09.2026
riga-hills;04;нет данных;;каталоги и декларации (база 14.09);24.09.2026
riga-hills;05;нет данных;;;24.09.2026
riga-hills;07;нет данных;строится, 4 кв. 2026;база 14.09;24.09.2026
riga-hills;08;нет данных;квартиры;база 14.09;24.09.2026
riga-hills;09;нет данных;;;24.09.2026
river-park;01;да;ЮАО;"координаты базы; кольцо — схема из nota-karta-zhk";24.09.2026
river-park;04;нет данных;;каталоги и декларации (база 14.09);24.09.2026
river-park;05;нет данных;;;24.09.2026
river-park;07;нет данных;строится, 2026;база 14.09;24.09.2026
river-park;08;нет данных;квартиры;база 14.09;24.09.2026
river-park;09;да;от 328 000 ₽/м²;каталоги (база 14.09);24.09.2026
river-park-kutuzovskiy;01;нет;за Третьим кольцом;"координаты базы; кольцо — схема из nota-karta-zhk";24.09.2026
river-park-kutuzovskiy;04;нет данных;;каталоги и декларации (база 14.09);24.09.2026
river-park-kutuzovskiy;05;нет данных;;;24.09.2026
river-park-kutuzovskiy;07;нет данных;строится, 2027;база 14.09;24.09.2026
river-park-kutuzovskiy;08;нет данных;квартиры;база 14.09;24.09.2026
river-park-kutuzovskiy;09;да;от 800 000 ₽/м²;каталоги (база 14.09);24.09.2026
rodina-park;01;нет;за Третьим кольцом;"координаты базы; кольцо — схема из nota-karta-zhk";24.09.2026
rodina-park;04;нет данных;;каталоги и декларации (база 14.09);24.09.2026
rodina-park;05;нет данных;;;24.09.2026
rodina-park;07;нет данных;строится, есть сданные, 2028;база 14.09;24.09.2026
rodina-park;08;нет данных;квартиры;база 14.09;24.09.2026
rodina-park;09;да;от 651 600 ₽/м²;каталоги (база 14.09);24.09.2026
rotterdam;01;да;ЮАО;"координаты базы; кольцо — схема из nota-karta-zhk";24.09.2026
rotterdam;04;да;803 квартир;каталоги и декларации (база 14.09);24.09.2026
rotterdam;05;нет;0.36 м/м на квартиру (286 на 803);каталоги и декларации (база 14.09);24.09.2026
rotterdam;07;нет данных;сдан, есть остатки, сдан;база 14.09;24.09.2026
rotterdam;08;нет данных;квартиры;база 14.09;24.09.2026
rotterdam;09;да;от 437 000 ₽/м²;каталоги (база 14.09);24.09.2026
rozhdestvenka-8;01;да;ЦАО;"координаты базы; кольцо — схема из nota-karta-zhk";24.09.2026
rozhdestvenka-8;04;нет данных;;каталоги и декларации (база 14.09);24.09.2026
rozhdestvenka-8;05;нет данных;;;24.09.2026
rozhdestvenka-8;07;нет данных;строится, IV кв. 2029;база 14.09;24.09.2026
rozhdestvenka-8;08;нет данных;квартиры;база 14.09;24.09.2026
rozhdestvenka-8;09;да;от 4 200 000 ₽/м²;каталоги (база 14.09);24.09.2026
russkie-sezony;01;да;ЦАО;"координаты базы; кольцо — схема из nota-karta-zhk";24.09.2026
russkie-sezony;04;нет данных;;каталоги и декларации (база 14.09);24.09.2026
russkie-sezony;05;нет данных;;;24.09.2026
russkie-sezony;07;нет данных;сдан, есть остатки, IV кв. 2025;база 14.09;24.09.2026
russkie-sezony;08;нет данных;квартиры;база 14.09;24.09.2026
russkie-sezony;09;да;от 4 100 000 ₽/м²;каталоги (база 14.09);24.09.2026
rustaveli-14;01;да;СВАО;"координаты базы; кольцо — схема из nota-karta-zhk";24.09.2026
rustaveli-14;04;нет данных;;каталоги и декларации (база 14.09);24.09.2026
rustaveli-14;05;нет данных;;;24.09.2026
rustaveli-14;07;нет данных;строится, I кв. 2029;база 14.09;24.09.2026
rustaveli-14;08;нет данных;квартиры;база 14.09;24.09.2026
rustaveli-14;09;да;от 461 000 ₽/м²;каталоги (база 14.09);24.09.2026
sadovnicheskaya-69;01;да;ЦАО;"координаты базы; кольцо — схема из nota-karta-zhk";24.09.2026
sadovnicheskaya-69;04;нет данных;;каталоги и декларации (база 14.09);24.09.2026
sadovnicheskaya-69;05;нет данных;;;24.09.2026
sadovnicheskaya-69;07;нет данных;строится, II кв. 2028;база 14.09;24.09.2026
sadovnicheskaya-69;08;нет данных;квартиры;база 14.09;24.09.2026
sadovnicheskaya-69;09;да;от 1 400 000 ₽/м²;каталоги (база 14.09);24.09.2026
sady-mayendorf;01;не применяется;Рублёвка;"координаты базы; кольцо — схема из nota-karta-zhk";24.09.2026
sady-mayendorf;04;нет данных;;каталоги и декларации (база 14.09);24.09.2026
sady-mayendorf;05;нет данных;;;24.09.2026
sady-mayendorf;07;нет данных;сдан, есть остатки, сдан;база 14.09;24.09.2026
sady-mayendorf;08;нет данных;коттеджи;база 14.09;24.09.2026
sady-mayendorf;09;да;от 716 200 000 ₽/м²;каталоги (база 14.09);24.09.2026
savvinskaya-27;01;да;ЦАО;"координаты базы; кольцо — схема из nota-karta-zhk";24.09.2026
savvinskaya-27;04;нет данных;;каталоги и декларации (база 14.09);24.09.2026
savvinskaya-27;05;нет данных;;;24.09.2026
savvinskaya-27;07;нет данных;сдан, есть остатки, I кв. 2026;база 14.09;24.09.2026
savvinskaya-27;08;нет данных;квартиры;база 14.09;24.09.2026
savvinskaya-27;09;да;от 1 900 000 ₽/м²;каталоги (база 14.09);24.09.2026
sbersiti-v-rublevo-arkhangelskom;01;не применяется;Рублёвка;"координаты базы; кольцо — схема из nota-karta-zhk";24.09.2026
sbersiti-v-rublevo-arkhangelskom;04;нет данных;;каталоги и декларации (база 14.09);24.09.2026
sbersiti-v-rublevo-arkhangelskom;05;нет данных;;;24.09.2026
sbersiti-v-rublevo-arkhangelskom;07;нет данных;строится, 2026-2028 (часть корпусов сдана);база 14.09;24.09.2026
sbersiti-v-rublevo-arkhangelskom;08;нет данных;квартиры;база 14.09;24.09.2026
sbersiti-v-rublevo-arkhangelskom;09;да;от 680 000 ₽/м²;каталоги (база 14.09);24.09.2026
scala;01;да;ЦАО;"координаты базы; кольцо — схема из nota-karta-zhk";24.09.2026
scala;04;да;160 квартир;каталоги и декларации (база 14.09);24.09.2026
scala;05;нет данных;;;24.09.2026
scala;07;нет данных;анонс, II кв. 2028;база 14.09;24.09.2026
scala;08;нет данных;квартиры;база 14.09;24.09.2026
scala;09;нет данных;;;24.09.2026
seliger-siti;01;да;САО;"координаты базы; кольцо — схема из nota-karta-zhk";24.09.2026
seliger-siti;04;нет;4666 квартир;каталоги и декларации (база 14.09);24.09.2026
seliger-siti;05;нет;0.49 м/м на квартиру (2278 на 4666);каталоги и декларации (база 14.09);24.09.2026
seliger-siti;07;нет данных;строится, 2026;база 14.09;24.09.2026
seliger-siti;08;нет данных;квартиры;база 14.09;24.09.2026
seliger-siti;09;да;от 497 000 ₽/м²;каталоги (база 14.09);24.09.2026
serebryanyy-bor;01;нет;за Третьим кольцом;"координаты базы; кольцо — схема из nota-karta-zhk";24.09.2026
serebryanyy-bor;04;нет данных;;каталоги и декларации (база 14.09);24.09.2026
serebryanyy-bor;05;нет данных;;;24.09.2026
serebryanyy-bor;07;нет данных;строится, 2027;база 14.09;24.09.2026
serebryanyy-bor;08;нет данных;квартиры;база 14.09;24.09.2026
serebryanyy-bor;09;да;от 727 700 ₽/м²;каталоги (база 14.09);24.09.2026
set;01;да;ЗАО;"координаты базы; кольцо — схема из nota-karta-zhk";24.09.2026
set;04;нет;2579 квартир;каталоги и декларации (база 14.09);24.09.2026
set;05;нет;0.19 м/м на квартиру (495 на 2579);каталоги и декларации (база 14.09);24.09.2026
set;07;нет данных;строится, 3 кв. 2028;база 14.09;24.09.2026
set;08;нет данных;квартиры;база 14.09;24.09.2026
set;09;да;от 467 900 ₽/м²;каталоги (база 14.09);24.09.2026
severnyy-port-beregovye-kvartaly;01;да;САО;"координаты базы; кольцо — схема из nota-karta-zhk";24.09.2026
severnyy-port-beregovye-kvartaly;04;нет;2124 квартир;каталоги и декларации (база 14.09);24.09.2026
severnyy-port-beregovye-kvartaly;05;нет данных;;;24.09.2026
severnyy-port-beregovye-kvartaly;07;нет данных;строится, IV кв. 2030;база 14.09;24.09.2026
severnyy-port-beregovye-kvartaly;08;нет данных;квартиры;база 14.09;24.09.2026
severnyy-port-beregovye-kvartaly;09;да;от 462 000 ₽/м²;каталоги (база 14.09);24.09.2026
sezar-silika;01;нет;за Третьим кольцом;"координаты базы; кольцо — схема из nota-karta-zhk";24.09.2026
sezar-silika;04;нет;666 квартир;каталоги и декларации (база 14.09);24.09.2026
sezar-silika;05;нет данных;;;24.09.2026
sezar-silika;07;нет данных;старт продаж, 1 кв. 2030;база 14.09;24.09.2026
sezar-silika;08;нет данных;квартиры;база 14.09;24.09.2026
sezar-silika;09;да;от 452 700 ₽/м²;каталоги (база 14.09);24.09.2026
sezar-siti;01;да;САО;"координаты базы; кольцо — схема из nota-karta-zhk";24.09.2026
sezar-siti;04;да;605 квартир;каталоги и декларации (база 14.09);24.09.2026
sezar-siti;05;да;1.15 м/м на квартиру (696 на 605);каталоги и декларации (база 14.09);24.09.2026
sezar-siti;07;нет данных;строится, 2027;база 14.09;24.09.2026
sezar-siti;08;нет данных;квартиры;база 14.09;24.09.2026
sezar-siti;09;да;от 510 000 ₽/м²;каталоги (база 14.09);24.09.2026
shagal;01;да;ЮАО;"координаты базы; кольцо — схема из nota-karta-zhk";24.09.2026
shagal;04;нет данных;;каталоги и декларации (база 14.09);24.09.2026
shagal;05;нет данных;;;24.09.2026
shagal;07;нет данных;строится, 4 кв. 2026 - 2028;база 14.09;24.09.2026
shagal;08;нет данных;квартиры;база 14.09;24.09.2026
shagal;09;да;от 555 000 ₽/м²;каталоги (база 14.09);24.09.2026
shelepikha;01;да;ЦАО;"координаты базы; кольцо — схема из nota-karta-zhk";24.09.2026
shelepikha;04;да;653 квартир;каталоги и декларации (база 14.09);24.09.2026
shelepikha;05;нет;0.36 м/м на квартиру (234 на 653);каталоги и декларации (база 14.09);24.09.2026
shelepikha;07;нет данных;строится, 2026;база 14.09;24.09.2026
shelepikha;08;нет данных;квартиры;база 14.09;24.09.2026
shelepikha;09;да;от 410 000 ₽/м²;каталоги (база 14.09);24.09.2026
shift;01;нет;ЮАО;"координаты базы; кольцо — схема из nota-karta-zhk";24.09.2026
shift;04;нет данных;;каталоги и декларации (база 14.09);24.09.2026
shift;05;нет данных;;;24.09.2026
shift;07;нет данных;строится, 2028;база 14.09;24.09.2026
shift;08;нет данных;квартиры;база 14.09;24.09.2026
shift;09;да;от 835 300 ₽/м²;каталоги (база 14.09);24.09.2026
sidney-siti;01;нет;за Третьим кольцом;"координаты базы; кольцо — схема из nota-karta-zhk";24.09.2026
sidney-siti;04;нет;6500 квартир;каталоги и декларации (база 14.09);24.09.2026
sidney-siti;05;нет данных;;;24.09.2026
sidney-siti;07;нет данных;строится, 3 кв. 2027;база 14.09;24.09.2026
sidney-siti;08;нет данных;квартиры;база 14.09;24.09.2026
sidney-siti;09;да;от 461 000 ₽/м²;каталоги (база 14.09);24.09.2026
sikret-garden;01;нет;за Третьим кольцом;"координаты базы; кольцо — схема из nota-karta-zhk";24.09.2026
sikret-garden;04;нет данных;;каталоги и декларации (база 14.09);24.09.2026
sikret-garden;05;нет данных;;;24.09.2026
sikret-garden;07;нет данных;строится, 2029;база 14.09;24.09.2026
sikret-garden;08;нет данных;квартиры;база 14.09;24.09.2026
sikret-garden;09;да;от 537 000 ₽/м²;каталоги (база 14.09);24.09.2026
simonovskiy-val;01;да;ЮВАО;"координаты базы; кольцо — схема из nota-karta-zhk";24.09.2026
simonovskiy-val;04;да;260 квартир;каталоги и декларации (база 14.09);24.09.2026
simonovskiy-val;05;да;0.96 м/м на квартиру (249 на 260);каталоги и декларации (база 14.09);24.09.2026
simonovskiy-val;07;нет данных;старт продаж, 2 кв. 2030;база 14.09;24.09.2026
simonovskiy-val;08;нет данных;квартиры;база 14.09;24.09.2026
simonovskiy-val;09;да;от 455 300 ₽/м²;каталоги (база 14.09);24.09.2026
simvol;01;да;ЮВАО;"координаты базы; кольцо — схема из nota-karta-zhk";24.09.2026
simvol;04;нет;4000 квартир;каталоги и декларации (база 14.09);24.09.2026
simvol;05;да;2.50 м/м на квартиру (10000 на 4000);каталоги и декларации (база 14.09);24.09.2026
simvol;07;нет данных;строится, 2 кв. 2029;база 14.09;24.09.2026
simvol;08;нет данных;квартиры;база 14.09;24.09.2026
simvol;09;да;от 502 000 ₽/м²;каталоги (база 14.09);24.09.2026
siti-bey;01;нет;за Третьим кольцом;"координаты базы; кольцо — схема из nota-karta-zhk";24.09.2026
siti-bey;04;нет данных;;каталоги и декларации (база 14.09);24.09.2026
siti-bey;05;нет данных;;;24.09.2026
siti-bey;07;нет данных;строится, 2 кв. 2027;база 14.09;24.09.2026
siti-bey;08;нет данных;квартиры;база 14.09;24.09.2026
siti-bey;09;нет;от 344 800 ₽/м²;каталоги (база 14.09);24.09.2026
sitimiks;01;да;ЗАО;"координаты базы; кольцо — схема из nota-karta-zhk";24.09.2026
sitimiks;04;нет данных;;каталоги и декларации (база 14.09);24.09.2026
sitimiks;05;нет данных;;;24.09.2026
sitimiks;07;нет данных;строится, 3 кв. 2026;база 14.09;24.09.2026
sitimiks;08;нет данных;апартаменты;база 14.09;24.09.2026
sitimiks;09;да;от 484 100 ₽/м²;каталоги (база 14.09);24.09.2026
sitizen;01;да;СЗАО;"координаты базы; кольцо — схема из nota-karta-zhk";24.09.2026
sitizen;04;нет;1574 квартир;каталоги и декларации (база 14.09);24.09.2026
sitizen;05;нет;0.38 м/м на квартиру (594 на 1574);каталоги и декларации (база 14.09);24.09.2026
sitizen;07;нет данных;старт продаж, 3 кв. 2027;база 14.09;24.09.2026
sitizen;08;нет данных;квартиры;база 14.09;24.09.2026
sitizen;09;да;от 410 900 ₽/м²;каталоги (база 14.09);24.09.2026
skay-garden;01;да;СЗАО;"координаты базы; кольцо — схема из nota-karta-zhk";24.09.2026
skay-garden;04;нет;2975 квартир;каталоги и декларации (база 14.09);24.09.2026
skay-garden;05;нет;0.27 м/м на квартиру (798 на 2975);каталоги и декларации (база 14.09);24.09.2026
skay-garden;07;нет данных;строится, 3 кв. 2025 (к.1), 2 кв. 2027 (к.2-3);база 14.09;24.09.2026
skay-garden;08;нет данных;квартиры;база 14.09;24.09.2026
skay-garden;09;да;от 350 200 ₽/м²;каталоги (база 14.09);24.09.2026
skolkovo-one;01;не применяется;Сколково;"координаты базы; кольцо — схема из nota-karta-zhk";24.09.2026
skolkovo-one;04;нет данных;;каталоги и декларации (база 14.09);24.09.2026
skolkovo-one;05;нет данных;;;24.09.2026
skolkovo-one;07;нет данных;сдан, есть остатки, корп. 4-6 сданы;база 14.09;24.09.2026
skolkovo-one;08;нет данных;квартиры;база 14.09;24.09.2026
skolkovo-one;09;да;от 364 000 ₽/м²;каталоги (база 14.09);24.09.2026
skolkovo-park;01;не применяется;Сколково;"координаты базы; кольцо — схема из nota-karta-zhk";24.09.2026
skolkovo-park;04;да;442 квартир;каталоги и декларации (база 14.09);24.09.2026
skolkovo-park;05;нет данных;;;24.09.2026
skolkovo-park;07;нет данных;сдан, есть остатки;база 14.09;24.09.2026
skolkovo-park;08;нет данных;квартиры;база 14.09;24.09.2026
skolkovo-park;09;нет данных;;;24.09.2026
slava;01;нет;САО;"координаты базы; кольцо — схема из nota-karta-zhk";24.09.2026
slava;04;нет данных;;каталоги и декларации (база 14.09);24.09.2026
slava;05;нет данных;;;24.09.2026
slava;07;нет данных;строится, 2027;база 14.09;24.09.2026
slava;08;нет данных;квартиры;база 14.09;24.09.2026
slava;09;да;от 838 900 ₽/м²;каталоги (база 14.09);24.09.2026
sobytie;01;нет;за Третьим кольцом;"координаты базы; кольцо — схема из nota-karta-zhk";24.09.2026
sobytie;04;нет;3987 квартир;каталоги и декларации (база 14.09);24.09.2026
sobytie;05;нет;0.63 м/м на квартиру (2512 на 3987);каталоги и декларации (база 14.09);24.09.2026
sobytie;07;нет данных;строится, 4 кв. 2029;база 14.09;24.09.2026
sobytie;08;нет данных;квартиры;база 14.09;24.09.2026
sobytie;09;да;от 519 300 ₽/м²;каталоги (база 14.09);24.09.2026
sokolinn-park;01;да;ВАО;"координаты базы; кольцо — схема из nota-karta-zhk";24.09.2026
sokolinn-park;04;да;211 квартир;каталоги и декларации (база 14.09);24.09.2026
sokolinn-park;05;нет;0.32 м/м на квартиру (67 на 211);каталоги и декларации (база 14.09);24.09.2026
sokolinn-park;07;нет данных;строится, 2 кв. 2028;база 14.09;24.09.2026
sokolinn-park;08;нет данных;квартиры;база 14.09;24.09.2026
sokolinn-park;09;да;от 415 900 ₽/м²;каталоги (база 14.09);24.09.2026
solos;01;да;ВАО;"координаты базы; кольцо — схема из nota-karta-zhk";24.09.2026
solos;04;нет;1243 квартир;каталоги и декларации (база 14.09);24.09.2026
solos;05;нет;0.37 м/м на квартиру (457 на 1243);каталоги и декларации (база 14.09);24.09.2026
solos;07;нет данных;строится, 1 кв. 2029;база 14.09;24.09.2026
solos;08;нет данных;квартиры;база 14.09;24.09.2026
solos;09;да;от 401 800 ₽/м²;каталоги (база 14.09);24.09.2026
soul;01;нет;за Третьим кольцом;"координаты базы; кольцо — схема из nota-karta-zhk";24.09.2026
soul;04;нет;1284 квартир;каталоги и декларации (база 14.09);24.09.2026
soul;05;нет;0.44 м/м на квартиру (567 на 1284);каталоги и декларации (база 14.09);24.09.2026
soul;07;нет данных;строится, I кв. 2029;база 14.09;24.09.2026
soul;08;нет данных;квартиры;база 14.09;24.09.2026
soul;09;да;от 519 000 ₽/м²;каталоги (база 14.09);24.09.2026
soyuz;01;нет;за Третьим кольцом;"координаты базы; кольцо — схема из nota-karta-zhk";24.09.2026
soyuz;04;да;133 квартир;каталоги и декларации (база 14.09);24.09.2026
soyuz;05;нет данных;;;24.09.2026
soyuz;07;нет данных;строится, есть сданные, 2026;база 14.09;24.09.2026
soyuz;08;нет данных;квартиры;база 14.09;24.09.2026
soyuz;09;да;от 605 200 ₽/м²;каталоги (база 14.09);24.09.2026
springs;01;нет;ЗАО;"координаты базы; кольцо — схема из nota-karta-zhk";24.09.2026
springs;04;нет данных;;каталоги и декларации (база 14.09);24.09.2026
springs;05;нет данных;;;24.09.2026
springs;07;нет данных;строится, 2027;база 14.09;24.09.2026
springs;08;нет данных;квартиры;база 14.09;24.09.2026
springs;09;нет;от 672 600 ₽/м²;каталоги (база 14.09);24.09.2026
sreda-na-lobachevskogo;01;да;ЗАО;"координаты базы; кольцо — схема из nota-karta-zhk";24.09.2026
sreda-na-lobachevskogo;04;да;525 квартир;каталоги и декларации (база 14.09);24.09.2026
sreda-na-lobachevskogo;05;нет;0.42 м/м на квартиру (221 на 525);каталоги и декларации (база 14.09);24.09.2026
sreda-na-lobachevskogo;07;нет данных;старт продаж, 2 кв. 2027;база 14.09;24.09.2026
sreda-na-lobachevskogo;08;нет данных;квартиры;база 14.09;24.09.2026
sreda-na-lobachevskogo;09;да;от 511 200 ₽/м²;каталоги (база 14.09);24.09.2026
stella-di-mosca;01;да;ЦАО;"координаты базы; кольцо — схема из nota-karta-zhk";24.09.2026
stella-di-mosca;04;да;14 квартир;каталоги и декларации (база 14.09);24.09.2026
stella-di-mosca;05;нет данных;;;24.09.2026
stella-di-mosca;07;нет данных;сдан, есть остатки, сдан;база 14.09;24.09.2026
stella-di-mosca;08;нет данных;квартиры;база 14.09;24.09.2026
stella-di-mosca;09;нет данных;;;24.09.2026
stellar-siti;01;да;ЗАО;"координаты базы; кольцо — схема из nota-karta-zhk";24.09.2026
stellar-siti;04;нет данных;;каталоги и декларации (база 14.09);24.09.2026
stellar-siti;05;нет данных;;;24.09.2026
stellar-siti;07;нет данных;строится, 4 кв. 2026;база 14.09;24.09.2026
stellar-siti;08;нет данных;квартиры;база 14.09;24.09.2026
stellar-siti;09;да;от 305 000 ₽/м²;каталоги (база 14.09);24.09.2026
stories-na-mosfilmovskoy;01;да;ЗАО;"координаты базы; кольцо — схема из nota-karta-zhk";24.09.2026
stories-na-mosfilmovskoy;04;да;440 квартир;каталоги и декларации (база 14.09);24.09.2026
stories-na-mosfilmovskoy;05;нет;0.26 м/м на квартиру (115 на 440);каталоги и декларации (база 14.09);24.09.2026
stories-na-mosfilmovskoy;07;нет данных;строится, 1 кв. 2026;база 14.09;24.09.2026
stories-na-mosfilmovskoy;08;нет данных;квартиры;база 14.09;24.09.2026
stories-na-mosfilmovskoy;09;да;от 520 400 ₽/м²;каталоги (база 14.09);24.09.2026
stoun-greyn;01;да;ЮЗАО;"координаты базы; кольцо — схема из nota-karta-zhk";24.09.2026
stoun-greyn;04;да;618 квартир;каталоги и декларации (база 14.09);24.09.2026
stoun-greyn;05;нет;0.44 м/м на квартиру (270 на 618);каталоги и декларации (база 14.09);24.09.2026
stoun-greyn;07;нет данных;строится, 4 кв. 2028;база 14.09;24.09.2026
stoun-greyn;08;нет данных;квартиры;база 14.09;24.09.2026
stoun-greyn;09;да;от 538 200 ₽/м²;каталоги (база 14.09);24.09.2026
stoun-rayz;01;да;ЦАО;"координаты базы; кольцо — схема из nota-karta-zhk";24.09.2026
stoun-rayz;04;да;545 квартир;каталоги и декларации (база 14.09);24.09.2026
stoun-rayz;05;нет;0.47 м/м на квартиру (257 на 545);каталоги и декларации (база 14.09);24.09.2026
stoun-rayz;07;нет данных;строится, IV кв. 2028;база 14.09;24.09.2026
stoun-rayz;08;нет данных;квартиры;база 14.09;24.09.2026
stoun-rayz;09;да;от 520 000 ₽/м²;каталоги (база 14.09);24.09.2026
stoun-sokolniki;01;да;ВАО;"координаты базы; кольцо — схема из nota-karta-zhk";24.09.2026
stoun-sokolniki;04;да;763 квартир;каталоги и декларации (база 14.09);24.09.2026
stoun-sokolniki;05;нет;0.52 м/м на квартиру (398 на 763);каталоги и декларации (база 14.09);24.09.2026
stoun-sokolniki;07;нет данных;строится, 4 кв. 2027;база 14.09;24.09.2026
stoun-sokolniki;08;нет данных;квартиры;база 14.09;24.09.2026
stoun-sokolniki;09;да;от 516 000 ₽/м²;каталоги (база 14.09);24.09.2026
strana-ozernaya;01;да;ЗАО;"координаты базы; кольцо — схема из nota-karta-zhk";24.09.2026
strana-ozernaya;04;нет;1241 квартир;каталоги и декларации (база 14.09);24.09.2026
strana-ozernaya;05;нет;0.30 м/м на квартиру (367 на 1241);каталоги и декларации (база 14.09);24.09.2026
strana-ozernaya;07;нет данных;сдан, есть остатки, сдан;база 14.09;24.09.2026
strana-ozernaya;08;нет данных;квартиры;база 14.09;24.09.2026
strana-ozernaya;09;да;от 541 600 ₽/м²;каталоги (база 14.09);24.09.2026
strogino-360;01;да;СЗАО;"координаты базы; кольцо — схема из nota-karta-zhk";24.09.2026
strogino-360;04;да;436 квартир;каталоги и декларации (база 14.09);24.09.2026
strogino-360;05;нет;0.39 м/м на квартиру (169 на 436);каталоги и декларации (база 14.09);24.09.2026
strogino-360;07;нет данных;строится, 4 кв. 2028 (к.1.1), 2 кв. 2029 (к.1.2);база 14.09;24.09.2026
strogino-360;08;нет данных;квартиры;база 14.09;24.09.2026
strogino-360;09;да;от 379 000 ₽/м²;каталоги (база 14.09);24.09.2026
svet;01;да;САО;"координаты базы; кольцо — схема из nota-karta-zhk";24.09.2026
svet;04;да;662 квартир;каталоги и декларации (база 14.09);24.09.2026
svet;05;нет данных;;;24.09.2026
svet;07;нет данных;строится, I кв. 2028;база 14.09;24.09.2026
svet;08;нет данных;квартиры;база 14.09;24.09.2026
svet;09;да;от 526 000 ₽/м²;каталоги (база 14.09);24.09.2026
sydney-prime;01;нет;за Третьим кольцом;"координаты базы; кольцо — схема из nota-karta-zhk";24.09.2026
sydney-prime;04;да;127 квартир;каталоги и декларации (база 14.09);24.09.2026
sydney-prime;05;да;2.04 м/м на квартиру (259 на 127);каталоги и декларации (база 14.09);24.09.2026
sydney-prime;07;нет данных;строится, 3 кв. 2027;база 14.09;24.09.2026
sydney-prime;08;нет данных;квартиры;база 14.09;24.09.2026
sydney-prime;09;да;от 1 000 000 ₽/м²;каталоги (база 14.09);24.09.2026
tate;01;да;СВАО;"координаты базы; кольцо — схема из nota-karta-zhk";24.09.2026
tate;04;нет;1104 квартир;каталоги и декларации (база 14.09);24.09.2026
tate;05;нет;0.51 м/м на квартиру (567 на 1104);каталоги и декларации (база 14.09);24.09.2026
tate;07;нет данных;строится, II кв. 2027;база 14.09;24.09.2026
tate;08;нет данных;квартиры;база 14.09;24.09.2026
tate;09;да;от 576 000 ₽/м²;каталоги (база 14.09);24.09.2026
tatum;01;да;ЮЗАО;"координаты базы; кольцо — схема из nota-karta-zhk";24.09.2026
tatum;04;да;796 квартир;каталоги и декларации (база 14.09);24.09.2026
tatum;05;нет;0.50 м/м на квартиру (397 на 796);каталоги и декларации (база 14.09);24.09.2026
tatum;07;нет данных;старт продаж, 1 кв. 2029;база 14.09;24.09.2026
tatum;08;нет данных;квартиры;база 14.09;24.09.2026
tatum;09;да;от 499 400 ₽/м²;каталоги (база 14.09);24.09.2026
tessinskiy-v;01;да;ЦАО;"координаты базы; кольцо — схема из nota-karta-zhk";24.09.2026
tessinskiy-v;04;нет данных;;каталоги и декларации (база 14.09);24.09.2026
tessinskiy-v;05;нет данных;;;24.09.2026
tessinskiy-v;07;нет данных;строится, III кв. 2029;база 14.09;24.09.2026
tessinskiy-v;08;нет данных;квартиры;база 14.09;24.09.2026
tessinskiy-v;09;да;от 1 400 000 ₽/м²;каталоги (база 14.09);24.09.2026
teyt;01;нет;за Третьим кольцом;"координаты базы; кольцо — схема из nota-karta-zhk";24.09.2026
teyt;04;нет;1104 квартир;каталоги и декларации (база 14.09);24.09.2026
teyt;05;нет;0.49 м/м на квартиру (545 на 1104);каталоги и декларации (база 14.09);24.09.2026
teyt;07;нет данных;строится, 2027;база 14.09;24.09.2026
teyt;08;нет данных;квартиры;база 14.09;24.09.2026
teyt;09;да;от 513 700 ₽/м²;каталоги (база 14.09);24.09.2026
the-lot-by-akvilon;01;да;внутри Третьего кольца;"координаты базы; кольцо — схема из nota-karta-zhk";24.09.2026
the-lot-by-akvilon;04;да;516 квартир;каталоги и декларации (база 14.09);24.09.2026
the-lot-by-akvilon;05;нет;0.13 м/м на квартиру (69 на 516);каталоги и декларации (база 14.09);24.09.2026
the-lot-by-akvilon;07;нет данных;строится, 3 кв. 2029;база 14.09;24.09.2026
the-lot-by-akvilon;08;нет данных;квартиры;база 14.09;24.09.2026
the-lot-by-akvilon;09;да;от 586 500 ₽/м²;каталоги (база 14.09);24.09.2026
tishinskiy-bulvar;01;да;ЦАО;"координаты базы; кольцо — схема из nota-karta-zhk";24.09.2026
tishinskiy-bulvar;04;нет;220 квартир;каталоги и декларации (база 14.09);24.09.2026
tishinskiy-bulvar;05;нет данных;;;24.09.2026
tishinskiy-bulvar;07;нет данных;строится, 2027-2028;база 14.09;24.09.2026
tishinskiy-bulvar;08;нет данных;квартиры;база 14.09;24.09.2026
tishinskiy-bulvar;09;да;от 1 240 800 ₽/м²;каталоги (база 14.09);24.09.2026
tophills;01;да;ЮАО;"координаты базы; кольцо — схема из nota-karta-zhk";24.09.2026
tophills;04;нет;1208 квартир;каталоги и декларации (база 14.09);24.09.2026
tophills;05;нет данных;;;24.09.2026
tophills;07;нет данных;сдан, есть остатки, сдан;база 14.09;24.09.2026
tophills;08;нет данных;квартиры;база 14.09;24.09.2026
tophills;09;да;от 441 200 ₽/м²;каталоги (база 14.09);24.09.2026
turgenev;01;да;ЦАО;"координаты базы; кольцо — схема из nota-karta-zhk";24.09.2026
turgenev;04;нет;118 квартир;каталоги и декларации (база 14.09);24.09.2026
turgenev;05;нет данных;;;24.09.2026
turgenev;07;нет данных;сдан, есть остатки, сдан;база 14.09;24.09.2026
turgenev;08;нет данных;квартиры;база 14.09;24.09.2026
turgenev;09;да;от 1 900 000 ₽/м²;каталоги (база 14.09);24.09.2026
twelve;01;да;ЮАО;"координаты базы; кольцо — схема из nota-karta-zhk";24.09.2026
twelve;04;нет;934 квартир;каталоги и декларации (база 14.09);24.09.2026
twelve;05;нет;0.40 м/м на квартиру (372 на 934);каталоги и декларации (база 14.09);24.09.2026
twelve;07;нет данных;сдан, есть остатки, сдан;база 14.09;24.09.2026
twelve;08;нет данных;квартиры;база 14.09;24.09.2026
twelve;09;да;от 441 600 ₽/м²;каталоги (база 14.09);24.09.2026
u-poklonnoy-gory;01;да;ЗАО;"координаты базы; кольцо — схема из nota-karta-zhk";24.09.2026
u-poklonnoy-gory;04;нет данных;;каталоги и декларации (база 14.09);24.09.2026
u-poklonnoy-gory;05;нет данных;;;24.09.2026
u-poklonnoy-gory;07;нет данных;анонс;база 14.09;24.09.2026
u-poklonnoy-gory;08;нет данных;квартиры;база 14.09;24.09.2026
u-poklonnoy-gory;09;нет данных;;;24.09.2026
u2;01;да;СЗАО;"координаты базы; кольцо — схема из nota-karta-zhk";24.09.2026
u2;04;нет;996 квартир;каталоги и декларации (база 14.09);24.09.2026
u2;05;нет;0.20 м/м на квартиру (198 на 996);каталоги и декларации (база 14.09);24.09.2026
u2;07;нет данных;строится, 1 кв. 2028;база 14.09;24.09.2026
u2;08;нет данных;квартиры;база 14.09;24.09.2026
u2;09;да;от 422 700 ₽/м²;каталоги (база 14.09);24.09.2026
ultima-siti;01;да;ЮВАО;"координаты базы; кольцо — схема из nota-karta-zhk";24.09.2026
ultima-siti;04;нет;1079 квартир;каталоги и декларации (база 14.09);24.09.2026
ultima-siti;05;нет;0.45 м/м на квартиру (490 на 1079);каталоги и декларации (база 14.09);24.09.2026
ultima-siti;07;нет данных;строится, 3 кв. 2028;база 14.09;24.09.2026
ultima-siti;08;нет данных;квартиры;база 14.09;24.09.2026
ultima-siti;09;да;от 361 400 ₽/м²;каталоги (база 14.09);24.09.2026
uno-sokolinaya-gora;01;да;ВАО;"координаты базы; кольцо — схема из nota-karta-zhk";24.09.2026
uno-sokolinaya-gora;04;да;642 квартир;каталоги и декларации (база 14.09);24.09.2026
uno-sokolinaya-gora;05;нет;0.20 м/м на квартиру (129 на 642);каталоги и декларации (база 14.09);24.09.2026
uno-sokolinaya-gora;07;нет данных;строится, 2 кв. 2027;база 14.09;24.09.2026
uno-sokolinaya-gora;08;нет данных;квартиры;база 14.09;24.09.2026
uno-sokolinaya-gora;09;да;от 435 000 ₽/м²;каталоги (база 14.09);24.09.2026
usacheva-22;01;да;ЦАО;"координаты базы; кольцо — схема из nota-karta-zhk";24.09.2026
usacheva-22;04;нет данных;;каталоги и декларации (база 14.09);24.09.2026
usacheva-22;05;нет данных;;;24.09.2026
usacheva-22;07;нет данных;анонс;база 14.09;24.09.2026
usacheva-22;08;нет данных;квартиры;база 14.09;24.09.2026
usacheva-22;09;нет данных;;;24.09.2026
uspenskie-dachi;01;не применяется;Рублёвка;"координаты базы; кольцо — схема из nota-karta-zhk";24.09.2026
uspenskie-dachi;04;нет данных;;каталоги и декларации (база 14.09);24.09.2026
uspenskie-dachi;05;нет данных;;;24.09.2026
uspenskie-dachi;07;нет данных;сдан, есть остатки, сдан;база 14.09;24.09.2026
uspenskie-dachi;08;нет данных;коттеджи;база 14.09;24.09.2026
uspenskie-dachi;09;нет;от 90 000 000 ₽/м²;каталоги (база 14.09);24.09.2026
uzory;01;да;ЦАО;"координаты базы; кольцо — схема из nota-karta-zhk";24.09.2026
uzory;04;нет;73 квартир;каталоги и декларации (база 14.09);24.09.2026
uzory;05;нет;1.15 м/м на квартиру (84 на 73);каталоги и декларации (база 14.09);24.09.2026
uzory;07;нет данных;строится (котлован), IV кв. 2028;база 14.09;24.09.2026
uzory;08;нет данных;квартиры;база 14.09;24.09.2026
uzory;09;нет данных;;;24.09.2026
veer;01;да;ЗАО;"координаты базы; кольцо — схема из nota-karta-zhk";24.09.2026
veer;04;нет;3720 квартир;каталоги и декларации (база 14.09);24.09.2026
veer;05;нет;0.18 м/м на квартиру (685 на 3720);каталоги и декларации (база 14.09);24.09.2026
veer;07;нет данных;старт продаж, 3 кв. 2028 (1 оч.), 3 кв. 2029 (2 оч.);база 14.09;24.09.2026
veer;08;нет данных;квартиры;база 14.09;24.09.2026
veer;09;да;от 429 600 ₽/м²;каталоги (база 14.09);24.09.2026
veil;01;да;ЦАО;"координаты базы; кольцо — схема из nota-karta-zhk";24.09.2026
veil;04;нет данных;;каталоги и декларации (база 14.09);24.09.2026
veil;05;нет данных;;;24.09.2026
veil;07;нет данных;анонс;база 14.09;24.09.2026
veil;08;нет данных;квартиры;база 14.09;24.09.2026
veil;09;нет данных;;;24.09.2026
veresk;01;да;СЗАО;"координаты базы; кольцо — схема из nota-karta-zhk";24.09.2026
veresk;04;нет данных;;каталоги и декларации (база 14.09);24.09.2026
veresk;05;нет данных;;;24.09.2026
veresk;07;нет данных;сдан, есть остатки, сдан;база 14.09;24.09.2026
veresk;08;нет данных;апартаменты;база 14.09;24.09.2026
veresk;09;да;от 352 400 ₽/м²;каталоги (база 14.09);24.09.2026
vereyskaya-41;01;да;ЗАО;"координаты базы; кольцо — схема из nota-karta-zhk";24.09.2026
vereyskaya-41;04;нет данных;;каталоги и декларации (база 14.09);24.09.2026
vereyskaya-41;05;нет данных;;;24.09.2026
vereyskaya-41;07;нет данных;строится, 3 кв. 2025;база 14.09;24.09.2026
vereyskaya-41;08;нет данных;квартиры+апартаменты;база 14.09;24.09.2026
vereyskaya-41;09;да;от 347 100 ₽/м²;каталоги (база 14.09);24.09.2026
veri;01;да;СВАО;"координаты базы; кольцо — схема из nota-karta-zhk";24.09.2026
veri;04;нет данных;;каталоги и декларации (база 14.09);24.09.2026
veri;05;нет данных;;;24.09.2026
veri;07;нет данных;строится, IV кв. 2027;база 14.09;24.09.2026
veri;08;нет данных;квартиры;база 14.09;24.09.2026
veri;09;да;от 447 000 ₽/м²;каталоги (база 14.09);24.09.2026
vesper-kutuzovskiy;01;нет;за Третьим кольцом;"координаты базы; кольцо — схема из nota-karta-zhk";24.09.2026
vesper-kutuzovskiy;04;да;82 квартир;каталоги и декларации (база 14.09);24.09.2026
vesper-kutuzovskiy;05;нет данных;;;24.09.2026
vesper-kutuzovskiy;07;нет данных;строится, 2028;база 14.09;24.09.2026
vesper-kutuzovskiy;08;нет данных;квартиры;база 14.09;24.09.2026
vesper-kutuzovskiy;09;да;от 1 403 000 ₽/м²;каталоги (база 14.09);24.09.2026
vesper-kutuzovsky;01;нет;ЗАО;"координаты базы; кольцо — схема из nota-karta-zhk";24.09.2026
vesper-kutuzovsky;04;нет данных;;каталоги и декларации (база 14.09);24.09.2026
vesper-kutuzovsky;05;нет данных;;;24.09.2026
vesper-kutuzovsky;07;нет данных;строится, I кв. 2028;база 14.09;24.09.2026
vesper-kutuzovsky;08;нет данных;квартиры;база 14.09;24.09.2026
vesper-kutuzovsky;09;да;от 1 300 000 ₽/м²;каталоги (база 14.09);24.09.2026
vesper-pogodinskaya;01;да;ЦАО;"координаты базы; кольцо — схема из nota-karta-zhk";24.09.2026
vesper-pogodinskaya;04;нет;64 квартир;каталоги и декларации (база 14.09);24.09.2026
vesper-pogodinskaya;05;нет;1.56 м/м на квартиру (100 на 64);каталоги и декларации (база 14.09);24.09.2026
vesper-pogodinskaya;07;нет данных;строится (котлован), IV кв. 2028;база 14.09;24.09.2026
vesper-pogodinskaya;08;нет данных;квартиры;база 14.09;24.09.2026
vesper-pogodinskaya;09;нет данных;;;24.09.2026
viktori-park-rezidensez;01;нет;за Третьим кольцом;"координаты базы; кольцо — схема из nota-karta-zhk";24.09.2026
viktori-park-rezidensez;04;да;482 квартир;каталоги и декларации (база 14.09);24.09.2026
viktori-park-rezidensez;05;нет;1.48 м/м на квартиру (712 на 482);каталоги и декларации (база 14.09);24.09.2026
viktori-park-rezidensez;07;нет данных;сдан, есть остатки, сдан;база 14.09;24.09.2026
viktori-park-rezidensez;08;нет данных;квартиры;база 14.09;24.09.2026
viktori-park-rezidensez;09;да;от 1 611 900 ₽/м²;каталоги (база 14.09);24.09.2026
voice;01;да;ЮВАО;"координаты базы; кольцо — схема из nota-karta-zhk";24.09.2026
voice;04;нет;1075 квартир;каталоги и декларации (база 14.09);24.09.2026
voice;05;нет;0.29 м/м на квартиру (308 на 1075);каталоги и декларации (база 14.09);24.09.2026
voice;07;нет данных;строится, 4 кв. 2027;база 14.09;24.09.2026
voice;08;нет данных;квартиры;база 14.09;24.09.2026
voice;09;да;от 326 300 ₽/м²;каталоги (база 14.09);24.09.2026
voxhall;01;да;ЦАО;"координаты базы; кольцо — схема из nota-karta-zhk";24.09.2026
voxhall;04;нет;3776 квартир;каталоги и декларации (база 14.09);24.09.2026
voxhall;05;нет;0.16 м/м на квартиру (596 на 3776);каталоги и декларации (база 14.09);24.09.2026
voxhall;07;нет данных;строится, I кв. 2026;база 14.09;24.09.2026
voxhall;08;нет данных;квартиры+апартаменты;база 14.09;24.09.2026
voxhall;09;да;от 592 000 ₽/м²;каталоги (база 14.09);24.09.2026
vozdvizhenka-7-6;01;да;ЦАО;"координаты базы; кольцо — схема из nota-karta-zhk";24.09.2026
vozdvizhenka-7-6;04;нет данных;;каталоги и декларации (база 14.09);24.09.2026
vozdvizhenka-7-6;05;нет данных;;;24.09.2026
vozdvizhenka-7-6;07;нет данных;анонс, 2026-2027;база 14.09;24.09.2026
vozdvizhenka-7-6;08;нет данных;квартиры;база 14.09;24.09.2026
vozdvizhenka-7-6;09;нет данных;;;24.09.2026
vysotka-na-zhukova;01;нет;за Третьим кольцом;"координаты базы; кольцо — схема из nota-karta-zhk";24.09.2026
vysotka-na-zhukova;04;да;346 квартир;каталоги и декларации (база 14.09);24.09.2026
vysotka-na-zhukova;05;нет;0.48 м/м на квартиру (167 на 346);каталоги и декларации (база 14.09);24.09.2026
vysotka-na-zhukova;07;нет данных;строится, 3 кв. 2029;база 14.09;24.09.2026
vysotka-na-zhukova;08;нет данных;квартиры+апартаменты;база 14.09;24.09.2026
vysotka-na-zhukova;09;да;от 734 000 ₽/м²;каталоги (база 14.09);24.09.2026
wellton-spa-residence;01;нет;за Третьим кольцом;"координаты базы; кольцо — схема из nota-karta-zhk";24.09.2026
wellton-spa-residence;04;да;62 квартир;каталоги и декларации (база 14.09);24.09.2026
wellton-spa-residence;05;нет данных;;;24.09.2026
wellton-spa-residence;07;нет данных;сдан, есть остатки, 2023;база 14.09;24.09.2026
wellton-spa-residence;08;нет данных;апартаменты;база 14.09;24.09.2026
wellton-spa-residence;09;да;от 900 000 ₽/м²;каталоги (база 14.09);24.09.2026
wow;01;да;ЮАО;"координаты базы; кольцо — схема из nota-karta-zhk";24.09.2026
wow;04;да;668 квартир;каталоги и декларации (база 14.09);24.09.2026
wow;05;нет;0.60 м/м на квартиру (399 на 668);каталоги и декларации (база 14.09);24.09.2026
wow;07;нет данных;сдан, есть остатки, сдан;база 14.09;24.09.2026
wow;08;нет данных;квартиры;база 14.09;24.09.2026
wow;09;да;от 474 600 ₽/м²;каталоги (база 14.09);24.09.2026
zareche-park;01;не применяется;Сколково;"координаты базы; кольцо — схема из nota-karta-zhk";24.09.2026
zareche-park;04;да;105 квартир;каталоги и декларации (база 14.09);24.09.2026
zareche-park;05;нет данных;;;24.09.2026
zareche-park;07;нет данных;строится, 4 кв. 2027;база 14.09;24.09.2026
zareche-park;08;нет данных;квартиры;база 14.09;24.09.2026
zareche-park;09;да;от 325 387 ₽/м²;каталоги (база 14.09);24.09.2026
zemledelcheskiy-15;01;да;ЦАО;"координаты базы; кольцо — схема из nota-karta-zhk";24.09.2026
zemledelcheskiy-15;04;нет данных;;каталоги и декларации (база 14.09);24.09.2026
zemledelcheskiy-15;05;нет данных;;;24.09.2026
zemledelcheskiy-15;07;нет данных;анонс, 2026-2027;база 14.09;24.09.2026
zemledelcheskiy-15;08;нет данных;квартиры;база 14.09;24.09.2026
zemledelcheskiy-15;09;нет данных;;;24.09.2026
zhivopisnaya-27;01;да;СЗАО;"координаты базы; кольцо — схема из nota-karta-zhk";24.09.2026
zhivopisnaya-27;04;нет данных;;каталоги и декларации (база 14.09);24.09.2026
zhivopisnaya-27;05;нет данных;;;24.09.2026
zhivopisnaya-27;07;нет данных;анонс;база 14.09;24.09.2026
zhivopisnaya-27;08;нет данных;квартиры;база 14.09;24.09.2026
zhivopisnaya-27;09;нет данных;;;24.09.2026
zhukovka-xxi;01;не применяется;Рублёвка;"координаты базы; кольцо — схема из nota-karta-zhk";24.09.2026
zhukovka-xxi;04;нет данных;;каталоги и декларации (база 14.09);24.09.2026
zhukovka-xxi;05;нет данных;;;24.09.2026
zhukovka-xxi;07;нет данных;сдан, есть остатки, сдан;база 14.09;24.09.2026
zhukovka-xxi;08;нет данных;коттеджи;база 14.09;24.09.2026
zhukovka-xxi;09;да;от 738 400 000 ₽/м²;каталоги (база 14.09);24.09.2026
zikkurat-preobrazhenskiy;01;да;ВАО;"координаты базы; кольцо — схема из nota-karta-zhk";24.09.2026
zikkurat-preobrazhenskiy;04;да;88 квартир;каталоги и декларации (база 14.09);24.09.2026
zikkurat-preobrazhenskiy;05;нет;0.39 м/м на квартиру (34 на 88);каталоги и декларации (база 14.09);24.09.2026
zikkurat-preobrazhenskiy;07;нет данных;старт продаж, 3 кв. 2028;база 14.09;24.09.2026
zikkurat-preobrazhenskiy;08;нет данных;квартиры;база 14.09;24.09.2026
zikkurat-preobrazhenskiy;09;нет данных;;;24.09.2026
zilart;01;да;ЮАО;"координаты базы; кольцо — схема из nota-karta-zhk";24.09.2026
zilart;04;нет данных;;каталоги и декларации (база 14.09);24.09.2026
zilart;05;нет данных;;;24.09.2026
zilart;07;нет данных;строится, 4 кв. 2027;база 14.09;24.09.2026
zilart;08;нет данных;квартиры;база 14.09;24.09.2026
zilart;09;да;от 596 000 ₽/м²;каталоги (база 14.09);24.09.2026
