school_id;school;in_nota_base;type;tier;building;lat;lon;source;osm_id
litsey-vtoraya-shkola-im-v-f-ovchinnikova;Лицей «Вторая школа» им. В.Ф. Овчинникова;да;Городская;Отметка;"Лицей ""Вторая Школа""";55.697813;37.556363;OpenStreetMap, корпус;w30414756
pyatdesyat-sedmaya-shkola;Пятьдесят седьмая школа;да;Городская;Отметка;Школа № 57 (здание № 2);55.730092;37.580814;OpenStreetMap, корпус;r5359641
pyatdesyat-sedmaya-shkola;Пятьдесят седьмая школа;да;Городская;Отметка;Школа №57 (здание №3);55.720603;37.569042;OpenStreetMap, корпус;r6758026
pyatdesyat-sedmaya-shkola;Пятьдесят седьмая школа;да;Городская;Отметка;Школа №57 (здание №1);55.748759;37.604957;OpenStreetMap, корпус;r14573448
shkola-179;Школа № 179;да;Городская;Отметка;Школа № 179;55.759661;37.614815;OpenStreetMap, корпус;r8675635
shkola-1535;Школа № 1535;да;Городская;Отметка;Лицей № 1535;55.726049;37.565101;OpenStreetMap, корпус;r6728142
shkola-1535;Школа № 1535;да;Городская;Отметка;Лицей № 1535;55.731105;37.562031;OpenStreetMap, корпус;r7717004
shkola-tsentra-pedagogicheskogo-masterstva-tspm;Школа Центра педагогического мастерства (ЦПМ);да;Частная;Отметка;Центр педагогического мастерства;55.789925;37.621276;OpenStreetMap, корпус;r1249599
shkola-tsentra-pedagogicheskogo-masterstva-tspm;Школа Центра педагогического мастерства (ЦПМ);да;Частная;Отметка;Школа ЦПМ;55.753771;37.653585;OpenStreetMap, корпус;n13265226937
shkola-2007-fmsh;Школа № 2007 ФМШ;да;Городская;Отметка;адрес: ул. Горчакова, д. 9, корп. 1;55.544750;37.532770;адрес из базы;
litsey-niu-vshe;Лицей НИУ ВШЭ;да;Вузовская;Отметка;Лицей НИУ ВШЭ;55.769738;37.618784;OpenStreetMap, корпус;r7612096
litsey-niu-vshe;Лицей НИУ ВШЭ;да;Вузовская;Отметка;Лицей НИУ ВШЭ;55.763642;37.643923;OpenStreetMap, корпус;r7997756
litsey-niu-vshe;Лицей НИУ ВШЭ;да;Вузовская;Отметка;Лицей НИУ ВШЭ;55.760800;37.651978;OpenStreetMap, корпус;r8796311
litsey-niu-vshe;Лицей НИУ ВШЭ;да;Вузовская;Отметка;Лицей НИУ ВШЭ;55.752370;37.637436;OpenStreetMap, корпус;n6299092036
shkola-letovo;Школа «Летово»;да;Частная;Отметка;адрес: пос. Сосенское, Зимёнковская ул., д. 3;55.557410;37.422280;адрес из базы;
shkola-1568-im-pablo-nerudy;Школа № 1568 им. Пабло Неруды;да;Городская;Отметка;Лицей №1568;55.874535;37.642876;OpenStreetMap, корпус;w42528898
shkola-1568-im-pablo-nerudy;Школа № 1568 им. Пабло Неруды;да;Городская;Отметка;Школа № 1568 имени Пабло Неруды, школьное здание № 4;55.874457;37.650439;OpenStreetMap, корпус;w59370210
shkola-1502-energiya;Школа № 1502 «Энергия»;да;Городская;Отметка;Лицей № 1502 при МЭИ Корпус Альфа;55.760382;37.830264;OpenStreetMap, корпус;w196482823
shkola-1502-energiya;Школа № 1502 «Энергия»;да;Городская;Отметка;ГБОУ Школа №1502, Дельта 1;55.769166;37.825389;OpenStreetMap, корпус;w443593271
shkola-1502-energiya;Школа № 1502 «Энергия»;да;Городская;Отметка;ГБОУ Школа №1502, Дельта 2;55.770366;37.828872;OpenStreetMap, корпус;w443593272
sunts-mgu-shkola-internat-im-a-n-kolmogorova;СУНЦ МГУ (школа-интернат им. А.Н. Колмогорова);да;Вузовская;Отметка;Школа-интернат МГУ;55.694575;37.524758;OpenStreetMap, корпус;w256044990
sunts-mgu-shkola-internat-im-a-n-kolmogorova;СУНЦ МГУ (школа-интернат им. А.Н. Колмогорова);да;Вузовская;Отметка;Специализированный учебно-научный центр МГУ;55.719068;37.464820;OpenStreetMap, корпус;r20434099
shkola-1514;Школа № 1514;да;Городская;Отметка;Школа № 1514;55.686332;37.528475;OpenStreetMap, корпус;w29114815
shkola-1514;Школа № 1514;да;Городская;Отметка;Школа №1514;55.665745;37.524900;OpenStreetMap, корпус;w168049902
shkola-1514;Школа № 1514;да;Городская;Отметка;Школа №1514;55.663090;37.524098;OpenStreetMap, корпус;w261158934
shkola-1514;Школа № 1514;да;Городская;Отметка;Школа №1514;55.663497;37.524845;OpenStreetMap, корпус;w261158935
shkola-1514;Школа № 1514;да;Городская;Отметка;Пристройка к гимназии №1514;55.685051;37.526184;OpenStreetMap, корпус;w310110887
shkola-1514;Школа № 1514;да;Городская;Отметка;Школа № 1514;55.686551;37.529414;OpenStreetMap, корпус;w386779191
baumanskaya-inzhenernaya-shkola-1580;Бауманская инженерная школа № 1580;да;Городская;Отметка;Лицей №1580;55.642687;37.612678;OpenStreetMap, корпус;w157210046
baumanskaya-inzhenernaya-shkola-1580;Бауманская инженерная школа № 1580;да;Городская;Отметка;Лицей №1580;55.641613;37.612625;OpenStreetMap, корпус;w183948096
shkola-444;Школа № 444;да;Городская;Отметка;Школа №444;55.791463;37.796468;OpenStreetMap, корпус;w50072669
shkola-444;Школа № 444;да;Городская;Отметка;Средняя Общеобразовательная Школа №444;55.790682;37.796477;OpenStreetMap, корпус;w204059721
shkola-444;Школа № 444;да;Городская;Отметка;Школа № 444. Начальная школа;55.790124;37.792617;OpenStreetMap, корпус;r18244733
litsey-vorobevy-gory;Лицей «Воробьёвы горы»;да;Городская;Отметка;"Лицей №1525 ""Воробьевы горы""";55.702996;37.554402;OpenStreetMap, корпус;n1373776071
litsey-vorobevy-gory;Лицей «Воробьёвы горы»;да;Городская;Отметка;адрес: Донская ул., д. 37;55.718820;37.605180;адрес из базы;
litsey-finansovogo-universiteta;Лицей Финансового университета;да;Вузовская;Отметка;адрес: Ленинградский пр-т, д. 51, корп. 4;55.800845;37.526908;адрес из базы;
shkola-1543;Школа № 1543;да;Городская;Отметка;Гимназия №1543. Корпус 1;55.656031;37.486605;OpenStreetMap, корпус;r13270932
shkola-1543;Школа № 1543;да;Городская;Отметка;Гимназия №1543. Корпус 2;55.655302;37.485990;OpenStreetMap, корпус;r13270933
shkola-na-yugo-vostoke-im-v-i-chuykova;Школа на Юго-Востоке им. В.И. Чуйкова;да;Городская;Отметка;Технорама на Юго-Востоке;55.714662;37.780249;OpenStreetMap, корпус;w301225747
shkola-na-yugo-vostoke-im-v-i-chuykova;Школа на Юго-Востоке им. В.И. Чуйкова;да;Городская;Отметка;ГБОУ школа на Юго-Востоке имени Маршала В.И. Чуйкова;55.696921;37.772455;OpenStreetMap, корпус;r12921870
shkola-na-yugo-vostoke-im-v-i-chuykova;Школа на Юго-Востоке им. В.И. Чуйкова;да;Городская;Отметка;Школа на Юго-Востоке имени Маршала В.И. Чуйкова;55.711848;37.766807;OpenStreetMap, корпус;r13492626
kurchatovskaya-shkola;Курчатовская школа;да;Городская;Отметка;"Курчатовская школа корпус ""Факультет""";55.797343;37.488420;OpenStreetMap, корпус;w94528469
kurchatovskaya-shkola;Курчатовская школа;да;Городская;Отметка;"Курчатовская школа корпус ""Интеграция""";55.790011;37.477838;OpenStreetMap, корпус;w114421948
kurchatovskaya-shkola;Курчатовская школа;да;Городская;Отметка;"Курчатовская школа корпус ""Маршал""";55.791784;37.498575;OpenStreetMap, корпус;r7637088
kurchatovskaya-shkola;Курчатовская школа;да;Городская;Отметка;"Курчатовская школа корпус ""Вектор""";55.795005;37.486390;OpenStreetMap, корпус;r11181083
kurchatovskaya-shkola;Курчатовская школа;да;Городская;Отметка;"Курчатовская школа корпус ""5-й элемент""";55.805595;37.482290;OpenStreetMap, корпус;r10981165
kurchatovskaya-shkola;Курчатовская школа;да;Городская;Отметка;"Курчатовская школа. Корпус ""Берег""";55.829677;37.401316;OpenStreetMap, корпус;w1554538565
kurchatovskaya-shkola;Курчатовская школа;да;Городская;Отметка;"Курчатовская школа ""Школа-интернат №101 (для слабослышащих)""";55.787895;37.450252;OpenStreetMap, корпус;w305671071
kurchatovskaya-shkola;Курчатовская школа;да;Городская;Отметка;адрес: ул. Маршала Василевского, д. 7, корп. 1;55.804550;37.471210;адрес из базы;
universitetskaya-gimnaziya-mgu-imeni-m-v-lomonosova;Университетская гимназия МГУ имени М.В. Ломоносова;да;Вузовская;Отметка;адрес: Ломоносовский пр-т, д. 27, корп. 7;55.694770;37.524620;адрес из базы;
shkola-548-tsaritsyno;Школа № 548 «Царицыно»;да;Городская;Отметка;Центр образования №548 Царицыно;55.602056;37.716978;OpenStreetMap, корпус;w35379957
shkola-548-tsaritsyno;Школа № 548 «Царицыно»;да;Городская;Отметка;ГАОУ г. Москвы Школа № 548 Царицыно;55.582552;37.738207;OpenStreetMap, корпус;w432995141
shkola-548-tsaritsyno;Школа № 548 «Царицыно»;да;Городская;Отметка;Центр образования № 548;55.623688;37.701897;OpenStreetMap, корпус;w709568859
shkola-548-tsaritsyno;Школа № 548 «Царицыно»;да;Городская;Отметка;Центр образования № 548;55.602825;37.737805;OpenStreetMap, корпус;r11086461
shkola-1518;Школа № 1518;да;Городская;Отметка;Гимназия №1518;55.816670;37.629205;OpenStreetMap, корпус;w302731046
shkola-1518;Школа № 1518;да;Городская;Отметка;Школа № 1518;55.803630;37.634736;OpenStreetMap, корпус;w399584298
klassicheskiy-pansion-mgu;Классический пансион МГУ;да;Частная;Отметка;Классический пансион МГУ им. М.В. Ломоносова;55.716157;37.435562;OpenStreetMap, корпус;n694089524
klassicheskiy-pansion-mgu;Классический пансион МГУ;да;Частная;Отметка;адрес: ул. Лобачевского, д. 118, корп. 3;55.694150;37.471610;адрес из базы;
preduniversitariy-mifi;Предуниверситарий МИФИ;да;Вузовская;Отметка;адрес: Каширское ш., д. 31;55.650450;37.665800;адрес из базы;
lomonosovskaya-shkola;Ломоносовская школа;да;Частная;Отметка;Ломоносовская школа;55.714443;37.455973;OpenStreetMap, корпус;w306467403
lomonosovskaya-shkola;Ломоносовская школа;да;Частная;Отметка;Ломоносовская школа;55.713452;37.456390;OpenStreetMap, корпус;w306467404
lomonosovskaya-shkola;Ломоносовская школа;да;Частная;Отметка;Ломоносовская школа;55.717908;37.421140;OpenStreetMap, корпус;n1976909712
shkola-intellektual;Школа «Интеллектуал»;да;Городская;Отметка;"Школа-интернат ""Интеллектуал""";55.718099;37.464512;OpenStreetMap, корпус;r20434098
shkola-2070-im-g-a-vartanyana;Школа № 2070 им. Г.А. Вартаняна;да;Городская;Отметка;Школа 2070;55.572089;37.480566;OpenStreetMap, корпус;w111461814
shkola-2070-im-g-a-vartanyana;Школа № 2070 им. Г.А. Вартаняна;да;Городская;Отметка;Школа № 2070. Образовательная площадка «Новая звезда»;55.578870;37.476268;OpenStreetMap, корпус;w870396026
shkola-2070-im-g-a-vartanyana;Школа № 2070 им. Г.А. Вартаняна;да;Городская;Отметка;Школа № 2070, Липовый парк;55.567871;37.493821;OpenStreetMap, корпус;r15660553
shkola-1547;Школа № 1547;да;Городская;Отметка;Лицей № 1547;55.662470;37.776476;OpenStreetMap, корпус;w311745513
shkola-1547;Школа № 1547;да;Городская;Отметка;Школа № 1547;55.663858;37.767327;OpenStreetMap, корпус;w460245030
shkola-1252-im-servantesa;Школа № 1252 им. Сервантеса;да;Городская;Отметка;Школа № 1252 имени Сервантеса;55.810225;37.496401;OpenStreetMap, корпус;r6376832
shkola-1252-im-servantesa;Школа № 1252 им. Сервантеса;да;Городская;Отметка;Школа № 1252 имени Сервантеса. Старшая школа;55.804537;37.507081;OpenStreetMap, корпус;w847793509
shkola-1253;Школа № 1253;да;Городская;Отметка;Школа №1253 (начальные классы);55.732591;37.590941;OpenStreetMap, корпус;w366295826
shkola-1253;Школа № 1253;да;Городская;Отметка;Школа №1253;55.734600;37.592251;OpenStreetMap, корпус;r5513696
shkola-1329;Школа № 1329;да;Городская;Отметка;Школа № 1329. Учебный корпус № 2;55.673498;37.473166;OpenStreetMap, корпус;w336472571
shkola-1329;Школа № 1329;да;Городская;Отметка;Школа № 1329;55.668972;37.465053;OpenStreetMap, корпус;r6886515
shkola-2123-im-migelya-ernandesa;Школа № 2123 им. Мигеля Эрнандеса;да;Городская;Отметка;"Школа № 2123 имени Мигеля Эрнандеса. Корпус ""Стодесятая""";55.756871;37.594938;OpenStreetMap, корпус;r8791878
shkola-2036;Школа № 2036;да;Городская;Отметка;Школа № 2036;55.703588;37.864412;OpenStreetMap, корпус;w277946379
shkola-2036;Школа № 2036;да;Городская;Отметка;адрес: ул. Татьяны Макаровой, д. 2;55.710220;37.887210;адрес из базы;
shkola-1533-lit;Школа № 1533 «ЛИТ»;да;Городская;Отметка;Лицей № 1533;55.680628;37.561926;OpenStreetMap, корпус;w51684041
shkola-1533-lit;Школа № 1533 «ЛИТ»;да;Городская;Отметка;Лицей №1533;55.692275;37.543878;OpenStreetMap, корпус;w112390800
shkola-218;Школа № 218;да;Городская;Отметка;Школа №218;55.808626;37.560894;OpenStreetMap, корпус;w76212064
shkola-218;Школа № 218;да;Городская;Отметка;Центр образования № 218;55.812179;37.575016;OpenStreetMap, корпус;w76345960
akademicheskaya-shkola-1534;Академическая школа № 1534;да;Городская;Отметка;Гимназия №1534 Школьное отделение №3;55.678178;37.568496;OpenStreetMap, корпус;w28749223
akademicheskaya-shkola-1534;Академическая школа № 1534;да;Городская;Отметка;Гимназия №1534 Школьное отделение №2;55.682242;37.570776;OpenStreetMap, корпус;w96447491
akademicheskaya-shkola-1534;Академическая школа № 1534;да;Городская;Отметка;ГБОУ Гимназия № 1534;55.685200;37.574266;OpenStreetMap, корпус;w96455034
akademicheskaya-shkola-1534;Академическая школа № 1534;да;Городская;Отметка;Гимназия №1534 Школьное отделение №4;55.687708;37.581259;OpenStreetMap, корпус;w326986435
shkola-1575;Школа № 1575;да;Городская;Отметка;Лицей №1575;55.801355;37.546727;OpenStreetMap, корпус;w350090313
shkola-1575;Школа № 1575;да;Городская;Отметка;Лицей №1575;55.804970;37.532010;OpenStreetMap, корпус;r5713479
chastnaya-shkola-zolotoe-sechenie;Частная школа «Золотое сечение»;да;Частная;Отметка;Школа «Золотое сечение»;55.738597;37.577320;OpenStreetMap, корпус;r6116666
chastnaya-shkola-zolotoe-sechenie;Частная школа «Золотое сечение»;да;Частная;Отметка;"адрес: Ленинский пр-т, д. 13А (5–11 кл.); Комсомольский пр-т, д. 45 (начальная)";55.721990;37.603580;адрес из базы;
shkola-1501;Школа № 1501;да;Городская;Отметка;Школа №1501;55.779634;37.614126;OpenStreetMap, корпус;r7268814
shkola-1501;Школа № 1501;да;Городская;Отметка;Школа № 1501. Многопрофильные классы на Тихвинской;55.791686;37.598302;OpenStreetMap, корпус;r14977370
shkola-1501;Школа № 1501;да;Городская;Отметка;Школа № 1501. Инженерные и ИТ-классы;55.787747;37.595739;OpenStreetMap, корпус;r15968755
shkola-1501;Школа № 1501;да;Городская;Отметка;Школа № 1501. Лингвистические классы;55.783831;37.601980;OpenStreetMap, корпус;r7895065
shkola-171;Школа № 171;да;Городская;Отметка;Школа №171;55.722306;37.579608;OpenStreetMap, корпус;w30433167
shkola-171;Школа № 171;да;Городская;Отметка;Школа № 171 Школьное отделение № 2;55.719277;37.574890;OpenStreetMap, корпус;r2183431
shkola-2086;Школа № 2086;да;Городская;Отметка;Начальная школа №2086;55.691722;37.544843;OpenStreetMap, корпус;w112390793
shkola-2086;Школа № 2086;да;Городская;Отметка;адрес: Университетский пр-т, д. 5;55.695790;37.551500;адрес из базы;
shkola-2107;Школа № 2107;да;Городская;Отметка;Школа № 2107. Школа им. Ромена Роллана;55.785489;37.632172;OpenStreetMap, корпус;r6505044
shkola-2107;Школа № 2107;да;Городская;Отметка;"Школа № 2107. Здание школы ""Школа им. В. М. Комарова""";55.787541;37.630192;OpenStreetMap, корпус;r11909217
shkola-2107;Школа № 2107;да;Городская;Отметка;Школа № 2107. Физико-математическая школа;55.782174;37.635059;OpenStreetMap, корпус;r13188995
shkola-2107;Школа № 2107;да;Городская;Отметка;Школа № 2107. Школа на Гиляровского;55.777727;37.630012;OpenStreetMap, корпус;r17940119
shkola-2107;Школа № 2107;да;Городская;Отметка;"Школа № 2107. Здание ""На Мещанской""";55.776940;37.627440;OpenStreetMap, корпус;r4729216
shkola-1409;Школа № 1409;да;Городская;Отметка;Центр образования №1409;55.783833;37.531404;OpenStreetMap, корпус;r2880892
shkola-1409;Школа № 1409;да;Городская;Отметка;Школа №1409;55.788574;37.544709;OpenStreetMap, корпус;r6909136
shkola-1589;Школа № 1589;да;Городская;Отметка;адрес: Инициативная ул., д. 1;55.716520;37.460830;адрес из базы;
shkola-1504;Школа № 1504;да;Городская;Отметка;Школа №1504 (школьный корпус №2);55.757015;37.837651;OpenStreetMap, корпус;w102415504
shkola-1504;Школа № 1504;да;Городская;Отметка;Школа №1504;55.763326;37.837815;OpenStreetMap, корпус;w167617492
oblastnaya-gimnaziya-im-e-m-primakova;Областная гимназия им. Е.М. Примакова;да;Частная;Отметка;Гимназия им. Е. М. Примакова;55.755585;37.316844;OpenStreetMap, корпус;r15477224
shkola-1517;Школа № 1517;да;Городская;Отметка;Гимназия №1517;55.785969;37.458064;OpenStreetMap, корпус;w103244527
shkola-1517;Школа № 1517;да;Городская;Отметка;Гимназия №1517;55.780257;37.457163;OpenStreetMap, корпус;r1656086
shkola-1517;Школа № 1517;да;Городская;Отметка;Гимназия №1517;55.775007;37.462912;OpenStreetMap, корпус;r6533359
shkola-1517;Школа № 1517;да;Городская;Отметка;Гимназия №1517;55.784916;37.452830;OpenStreetMap, корпус;w643329688
shkola-1541;Школа № 1541;да;Городская;Отметка;Школа № 1541. Корпус школьного образования;55.667293;37.508882;OpenStreetMap, корпус;w221106410
shkola-1541;Школа № 1541;да;Городская;Отметка;Школа № 1541. Корпус школьного образования;55.672231;37.511426;OpenStreetMap, корпус;r18610235
shkola-1541;Школа № 1541;да;Городская;Отметка;Школа № 1541. Корпус школьного образования;55.672752;37.504163;OpenStreetMap, корпус;r19080774
inzhenernaya-shkola-1581;Инженерная школа № 1581;да;Городская;На заметку;Инженерная школа № 1581. Корпус 2;55.768559;37.655008;OpenStreetMap, корпус;r7435037
inzhenernaya-shkola-1581;Инженерная школа № 1581;да;Городская;На заметку;Лицей №1581;55.752927;37.663020;OpenStreetMap, корпус;w248885411
inzhenernaya-shkola-1581;Инженерная школа № 1581;да;Городская;На заметку;Лицей № 1581 имени Ивана Бунина;55.778880;37.695539;OpenStreetMap, корпус;r14097751
shkola-1363;Школа № 1363;да;Городская;На заметку;Школа №1363 (учебный корпус №10);55.697861;37.820349;OpenStreetMap, корпус;w29388384
shkola-1363;Школа № 1363;да;Городская;На заметку;Школа №1363 (учебный корпус №11);55.697446;37.818721;OpenStreetMap, корпус;w29388385
shkola-1363;Школа № 1363;да;Городская;На заметку;ГБОУ школа № 1363, корпус № 1;55.707774;37.824194;OpenStreetMap, корпус;r358784
shkola-1363;Школа № 1363;да;Городская;На заметку;ГБОУ школа № 1363, корпус 2;55.706617;37.823545;OpenStreetMap, корпус;w45850376
shkola-1363;Школа № 1363;да;Городская;На заметку;Школа №1363 (учебный корпус 8);55.695135;37.823084;OpenStreetMap, корпус;w318866392
shkola-1363;Школа № 1363;да;Городская;На заметку;Школа №1363 (учебный корпус 9);55.699989;37.813717;OpenStreetMap, корпус;w1553202903
shkola-1363;Школа № 1363;да;Городская;На заметку;Школа №1363;55.711884;37.805532;OpenStreetMap, корпус;r13851281
shkola-1980;Школа № 1980;да;Городская;На заметку;примерно: здание по номеру;55.534570;37.532780;примерно: здание по номеру;
horoshevskaya-shkola-horoshkola;Хорошевская школа (Хорошкола);да;Частная;На заметку;"адрес: ул. Народного Ополчения, д. 7А и 9А; ул. Маршала Тухачевского, д. 45, кор";55.770750;37.470700;адрес из базы;
shkola-1557-im-p-l-kapitsy;Школа № 1557 им. П.Л. Капицы;да;Городская;На заметку;примерно: здание по номеру;55.992920;37.217490;примерно: здание по номеру;
akademicheskaya-gimnaziya;Академическая гимназия;да;Частная;На заметку;"адрес: кампусы в Москве; Химки, мкр. Новогорск, Олимпийская ул., д. 15";55.903350;37.359360;адрес из базы;
pavlovskaya-gimnaziya;Павловская гимназия;да;Частная;На заметку;Павловская гимназия;55.801176;37.123559;OpenStreetMap, корпус;r2743167
shkola-nika;Школа «НИКА»;да;Частная;На заметку;"Школа ""Ника""";55.654489;37.595164;OpenStreetMap, корпус;w127868208
shkola-nika;Школа «НИКА»;да;Частная;На заметку;"Школа ""Ника""";55.656604;37.566803;OpenStreetMap, корпус;w467769169
shkola-1558-im-rosalii-de-kastro;Школа № 1558 им. Росалии де Кастро;да;Городская;На заметку;ГБОУ школа № 1558 имени Росалии де Кастро;55.867855;37.660126;OpenStreetMap, корпус;r2432228
shkola-1558-im-rosalii-de-kastro;Школа № 1558 им. Росалии де Кастро;да;Городская;На заметку;Гимназия №1558;55.868550;37.653385;OpenStreetMap, корпус;w532936533
shkola-2083;Школа № 2083;да;Городская;На заметку;примерно: здание по номеру;55.493040;37.502450;примерно: здание по номеру;
shkola-pokrovskiy-kvartal;Школа «Покровский квартал»;да;Городская;На заметку;"Школа ""Покровский квартал"". Здание на Б. Трехсвятительском";55.755006;37.646040;OpenStreetMap, корпус;w45778892
shkola-pokrovskiy-kvartal;Школа «Покровский квартал»;да;Городская;На заметку;"Школа ""Покровский квартал"". Здание на Б. Казенном";55.760631;37.655541;OpenStreetMap, корпус;r7092147
shkola-pokrovskiy-kvartal;Школа «Покровский квартал»;да;Городская;На заметку;"Школа ""Покровский квартал"". Здание на Покровке";55.758574;37.644524;OpenStreetMap, корпус;r7621468
shkola-pokrovskiy-kvartal;Школа «Покровский квартал»;да;Городская;На заметку;"Школа ""Покровский квартал""";55.772813;37.835508;OpenStreetMap, корпус;w568709892
shkola-pokrovskiy-kvartal;Школа «Покровский квартал»;да;Городская;На заметку;"Школа ""Покровский квартал"". Здание на Лялином";55.758913;37.651661;OpenStreetMap, корпус;r8712975
shkola-pokrovskiy-kvartal;Школа «Покровский квартал»;да;Городская;На заметку;"Школа ""Покровский квартал""";55.763372;37.648759;OpenStreetMap, корпус;r9830040
shkola-pokrovskiy-kvartal;Школа «Покровский квартал»;да;Городская;На заметку;"Школа ""Покровский квартал"". Здание на Земляном валу";55.753982;37.655494;OpenStreetMap, корпус;r8775881
shkola-192;Школа № 192;да;Городская;На заметку;Школа № 192;55.706695;37.574898;OpenStreetMap, корпус;w143142432
shkola-625;Школа № 625;да;Городская;На заметку;Гимназия №625;55.692230;37.592852;OpenStreetMap, корпус;w194309723
shkola-625;Школа № 625;да;Городская;На заметку;Школа № 625. Начальная и средняя школа;55.689474;37.588873;OpenStreetMap, корпус;w1122007526
shkola-algoritm;Школа «Алгоритм»;да;Частная;На заметку;адрес: Милютинский пер. + филиалы;55.764780;37.633320;адрес из базы;
shkola-67;Школа № 67;да;Городская;На заметку;Школа № 67. Отделение общего образования;55.734421;37.521376;OpenStreetMap, корпус;r9628854
shkola-67;Школа № 67;да;Городская;На заметку;"ГБОУ ""Школа № 67"", отделение общего образования";55.738590;37.518350;OpenStreetMap, корпус;w112165344
shkola-67;Школа № 67;да;Городская;На заметку;Школа № 67;55.741519;37.523150;OpenStreetMap, корпус;r8304326
shkola-67;Школа № 67;да;Городская;На заметку;Школа № 67. Подразделение № 2;55.736852;37.528250;OpenStreetMap, корпус;r14336312
shkola-67;Школа № 67;да;Городская;На заметку;адрес: Кутузовский пр-т, д. 10, стр. 1;55.748670;37.558750;адрес из базы;
shkola-1529-imeni-a-s-griboedova;Школа № 1529 имени А.С. Грибоедова;да;Городская;На заметку;Школа № 1529 имени А. С. Грибоедова. Здание № 2;55.745091;37.592573;OpenStreetMap, корпус;r7891536
shkola-1529-imeni-a-s-griboedova;Школа № 1529 имени А.С. Грибоедова;да;Городская;На заметку;Школа № 1529 имени А. С. Грибоедова. Здание № 3;55.735585;37.597957;OpenStreetMap, корпус;r14374917
shkola-1529-imeni-a-s-griboedova;Школа № 1529 имени А.С. Грибоедова;да;Городская;На заметку;Школа № 1529 имени А. С. Грибоедова. Здание № 4;55.746986;37.595800;OpenStreetMap, корпус;r7891541
shkola-1529-imeni-a-s-griboedova;Школа № 1529 имени А.С. Грибоедова;да;Городская;На заметку;Школа № 1529 имени А. С. Грибоедова. Здание № 5;55.741479;37.603512;OpenStreetMap, корпус;r18096256
shuvalovskaya-shkola-1448;Шуваловская школа № 1448;да;Городская;На заметку;Шуваловская школа № 1448. Корпус «Мосфильмовский»;55.720824;37.511690;OpenStreetMap, корпус;r12980861
shuvalovskaya-shkola-1448;Шуваловская школа № 1448;да;Городская;На заметку;Шуваловская школа № 1448. Основной корпус «Шуваловский»;55.702537;37.512601;OpenStreetMap, корпус;r12980879
shkola-152;Школа № 152;да;Городская;На заметку;Школа №152;55.795925;37.545215;OpenStreetMap, корпус;w350105151
shkola-152;Школа № 152;да;Городская;На заметку;Школа №152;55.800753;37.535206;OpenStreetMap, корпус;r15001788
shkola-152;Школа № 152;да;Городская;На заметку;адрес из базы;55.803100;37.530960;адрес из базы;
shkola-2098-im-l-m-dovatora;Школа № 2098 им. Л.М. Доватора;да;Городская;На заметку;Школа №2098 корпус 5;55.878799;37.510428;OpenStreetMap, корпус;r14333603
shkola-2098-im-l-m-dovatora;Школа № 2098 им. Л.М. Доватора;да;Городская;На заметку;Школа № 2098 им. Героя Советского Союза Л.М. Доватора;55.878849;37.514223;OpenStreetMap, корпус;w146767851
mezhdunarodnaya-shkola-integratsiya-xxi-vek;Международная школа «Интеграция XXI век»;да;Частная;На заметку;Школа «Интеграция XXI век»;55.806675;37.403609;OpenStreetMap, корпус;w285868303
mezhdunarodnaya-shkola-integratsiya-xxi-vek;Международная школа «Интеграция XXI век»;да;Частная;На заметку;начальная школа «Интеграция XXI век»;55.800971;37.489783;OpenStreetMap, корпус;w1180159484
shkola-1474;Школа № 1474;да;Городская;На заметку;Школа № 1474, подразделение 3;55.869456;37.492588;OpenStreetMap, корпус;w28706464
shkola-1474;Школа № 1474;да;Городская;На заметку;Школа № 1474, подразделение 1;55.870012;37.491721;OpenStreetMap, корпус;w88900137
shkola-1474;Школа № 1474;да;Городская;На заметку;Школа № 1474, подразделение 12;55.870717;37.493262;OpenStreetMap, корпус;w93476938
shkola-1474;Школа № 1474;да;Городская;На заметку;Школа № 1474;55.865939;37.500842;OpenStreetMap, корпус;w361627098
shkola-1474;Школа № 1474;да;Городская;На заметку;Школа № 1474. Подразделение 2;55.873442;37.488989;OpenStreetMap, корпус;w558782674
shkola-1474;Школа № 1474;да;Городская;На заметку;Школа №1474;55.870754;37.491199;OpenStreetMap, корпус;r14358472
shkola-1474;Школа № 1474;да;Городская;На заметку;Школа № 1474. Подразделение 4;55.872222;37.490066;OpenStreetMap, корпус;r14331375
shkola-2026;Школа № 2026;да;Городская;На заметку;примерно: здание по номеру;55.717820;37.884050;примерно: здание по номеру;
shkola-1317;Школа № 1317;да;Городская;На заметку;Школа № 1317. Начальное отделение;55.671367;37.470588;OpenStreetMap, корпус;r15922272
shkola-1357-na-bratislavskoy;Школа № 1357 «На Братиславской»;да;Городская;На заметку;Школа № 1357 «На Братиславской». Здание №1;55.659830;37.763506;OpenStreetMap, корпус;w27596880
shkola-1357-na-bratislavskoy;Школа № 1357 «На Братиславской»;да;Городская;На заметку;Школа № 1357 «На Братиславской». Здание №2;55.660014;37.764957;OpenStreetMap, корпус;w27596884
shkola-1357-na-bratislavskoy;Школа № 1357 «На Братиславской»;да;Городская;На заметку;Школа № 1357 «На Братиславской». Здание №8;55.656960;37.756070;OpenStreetMap, корпус;w51676908
shkola-1357-na-bratislavskoy;Школа № 1357 «На Братиславской»;да;Городская;На заметку;Школа № 1357 «На Братиславской». Здание №7;55.656562;37.755019;OpenStreetMap, корпус;w51676909
shkola-1357-na-bratislavskoy;Школа № 1357 «На Братиславской»;да;Городская;На заметку;Школа № 1357 «На Братиславской». Здание №11;55.666437;37.757802;OpenStreetMap, корпус;w136752933
shkola-1357-na-bratislavskoy;Школа № 1357 «На Братиславской»;да;Городская;На заметку;Школа № 1357 «На Братиславской». Здание №5;55.650448;37.762494;OpenStreetMap, корпус;w461836978
shkola-1357-na-bratislavskoy;Школа № 1357 «На Братиславской»;да;Городская;На заметку;Школа № 1357 «На Братиславской». Здание №15;55.666875;37.777658;OpenStreetMap, корпус;r12969787
shkola-marina-roscha-im-v-f-orlova;Школа «Марьина Роща» им. В.Ф. Орлова;да;Городская;На заметку;Гимназия Марьина Роща имени В. Ф. Орлова. Учебный корпус 35;55.786418;37.604683;OpenStreetMap, корпус;r7238772
shkola-marina-roscha-im-v-f-orlova;Школа «Марьина Роща» им. В.Ф. Орлова;да;Городская;На заметку;Школа Марьина Роща имени В. Ф. Орлова. Отделение Берендеево царство;55.793889;37.621618;OpenStreetMap, корпус;r11807076
shkola-marina-roscha-im-v-f-orlova;Школа «Марьина Роща» им. В.Ф. Орлова;да;Городская;На заметку;адрес из базы;55.789120;37.616010;адрес из базы;
shkola-na-prospekte-vernadskogo;Школа на проспекте Вернадского;да;Городская;На заметку;Школа на проспекте Вернадского. Корпус школьного образования 1;55.653438;37.483568;OpenStreetMap, корпус;w267390971
shkola-na-prospekte-vernadskogo;Школа на проспекте Вернадского;да;Городская;На заметку;Школа на проспекте Вернадского. Корпус школьного образования 3;55.653666;37.485545;OpenStreetMap, корпус;w987757025
shkola-na-prospekte-vernadskogo;Школа на проспекте Вернадского;да;Городская;На заметку;Школа на проспекте Вернадского. Корпус школьного образования 2;55.652656;37.485080;OpenStreetMap, корпус;w987757026
shkola-1194-im-t-o-rastorgueva;Школа № 1194 им. Т.О. Расторгуева;да;Городская;На заметку;примерно: здание по номеру;55.980100;37.153490;примерно: здание по номеру;
shkola-1571;Школа № 1571;да;Городская;На заметку;Лицей №1571 корпус №6;55.856748;37.444070;OpenStreetMap, корпус;w28896147
shkola-1571;Школа № 1571;да;Городская;На заметку;Лицей №1571 корпус №2;55.861998;37.445511;OpenStreetMap, корпус;w46578351
shkola-1571;Школа № 1571;да;Городская;На заметку;Лицей № 1571 корпус 3;55.862635;37.441774;OpenStreetMap, корпус;w46581741
shkola-1571;Школа № 1571;да;Городская;На заметку;Лицей №1571 корпус №5;55.856091;37.444292;OpenStreetMap, корпус;w54365845
shkola-1571;Школа № 1571;да;Городская;На заметку;Лицей № 1571, корпус 7 «Созвездие»;55.858826;37.444192;OpenStreetMap, корпус;w86251431
shkola-1571;Школа № 1571;да;Городская;На заметку;Лицей №1571 корпус №1;55.857666;37.447228;OpenStreetMap, корпус;r9097255
shkola-962;Школа № 962;да;Городская;На заметку;Школа №962;55.859718;37.593433;OpenStreetMap, корпус;w373783441
shkola-962;Школа № 962;да;Городская;На заметку;Школа № 962. Структурное подразделение № 3;55.861775;37.587492;OpenStreetMap, корпус;w482447168
shkola-962;Школа № 962;да;Городская;На заметку;Школа № 962;55.855334;37.587704;OpenStreetMap, корпус;r7103198
shkola-962;Школа № 962;да;Городская;На заметку;Школа №962. Начальная школа;55.863536;37.595959;OpenStreetMap, корпус;w515690177
shkola-962;Школа № 962;да;Городская;На заметку;Школа № 962. Структурное подразделение № 4;55.865024;37.590390;OpenStreetMap, корпус;w648098841
shkola-1542;Школа № 1542;да;Городская;На заметку;Школа № 1542. Корпус школьного образования №3;55.649110;37.383338;OpenStreetMap, корпус;w52064343
shkola-1542;Школа № 1542;да;Городская;На заметку;Школа 1542 корпус 4;55.641688;37.398116;OpenStreetMap, корпус;w702625639
shkola-1542;Школа № 1542;да;Городская;На заметку;Гимназия № 1542;55.646823;37.399346;OpenStreetMap, корпус;w249358299
shkola-1574;Школа № 1574;да;Городская;На заметку;Школа № 1574. Корпус Старопименовский;55.769258;37.600648;OpenStreetMap, корпус;r1421089
shkola-1574;Школа № 1574;да;Городская;На заметку;Лицей № 1574. ОП № 1;55.774548;37.590555;OpenStreetMap, корпус;r1403786
shkola-1574;Школа № 1574;да;Городская;На заметку;Лицей №1574;55.779773;37.596852;OpenStreetMap, корпус;r16270432
shkola-1576;Школа № 1576;да;Городская;На заметку;Школа № 1576. Корпус 1;55.823036;37.529123;OpenStreetMap, корпус;w332105703
shkola-1576;Школа № 1576;да;Городская;На заметку;Школа № 1576. 2-й корпус;55.816849;37.519811;OpenStreetMap, корпус;r19747342
shkola-1576;Школа № 1576;да;Городская;На заметку;Школа №1576;55.825050;37.523852;OpenStreetMap, корпус;w119335328
shkola-1576;Школа № 1576;да;Городская;На заметку;Школа №1576;55.838608;37.534117;OpenStreetMap, корпус;w364719268
shkola-1576;Школа № 1576;да;Городская;На заметку;Школа № 1576;55.841691;37.541863;OpenStreetMap, корпус;r17499698
shkola-2089;Школа № 2089;да;Городская;На заметку;примерно: здание по номеру;55.684410;37.918310;примерно: здание по номеру;
shkola-novogorsk;Школа «Новогорск»;да;Частная;На заметку;адрес: г. Химки, мкр. Новогорск;55.893950;37.347200;адрес из базы;
shkola-1002;Школа № 1002;да;Городская;На заметку;Школа № 1002. Школьный корпус 3;55.649123;37.398772;OpenStreetMap, корпус;w247337812
shkola-1002;Школа № 1002;да;Городская;На заметку;Школа № 1002. Корпус школьного образования №1;55.652795;37.402162;OpenStreetMap, корпус;r5472885
shkola-1002;Школа № 1002;да;Городская;На заметку;Школа № 1002. Корпус школьного образования №4;55.652552;37.404137;OpenStreetMap, корпус;r5472887
shkola-1002;Школа № 1002;да;Городская;На заметку;Школа № 1002. Корпус школьного образования №2;55.653029;37.403573;OpenStreetMap, корпус;r20008355
shkola-1158;Школа № 1158;да;Городская;На заметку;Школа № 1158. Корпус школьного образования №3;55.633737;37.594219;OpenStreetMap, корпус;w430588598
shkola-1158;Школа № 1158;да;Городская;На заметку;Школа № 1158. Корпус школьного образования;55.635047;37.596780;OpenStreetMap, корпус;r274292
shkola-1158;Школа № 1158;да;Городская;На заметку;Школа № 1158. Корпус школьного образования;55.634470;37.594956;OpenStreetMap, корпус;r274293
shkola-1158;Школа № 1158;да;Городская;На заметку;Школа 1158;55.634358;37.596248;OpenStreetMap, корпус;r9310365
shkola-1298-profil-kurkino;Школа № 1298 «Профиль Куркино»;да;Городская;На заметку;Школа №1298 «Профиль Куркино»;55.900413;37.383835;OpenStreetMap, корпус;r11733299
shkola-1950;Школа № 1950;да;Городская;На заметку;Школа №1950;55.766492;37.584743;OpenStreetMap, корпус;r3834185
shkola-1950;Школа № 1950;да;Городская;На заметку;Школа № 1950;55.768373;37.588153;OpenStreetMap, корпус;r9083102
shkola-2120;Школа № 2120;да;Городская;На заметку;Школа №2120;55.592959;37.372330;OpenStreetMap, корпус;w256095142
shkola-2120;Школа № 2120;да;Городская;На заметку;Школа №2120 ш3;55.604083;37.366021;OpenStreetMap, корпус;w438427403
shkola-58;Школа № 58;да;Городская;На заметку;Школа № 58;55.678419;37.539326;OpenStreetMap, корпус;w126326596
obrazovatelnyy-tsentr-proton;Образовательный центр «Протон»;да;Городская;На заметку;Образовательный центр «Протон». Школа на Новозаводской;55.752054;37.504402;OpenStreetMap, корпус;w157730583
obrazovatelnyy-tsentr-proton;Образовательный центр «Протон»;да;Городская;На заметку;адрес из базы;55.739480;37.501950;адрес из базы;
shkola-1290;Школа № 1290;да;Городская;На заметку;Школа №1290 корпус №2;55.788680;37.779550;OpenStreetMap, корпус;w186311028
shkola-1290;Школа № 1290;да;Городская;На заметку;Школа №1290;55.793942;37.793210;OpenStreetMap, корпус;w878979417
shkola-1362;Школа № 1362;да;Городская;На заметку;Школа №1362;55.787418;37.740548;OpenStreetMap, корпус;w190098593
shkola-1362;Школа № 1362;да;Городская;На заметку;Школа № 1362;55.781912;37.732382;OpenStreetMap, корпус;r14237997
shkola-1362;Школа № 1362;да;Городская;На заметку;Школа №1362;55.789811;37.741062;OpenStreetMap, корпус;n1142158796
shkola-1811-vostochnoe-izmaylovo;Школа № 1811 «Восточное Измайлово»;да;Городская;На заметку;"Школа №1811 ""Восточное Измайлово"" корпус 4";55.796118;37.815741;OpenStreetMap, корпус;w395236553
shkola-1811-vostochnoe-izmaylovo;Школа № 1811 «Восточное Измайлово»;да;Городская;На заметку;Школа №1811 (школьный корпус №6);55.800174;37.815559;OpenStreetMap, корпус;w396444374
shkola-1811-vostochnoe-izmaylovo;Школа № 1811 «Восточное Измайлово»;да;Городская;На заметку;Центр образования № 1811 «Измайлово» – начальная школа;55.796054;37.808887;OpenStreetMap, корпус;w128531064
shkola-1811-vostochnoe-izmaylovo;Школа № 1811 «Восточное Измайлово»;да;Городская;На заметку;Средняя школа №1811;55.791751;37.812678;OpenStreetMap, корпус;w362924386
shkola-1811-vostochnoe-izmaylovo;Школа № 1811 «Восточное Измайлово»;да;Городская;На заметку;"Центр образования ""Измайлово"" № 1811";55.793917;37.814753;OpenStreetMap, корпус;n1588932818
shkola-2109;Школа № 2109;да;Городская;На заметку;примерно: здание по номеру;55.501990;37.593190;примерно: здание по номеру;
shkola-7;Школа № 7;да;Городская;На заметку;Школа №7;55.683455;37.524123;OpenStreetMap, корпус;w304423695
shkola-7;Школа № 7;да;Городская;На заметку;Школа № 7 филиал № 3;55.678934;37.519264;OpenStreetMap, корпус;r5441013
shkola-7;Школа № 7;да;Городская;На заметку;Школа № 7 филиал № 2;55.678433;37.522202;OpenStreetMap, корпус;w366476184
shkola-7;Школа № 7;да;Городская;На заметку;Школа № 7. Подразделение ул. Панфёрова, дом 8 к1;55.681105;37.540904;OpenStreetMap, корпус;r13688421
shkola-7;Школа № 7;да;Городская;На заметку;Школа № 7, филиал № 1;55.679196;37.525341;OpenStreetMap, корпус;n1373666635
shkola-7;Школа № 7;да;Городская;На заметку;Школа №7 (филиал №2);55.682924;37.527054;OpenStreetMap, корпус;n1373694629
shkola-klassika-m;Школа «Классика-М»;да;Частная;На заметку;Классика-М;55.912014;37.736692;OpenStreetMap, корпус;w50906043
shkola-klassika-m;Школа «Классика-М»;да;Частная;На заметку;Классика-М;55.905881;37.711644;OpenStreetMap, корпус;w429572549
shkola-1537-informatsionnye-tehnologii;Школа № 1537 «Информационные технологии»;да;Городская;На заметку;Лицей №1537;55.874278;37.719223;OpenStreetMap, корпус;w112433183
shkola-2031;Школа № 2031;да;Городская;На заметку;Школа №2031;55.713429;37.852024;OpenStreetMap, корпус;w96333369
shkola-2048;Школа № 2048;да;Городская;На заметку;Школа №2048;55.759310;37.517635;OpenStreetMap, корпус;w130065838
ekonomicheskiy-litsey-reu-im-g-v-plehanova;Экономический лицей РЭУ им. Г.В. Плеханова;да;Вузовская;На заметку;адрес: Стремянный пер., д. 36;55.727640;37.628010;адрес из базы;
shkola-svetlye-gory;Школа «Светлые горы»;да;Частная;;"Школа ""Светлые горы""";55.867625;37.325972;OpenStreetMap, корпус;r4870545
shkola-1231-im-v-d-polenova;Школа № 1231 им. В.Д. Поленова;да;Городская;Лучшая в районе;Школа № 1231 имени В. Д. Поленова. Школьный корпус;55.741881;37.580631;OpenStreetMap, корпус;r17682458
shkola-1231-im-v-d-polenova;Школа № 1231 им. В.Д. Поленова;да;Городская;Лучшая в районе;Школа с углубленным изучением иностранного языка № 1231 имени В. Д. Поленова;55.738793;37.592290;OpenStreetMap, корпус;r5569527
shkola-1231-im-v-d-polenova;Школа № 1231 им. В.Д. Поленова;да;Городская;Лучшая в районе;Школа №1231;55.749781;37.589056;OpenStreetMap, корпус;r7877996
shkola-1231-im-v-d-polenova;Школа № 1231 им. В.Д. Поленова;да;Городская;Лучшая в районе;Школа с углублённым изучением иностранного языка № 1231 имени В. Д. Поленова;55.744144;37.597679;OpenStreetMap, корпус;r9464683
shkola-1231-im-v-d-polenova;Школа № 1231 им. В.Д. Поленова;да;Городская;Лучшая в районе;Школа № 1231 им. В. Д. Поленова;55.748504;37.596703;OpenStreetMap, корпус;r7725968
shkola-1231-im-v-d-polenova;Школа № 1231 им. В.Д. Поленова;да;Городская;Лучшая в районе;Школа №1231 имени В. Д. Поленова;55.740413;37.577500;OpenStreetMap, корпус;r6527144
shkola-1287;Школа № 1287;да;Городская;;Школа №1287 (1);55.796223;37.520932;OpenStreetMap, корпус;w99780170
shkola-1287;Школа № 1287;да;Городская;;Школа №1287 (2);55.798907;37.525453;OpenStreetMap, корпус;r15049712
shkola-1392-im-d-v-ryabinkina;Школа № 1392 им. Д.В. Рябинкина;да;Городская;Лучшая в районе;примерно: здание по номеру;55.511250;37.348360;примерно: здание по номеру;
shkola-1538;Школа № 1538;да;Городская;Лучшая в районе;Школа № 1538. Начальная школа;55.841553;37.388671;OpenStreetMap, корпус;w207018077
shkola-1538;Школа № 1538;да;Городская;Лучшая в районе;Школа № 1538;55.841195;37.375143;OpenStreetMap, корпус;w285430096
shkola-1538;Школа № 1538;да;Городская;Лучшая в районе;Школа № 1538. Начальная школа;55.839350;37.381682;OpenStreetMap, корпус;w375411107
shkola-1748-vertikal;Школа № 1748 «Вертикаль»;да;Городская;Лучшая в районе;"Школа №1748 ""Вертикаль"". Корпус №1";55.805062;37.827938;OpenStreetMap, корпус;w276880867
shkola-1748-vertikal;Школа № 1748 «Вертикаль»;да;Городская;Лучшая в районе;"Школа №1748 ""Вертикаль"". Корпус 2";55.802331;37.833154;OpenStreetMap, корпус;w395430226
shkola-1748-vertikal;Школа № 1748 «Вертикаль»;да;Городская;Лучшая в районе;"Школа №1748 ""Вертикаль"". Корпус №4";55.808371;37.821647;OpenStreetMap, корпус;w690243295
shkola-1748-vertikal;Школа № 1748 «Вертикаль»;да;Городская;Лучшая в районе;"Школа №1748 ""Вертикаль"". Корпус №5";55.809209;37.821142;OpenStreetMap, корпус;w690243296
shkola-1748-vertikal;Школа № 1748 «Вертикаль»;да;Городская;Лучшая в районе;Школа № 1748. Корпус 7;55.819936;37.863775;OpenStreetMap, корпус;w1195902396
shkola-1748-vertikal;Школа № 1748 «Вертикаль»;да;Городская;Лучшая в районе;"Школа №1748 ""Вертикаль"". Корпуc №3 (для детей с особыми образовательными потребностями)";55.799170;37.826055;OpenStreetMap, корпус;w395430224
shkola-2094;Школа № 2094;да;Городская;Лучшая в районе;Школа № 2094. Корпус школьного образования №2;55.615850;37.409326;OpenStreetMap, корпус;r13759028
shkola-2094;Школа № 2094;да;Городская;Лучшая в районе;Школа №2094. Школьная образовательная площадка №1;55.620880;37.476557;OpenStreetMap, корпус;r11565410
shkola-2094;Школа № 2094;да;Городская;Лучшая в районе;Школа №2094, ШОП №6;55.604042;37.418271;OpenStreetMap, корпус;r19269248
shkola-2094;Школа № 2094;да;Городская;Лучшая в районе;Школа №2094, ШОП №7;55.613561;37.414951;OpenStreetMap, корпус;r19271036
shkola-2094;Школа № 2094;да;Городская;Лучшая в районе;Школа №2094, ШОП №3;55.607022;37.409290;OpenStreetMap, корпус;r19272376
shkola-2094;Школа № 2094;да;Городская;Лучшая в районе;Школа № 2094, площадка № 5;55.605994;37.469803;OpenStreetMap, корпус;r19482732
shkola-338-im-a-f-avdeeva;Школа № 338 им. А.Ф. Авдеева;да;Городская;;адрес из базы;55.549910;37.508210;адрес из базы;
shkola-627-im-d-d-lelyushenko;Школа № 627 им. Д.Д. Лелюшенко;да;Городская;;Школа № 627 имени генерала Д. Д. Лелюшенко. Учебный корпус № 4;55.726064;37.627585;OpenStreetMap, корпус;r17473831
shkola-627-im-d-d-lelyushenko;Школа № 627 им. Д.Д. Лелюшенко;да;Городская;;Школа № 627 имени генерала Д. Д. Лелюшенко. Учебный корпус № 6;55.735488;37.621383;OpenStreetMap, корпус;r9482182
shkola-627-im-d-d-lelyushenko;Школа № 627 им. Д.Д. Лелюшенко;да;Городская;;ЦО №627;55.724387;37.635507;OpenStreetMap, корпус;w68260689
shkola-627-im-d-d-lelyushenko;Школа № 627 им. Д.Д. Лелюшенко;да;Городская;;Школа № 627;55.733108;37.636050;OpenStreetMap, корпус;r7641051
shkola-2051;Школа № 2051;да;Городская;;примерно: здание по номеру;55.701390;37.917640;примерно: здание по номеру;
shkola-internat-1;Школа-интернат № 1;да;Городская;;Специальная школа-интернат №1;55.807364;37.644416;OpenStreetMap, корпус;w140563398
marinskaya-shkola-1566;Марьинская школа № 1566;да;Городская;;ГБОУ Марьинская школа № 1566 корпус 6;55.648379;37.756226;OpenStreetMap, корпус;w135985865
marinskaya-shkola-1566;Марьинская школа № 1566;да;Городская;;Школа 1566;55.651180;37.754662;OpenStreetMap, корпус;w27780726
shkola-1251-im-sharlya-de-gollya;Школа № 1251 им. Шарля де Голля;да;Городская;;"ГБОУ ""Школа № 1251 имени генерала Шарля де Голля""";55.799943;37.508145;OpenStreetMap, корпус;w48125946
shkola-1251-im-sharlya-de-gollya;Школа № 1251 им. Шарля де Голля;да;Городская;;"ГБОУ ""Школа № 1251 имени генерала Шарля де Голля""";55.795989;37.505616;OpenStreetMap, корпус;w49059813
shkola-1251-im-sharlya-de-gollya;Школа № 1251 им. Шарля де Голля;да;Городская;;школа №1251;55.794176;37.506945;OpenStreetMap, корпус;w160417652
shkola-1449-im-m-v-vodopyanova;Школа № 1449 им. М.В. Водопьянова;да;Городская;Лучшая в районе;Школа № 1449, учебный корпус 2;55.897095;37.571158;OpenStreetMap, корпус;w28455351
shkola-1449-im-m-v-vodopyanova;Школа № 1449 им. М.В. Водопьянова;да;Городская;Лучшая в районе;Школа № 1449, учебный корпус 1;55.894865;37.570632;OpenStreetMap, корпус;r1337578
shkola-2009;Школа № 2009;да;Городская;;адрес из базы;55.540840;37.519720;адрес из базы;
shkola-2044-im-a-m-serebryakova;Школа № 2044 им. А.М. Серебрякова;да;Городская;Лучшая в районе;Школа №2044;55.926703;37.542338;OpenStreetMap, корпус;w70952813
shkola-2044-im-a-m-serebryakova;Школа № 2044 им. А.М. Серебрякова;да;Городская;Лучшая в районе;Школа № 2044;55.932154;37.540878;OpenStreetMap, корпус;w544739458
shkola-2044-im-a-m-serebryakova;Школа № 2044 им. А.М. Серебрякова;да;Городская;Лучшая в районе;Школа № 2044;55.941106;37.522331;OpenStreetMap, корпус;w760147005
shkola-2045-im-d-a-razumovskogo;Школа № 2045 им. Д.А. Разумовского;да;Городская;;адрес из базы;55.973010;37.163610;адрес из базы;
shkola-2097;Школа № 2097;да;Городская;Лучшая в районе;Школа №2097 корпус 6;55.838913;37.403857;OpenStreetMap, корпус;w100846230
shkola-2097;Школа № 2097;да;Городская;Лучшая в районе;Школа № 2097. Корпус № 3;55.848511;37.437610;OpenStreetMap, корпус;w125236242
shkola-2097;Школа № 2097;да;Городская;Лучшая в районе;Школа №2097 корпус №1;55.846775;37.429761;OpenStreetMap, корпус;r6680290
shkola-2097;Школа № 2097;да;Городская;Лучшая в районе;Школа № 2097. Корпус № 2;55.847626;37.421629;OpenStreetMap, корпус;w1339609621
shkola-solnechnyy-veter;Школа «Солнечный ветер»;да;Частная;;"ЦО ОЦ ""Солнечный ветер""";55.631945;37.477042;OpenStreetMap, корпус;w264154346
shkola-1288-im-n-v-troyan;Школа № 1288 им. Н.В. Троян;да;Городская;;Школа № 1288, корпус № 5;55.777610;37.529132;OpenStreetMap, корпус;w27651219
shkola-1288-im-n-v-troyan;Школа № 1288 им. Н.В. Троян;да;Городская;;Школа № 1288, корпус № 6;55.778188;37.529659;OpenStreetMap, корпус;r36980
shkola-1288-im-n-v-troyan;Школа № 1288 им. Н.В. Троян;да;Городская;;Школа № 1288, корпус № 3;55.773604;37.542011;OpenStreetMap, корпус;w332122466
shkola-1288-im-n-v-troyan;Школа № 1288 им. Н.В. Троян;да;Городская;;Школа № 1288, корпус № 11;55.776075;37.530535;OpenStreetMap, корпус;w431163355
shkola-1288-im-n-v-troyan;Школа № 1288 им. Н.В. Троян;да;Городская;;Школа № 1288, корпус № 10;55.776127;37.551350;OpenStreetMap, корпус;r7927700
shkola-1359-im-m-l-milya;Школа № 1359 им. М.Л. Миля;да;Городская;;Школа № 1359 имени авиаконструктора М.Л. Миля. Школьный корпус;55.697199;37.854306;OpenStreetMap, корпус;r3492746
shkola-1359-im-m-l-milya;Школа № 1359 им. М.Л. Миля;да;Городская;;Школа №1359;55.701522;37.844594;OpenStreetMap, корпус;r3324792
shkola-1440;Школа № 1440;да;Городская;Лучшая в районе;Школа № 1440;55.757522;37.412689;OpenStreetMap, корпус;w81236428
shkola-1579;Школа № 1579;да;Городская;;Гимназия №1579;55.646873;37.659862;OpenStreetMap, корпус;r12417771
shkola-1579;Школа № 1579;да;Городская;;ГБОУ школа № 1579;55.650838;37.632857;OpenStreetMap, корпус;r13814287
shkola-17;Школа № 17;да;Городская;Лучшая в районе;Школа № 17. Школьное здание № 1;55.636496;37.532433;OpenStreetMap, корпус;w50417313
shkola-17;Школа № 17;да;Городская;Лучшая в районе;Школа № 17. Школьное здание №2;55.634522;37.534647;OpenStreetMap, корпус;r3509356
shkola-17;Школа № 17;да;Городская;Лучшая в районе;Школа № 17. Школьное здание № 1 - блок начальных классов;55.636794;37.531555;OpenStreetMap, корпус;w336271264
shkola-17;Школа № 17;да;Городская;Лучшая в районе;Школа № 17. Школьное здание №3;55.635362;37.528463;OpenStreetMap, корпус;r13008017
shkola-17;Школа № 17;да;Городская;Лучшая в районе;Школа № 17. Школьное здание №4;55.636945;37.540564;OpenStreetMap, корпус;r3425342
meditsinskiy-sechenovskiy-preduniversariy;Медицинский Сеченовский Предуниверсарий;да;Вузовская;;адрес: ул. Большая Пироговская, д. 2, стр. 2;55.733177;37.569992;адрес из базы;
shkola-gloriya;Школа «Глория»;да;Городская;Лучшая в районе;Школа Глория. Корпус № 10;55.895204;37.625095;OpenStreetMap, корпус;w42102028
shkola-gloriya;Школа «Глория»;да;Городская;Лучшая в районе;"ГБОУ ""Школа Глория""";55.895877;37.615645;OpenStreetMap, корпус;w42032375
shkola-gloriya;Школа «Глория»;да;Городская;Лучшая в районе;"""Школа Глория"" (Школа № 3)";55.901927;37.590562;OpenStreetMap, корпус;w105875546
shkola-integral;Школа «Интеграл»;да;Городская;;"Школа ""Интеграл"". Корпус 2";55.738956;37.502084;OpenStreetMap, корпус;w83425086
shkola-117;Школа № 117;да;Городская;;Школа №117;55.672053;37.534026;OpenStreetMap, корпус;w36515112
shkola-117;Школа № 117;да;Городская;;Начальная школа № 117;55.674153;37.528240;OpenStreetMap, корпус;w46671689
shkola-117;Школа № 117;да;Городская;;Центр образования №117;55.669368;37.533718;OpenStreetMap, корпус;r1655777
shkola-1400;Школа № 1400;да;Городская;Лучшая в районе;Школа №1400;55.721010;37.411407;OpenStreetMap, корпус;w27776481
shkola-1506;Школа № 1506;да;Городская;Лучшая в районе;Гимназия №1506;55.889692;37.650578;OpenStreetMap, корпус;w709548475
shkola-1553-im-v-i-vernadskogo;Школа № 1553 им. В.И. Вернадского;да;Городская;Лучшая в районе;Лицей №1553;55.721101;37.649088;OpenStreetMap, корпус;w56460825
shkola-1553-im-v-i-vernadskogo;Школа № 1553 им. В.И. Вернадского;да;Городская;Лучшая в районе;Школа № 1553 имени В.И. Вернадского;55.720138;37.613852;OpenStreetMap, корпус;r18134842
shkola-1944;Школа № 1944;да;Городская;;Школа № 1944. Корпус 2;55.846585;37.342966;OpenStreetMap, корпус;w398415742
shkola-1944;Школа № 1944;да;Городская;;Школа №1944. Корпус 1;55.842595;37.349622;OpenStreetMap, корпус;r9061747
shkola-2005;Школа № 2005;да;Городская;;Школа № 2005;55.894489;37.396139;OpenStreetMap, корпус;r13470154
shkola-2005;Школа № 2005;да;Городская;;Школа № 2005;55.891026;37.389196;OpenStreetMap, корпус;r21301767
novaya-shkola;Новая школа;да;Частная;;Новая школа;55.704949;37.490170;OpenStreetMap, корпус;w1274403627
pervyy-moskovskiy-kadetskiy-korpus;Первый Московский кадетский корпус;да;Городская;;"Кадетская школа-интернат № 1 ""Первый Московский кадетский корпус";55.815198;37.559530;OpenStreetMap, корпус;r12294632
preduniversitariy-mglu;Предуниверситарий МГЛУ;да;Вузовская;;Предуниверситарии московского государственного лингвистического университета;55.739178;37.595169;OpenStreetMap, корпус;n13261450626
shkola-1293;Школа № 1293;да;Городская;;Школа с углубленным изучением английского языка № 1293 Корпус № 3;55.738550;37.404768;OpenStreetMap, корпус;w28094568
shkola-1293;Школа № 1293;да;Городская;;Школа №1293;55.742763;37.410350;OpenStreetMap, корпус;w29102757
shkola-1306-shkola-molodyh-politikov;Школа № 1306 — «Школа молодых политиков»;да;Городская;;Гимназия № 1306;55.698212;37.509487;OpenStreetMap, корпус;w168355799
shkola-1306-shkola-molodyh-politikov;Школа № 1306 — «Школа молодых политиков»;да;Городская;;Гимназия № 1306;55.698726;37.506334;OpenStreetMap, корпус;w768262899
shkola-1354-vektor;Школа № 1354 «Вектор»;да;Городская;;примерно: здание по номеру;55.549930;37.563060;примерно: здание по номеру;
shkola-1532;Школа № 1532;да;Городская;Лучшая в районе;Школа №1532. Корпус школьного образования №01;55.621941;37.491392;OpenStreetMap, корпус;w46830401
shkola-1532;Школа № 1532;да;Городская;Лучшая в районе;Школа №1532. Корпус школьного образования №04;55.620416;37.492402;OpenStreetMap, корпус;w118792575
shkola-1532;Школа № 1532;да;Городская;Лучшая в районе;Школа №1532. Корпус школьного образования №03;55.621298;37.484640;OpenStreetMap, корпус;w150470231
shkola-1532;Школа № 1532;да;Городская;Лучшая в районе;Школа №1532. Корпус школьного образования №02;55.617899;37.493707;OpenStreetMap, корпус;w313678454
shkola-1560-lider;Школа № 1560 «Лидер»;да;Городская;;Школа № 1560 «Лидер». Корпус имени А. М. Горчакова;55.770795;37.492565;OpenStreetMap, корпус;w83168243
shkola-1560-lider;Школа № 1560 «Лидер»;да;Городская;;Школа № 1560 «Лидер». Корпус имени А. А. Дельвига;55.778739;37.481892;OpenStreetMap, корпус;w83257957
shkola-1560-lider;Школа № 1560 «Лидер»;да;Городская;;Школа № 1560 «Лидер». Корпус имени М. А. Корфа;55.780337;37.484124;OpenStreetMap, корпус;w83258043
shkola-1560-lider;Школа № 1560 «Лидер»;да;Городская;;Школа №1560, корпус им. А. С. Пушкина;55.779664;37.495987;OpenStreetMap, корпус;r1285006
shkola-1560-lider;Школа № 1560 «Лидер»;да;Городская;;Школа № 1560 «Лидер». Корпус имени А. П. Бакунина;55.774391;37.485661;OpenStreetMap, корпус;r1284257
mezhdunarodnaya-gimnaziya-skolkovo;Международная гимназия «Сколково»;да;Частная;;Гимназия Сколково;55.691263;37.351514;OpenStreetMap, корпус;r10143762
pansion-vospitannits-ministerstva-oborony-rf;Пансион воспитанниц Министерства обороны РФ;да;Городская;;адрес из базы;55.777260;37.545210;адрес из базы;
shkola-sviblovo;Школа «Свиблово»;да;Городская;Лучшая в районе;Школа Свиблово, корпус 5;55.852102;37.654214;OpenStreetMap, корпус;r1280705
shkola-sviblovo;Школа «Свиблово»;да;Городская;Лучшая в районе;Школа Свиблово, корпус 1;55.852743;37.642205;OpenStreetMap, корпус;w218576191
shkola-sviblovo;Школа «Свиблово»;да;Городская;Лучшая в районе;Школа Свиблово, корпус 6;55.853407;37.638918;OpenStreetMap, корпус;w218576193
shkola-sviblovo;Школа «Свиблово»;да;Городская;Лучшая в районе;Школа Свиблово, корпус 4;55.860503;37.639335;OpenStreetMap, корпус;w450357369
shkola-sviblovo;Школа «Свиблово»;да;Городская;Лучшая в районе;Школа Свиблово, корпус 2;55.853796;37.659319;OpenStreetMap, корпус;w532939500
shkola-sviblovo;Школа «Свиблово»;да;Городская;Лучшая в районе;Школа Свиблово, корпус 3;55.850793;37.635938;OpenStreetMap, корпус;r7916369
shkola-sviblovo;Школа «Свиблово»;да;Городская;Лучшая в районе;Школа Свиблово, корпус 17;55.855666;37.640752;OpenStreetMap, корпус;w1211782481
shkola-prava-i-ekonomiki;Школа права и экономики;да;Городская;;Школа права и экономики;55.783110;37.081152;OpenStreetMap, корпус;r11038496
shkola-109;Школа № 109;да;Городская;;Школа №109. Начальная школа;55.642747;37.478596;OpenStreetMap, корпус;w165254299
shkola-109;Школа № 109;да;Городская;;Школа №109. Основная школа;55.640701;37.475383;OpenStreetMap, корпус;r13051973
shkola-1238;Школа № 1238;да;Городская;Лучшая в районе;Школа № 1238;55.645303;37.345636;OpenStreetMap, корпус;r6359928
shkola-1273;Школа № 1273;да;Городская;;Школа № 1273. Корпус школьного образования №6;55.627557;37.524141;OpenStreetMap, корпус;w51357392
shkola-1273;Школа № 1273;да;Городская;;Школа № 1273. Корпус школьного образования №1;55.629341;37.522802;OpenStreetMap, корпус;r3325183
shkola-1273;Школа № 1273;да;Городская;;Школа № 1273. Корпус школьного образования №2;55.628275;37.522298;OpenStreetMap, корпус;r3500635
shkola-1347;Школа № 1347;да;Городская;;Школа № 1347. Корпус школьного образования № 9;55.663618;37.424589;OpenStreetMap, корпус;r13438594
shkola-1347;Школа № 1347;да;Городская;;Школа №1347;55.657889;37.406603;OpenStreetMap, корпус;w245019619
shkola-1347;Школа № 1347;да;Городская;;ГБОУ СОШ №1347, школьное отделение №1;55.657621;37.409046;OpenStreetMap, корпус;r6007331
shkola-1367;Школа № 1367;да;Городская;;Школа №1367;55.713791;37.741150;OpenStreetMap, корпус;w48337556
shkola-1367;Школа № 1367;да;Городская;;Школа №1367;55.714703;37.752537;OpenStreetMap, корпус;r2699561
shkola-1420;Школа № 1420;да;Городская;;Центр образования №1420;55.700979;37.815197;OpenStreetMap, корпус;w29386753
shkola-1454-timiryazevskaya;Школа № 1454 «Тимирязевская»;да;Городская;;Школа № 1454 «Тимирязевская»;55.812504;37.560556;OpenStreetMap, корпус;w83147494
shkola-1454-timiryazevskaya;Школа № 1454 «Тимирязевская»;да;Городская;;"ГБОУ ""Школа № 1454 ""Тимирязевская""";55.834372;37.560832;OpenStreetMap, корпус;w108295810
shkola-1454-timiryazevskaya;Школа № 1454 «Тимирязевская»;да;Городская;;Школа № 1454 «Тимирязевская»;55.824126;37.567590;OpenStreetMap, корпус;w114553687
shkola-1454-timiryazevskaya;Школа № 1454 «Тимирязевская»;да;Городская;;Школа № 1454;55.813735;37.568699;OpenStreetMap, корпус;w319196606
shkola-1454-timiryazevskaya;Школа № 1454 «Тимирязевская»;да;Городская;;Школа № 1454 «Тимирязевская»;55.833288;37.570091;OpenStreetMap, корпус;w605601044
shkola-1454-timiryazevskaya;Школа № 1454 «Тимирязевская»;да;Городская;;"Школа № 1454 ""Тимирязевская"". ШОП ""Дмитровская 37""";55.830381;37.570167;OpenStreetMap, корпус;w1475463917
shkola-1505-preobrazhenskaya;Школа № 1505 «Преображенская»;да;Городская;Лучшая в районе;Школа № 1505 «Преображенская»;55.795487;37.728312;OpenStreetMap, корпус;w60335496
shkola-1505-preobrazhenskaya;Школа № 1505 «Преображенская»;да;Городская;Лучшая в районе;Школа №1505 (начальное);55.796954;37.738433;OpenStreetMap, корпус;w178441148
shkola-1505-preobrazhenskaya;Школа № 1505 «Преображенская»;да;Городская;Лучшая в районе;Школа № 1505 «Преображенская»;55.791712;37.725759;OpenStreetMap, корпус;w1059618927
shkola-1505-preobrazhenskaya;Школа № 1505 «Преображенская»;да;Городская;Лучшая в районе;"Школа №1505 ""Преображенская""";55.803973;37.735452;OpenStreetMap, корпус;n8715324604
shkola-1505-preobrazhenskaya;Школа № 1505 «Преображенская»;да;Городская;Лучшая в районе;"Школа №1505 ""Преображенская""";55.800817;37.737962;OpenStreetMap, корпус;n8715324619
shkola-1564-im-a-p-beloborodova;Школа № 1564 им. А.П. Белобородова;да;Городская;;Школа № 1564 имени Героя Советского Союза А.П. Белобородова. Здание № 3;55.828130;37.349025;OpenStreetMap, корпус;w189363109
shkola-1564-im-a-p-beloborodova;Школа № 1564 им. А.П. Белобородова;да;Городская;;Школа № 1564 имени Героя Советского Союза А.П. Белобородова. Здание № 2;55.832031;37.353932;OpenStreetMap, корпус;w238849642
shkola-1564-im-a-p-beloborodova;Школа № 1564 им. А.П. Белобородова;да;Городская;;Лицей № 1564 имени Героя Советского Союза А.П. Белобородова. Здание № 1;55.830101;37.360312;OpenStreetMap, корпус;r8671077
shkola-1570;Школа № 1570;да;Городская;Лучшая в районе;Гимназия №1570;55.789354;37.577302;OpenStreetMap, корпус;r3370903
shkola-1955;Школа № 1955;да;Городская;Лучшая в районе;Школа №1955;55.884949;37.683116;OpenStreetMap, корпус;w95951840
shkola-1955;Школа № 1955;да;Городская;Лучшая в районе;Школа №1955 ШО 3;55.880289;37.691317;OpenStreetMap, корпус;r3201223
shkola-1955;Школа № 1955;да;Городская;Лучшая в районе;Школа №1955 ШО 2;55.879547;37.688428;OpenStreetMap, корпус;r19913594
shkola-2006;Школа № 2006;да;Городская;Лучшая в районе;Школа №2006;55.566228;37.582031;OpenStreetMap, корпус;w64711584
shkola-41-im-g-a-tarana;Школа № 41 им. Г.А. Тарана;да;Городская;Лучшая в районе;адрес из базы;55.621370;37.214530;адрес из базы;
shkola-2072;Школа № 2072;да;Городская;;Гимназия №2072 Корпус средней школы;55.746431;37.792748;OpenStreetMap, корпус;w29446059
shkola-2072;Школа № 2072;да;Городская;;Гимназия №2072 Корпус младшей школы;55.747582;37.793232;OpenStreetMap, корпус;w29446060
shkola-2072;Школа № 2072;да;Городская;;Школа № 2072;55.743287;37.803532;OpenStreetMap, корпус;r4217693
litsey-prezidentskoy-akademii-ranhigs;Лицей Президентской академии РАНХиГС;да;Вузовская;;адрес: пр-т Вернадского, д. 98;55.651650;37.472210;адрес из базы;
shkola-v-nekrasovke;Школа в Некрасовке;да;Городская;;адрес из базы;55.688020;37.923370;адрес из базы;
shkola-1018;Школа № 1018;да;Городская;;Школа №1018;55.641231;37.350826;OpenStreetMap, корпус;w48799893
shkola-1034-im-v-v-markina;Школа № 1034 им. В.В. Маркина;да;Городская;Лучшая в районе;Школа №1034;55.632994;37.758011;OpenStreetMap, корпус;w106182903
shkola-1034-im-v-v-markina;Школа № 1034 им. В.В. Маркина;да;Городская;Лучшая в районе;Школа № 1034;55.631540;37.758468;OpenStreetMap, корпус;w106535939
shkola-1234;Школа № 1234;да;Городская;;Школа №1234;55.753581;37.590266;OpenStreetMap, корпус;r4742204
shkola-1234;Школа № 1234;да;Городская;;Школа № 1234;55.751329;37.580954;OpenStreetMap, корпус;w411734363
shkola-1234;Школа № 1234;да;Городская;;Школа № 1234. Начальная школа;55.756289;37.585227;OpenStreetMap, корпус;r6698209
shkola-1234;Школа № 1234;да;Городская;;Школа с углубленным изучением отдельных предметов № 1234;55.765181;37.601383;OpenStreetMap, корпус;r7156736
shkola-1279-evrika;Школа № 1279 «Эврика»;да;Городская;;Школа № 1279;55.660164;37.597405;OpenStreetMap, корпус;w147043594
shkola-1279-evrika;Школа № 1279 «Эврика»;да;Городская;;Школа № 1279;55.663313;37.603483;OpenStreetMap, корпус;w205498865
shkola-1279-evrika;Школа № 1279 «Эврика»;да;Городская;;Школа № 1279;55.661284;37.594173;OpenStreetMap, корпус;w379502769
shkola-1279-evrika;Школа № 1279 «Эврика»;да;Городская;;Школа №1279;55.660311;37.606240;OpenStreetMap, корпус;w498121462
shkola-1358;Школа № 1358;да;Городская;;Школа № 1358, школьный корпус 1;55.856861;37.346321;OpenStreetMap, корпус;w327673877
shkola-1358;Школа № 1358;да;Городская;;Школа № 1358. Школьный корпус 3;55.854580;37.345883;OpenStreetMap, корпус;r4581790
shkola-1358;Школа № 1358;да;Городская;;Школа № 1358. Школьный корпус 2;55.855267;37.344073;OpenStreetMap, корпус;r4581791
shkola-1573;Школа № 1573;да;Городская;;Гимназия №1573;55.906599;37.552697;OpenStreetMap, корпус;w137205833
shkola-1591;Школа № 1591;да;Городская;;Школа №1591 1 корпус;55.741704;37.872520;OpenStreetMap, корпус;w92652365
shkola-1591;Школа № 1591;да;Городская;;Школа №1591 3 корпус;55.741665;37.874395;OpenStreetMap, корпус;w92652368
shkola-1591;Школа № 1591;да;Городская;;Школа №1591 2 корпус;55.743904;37.870328;OpenStreetMap, корпус;w92829150
shkola-1793-im-a-k-novikova;Школа № 1793 им. А.К. Новикова;да;Городская;;ГБОУ СОШ №1793 СП1;55.683908;37.847861;OpenStreetMap, корпус;w29547281
shkola-1793-im-a-k-novikova;Школа № 1793 им. А.К. Новикова;да;Городская;;Школа № 1793;55.689543;37.850139;OpenStreetMap, корпус;w55133845
shkola-1793-im-a-k-novikova;Школа № 1793 им. А.К. Новикова;да;Городская;;ГБОУ СОШ № 1793 СП2;55.686991;37.846681;OpenStreetMap, корпус;w245966667
shkola-2010-im-m-p-sudakova;Школа № 2010 им. М.П. Судакова;да;Городская;Лучшая в районе;Центр образования №2010;55.667303;37.748429;OpenStreetMap, корпус;w34329690
shkola-2010-im-m-p-sudakova;Школа № 2010 им. М.П. Судакова;да;Городская;Лучшая в районе;Центр образования №2010;55.669357;37.760662;OpenStreetMap, корпус;w34329698
shkola-2010-im-m-p-sudakova;Школа № 2010 им. М.П. Судакова;да;Городская;Лучшая в районе;Центр образования №2010;55.672475;37.764159;OpenStreetMap, корпус;w331445728
shkola-2025;Школа № 2025;да;Городская;;"ГБОУ ""Школа №2025"" СП №1";55.677490;37.446005;OpenStreetMap, корпус;w85827436
shkola-2025;Школа № 2025;да;Городская;;Школа № 2025;55.675359;37.448149;OpenStreetMap, корпус;w377708654
shkola-2025;Школа № 2025;да;Городская;;Школа № 2025. Здание 3;55.674402;37.454791;OpenStreetMap, корпус;w683111302
shkola-2117;Школа № 2117;да;Городская;;адрес из базы;55.511990;37.570230;адрес из базы;
shkola-654-im-a-d-fridmana;Школа № 654 им. А.Д. Фридмана;да;Городская;Лучшая в районе;Школа № 654 им. А. Д. Фридмана, корпус 3;55.695688;37.749849;OpenStreetMap, корпус;w491821617
shkola-654-im-a-d-fridmana;Школа № 654 им. А.Д. Фридмана;да;Городская;Лучшая в районе;Школа №654 имени А. Д. Фридмана. Учебный корпус №2;55.701107;37.744605;OpenStreetMap, корпус;w1095563381
shkola-654-im-a-d-fridmana;Школа № 654 им. А.Д. Фридмана;да;Городская;Лучшая в районе;Школа №654 имени А. Д. Фридмана. Учебный корпус №1;55.697931;37.739829;OpenStreetMap, корпус;w1096324034
shkola-654-im-a-d-fridmana;Школа № 654 им. А.Д. Фридмана;да;Городская;Лучшая в районе;Школа №654 имени А. Д. Фридмана. Учебный корпус №4;55.694833;37.736238;OpenStreetMap, корпус;n1443307436
shkola-667-im-k-ya-samsonova;Школа № 667 им. К.Я. Самсонова;да;Городская;Лучшая в районе;Школа № 667. Корпус школьного образования №2;55.577832;37.645683;OpenStreetMap, корпус;w81661230
shkola-667-im-k-ya-samsonova;Школа № 667 им. К.Я. Самсонова;да;Городская;Лучшая в районе;Школа № 667. Корпус школьного образования №1;55.578357;37.645094;OpenStreetMap, корпус;w432340484
shkola-667-im-k-ya-samsonova;Школа № 667 им. К.Я. Самсонова;да;Городская;Лучшая в районе;Школа № 667. Корпус школьного образования №3;55.577317;37.654675;OpenStreetMap, корпус;w709580245
shkola-667-im-k-ya-samsonova;Школа № 667 им. К.Я. Самсонова;да;Городская;Лучшая в районе;Школа № 667. Корпус школьного образования №4;55.583793;37.642704;OpenStreetMap, корпус;r13549475
shkola-667-im-k-ya-samsonova;Школа № 667 им. К.Я. Самсонова;да;Городская;Лучшая в районе;Школа № 667. Корпус школьного образования №5;55.584626;37.641751;OpenStreetMap, корпус;r13549477
shkola-814;Школа № 814;да;Городская;;Школа № 814. Учебный корпус № 1;55.706865;37.474303;OpenStreetMap, корпус;w118013507
shkola-814;Школа № 814;да;Городская;;ГБОУ школа № 814 Учебный корпус 2;55.707924;37.475947;OpenStreetMap, корпус;w118037514
shkola-814;Школа № 814;да;Городская;;Школа № 814. Корпус 5;55.714078;37.481884;OpenStreetMap, корпус;w674812006
shkola-814;Школа № 814;да;Городская;;Школа № 814;55.705373;37.465198;OpenStreetMap, корпус;w271091464
shkola-853;Школа № 853;да;Городская;Лучшая в районе;адрес из базы;55.985180;37.190490;адрес из базы;
shkola-im-artema-borovika;Школа им. Артёма Боровика;да;Городская;;Гимназия №1562 им. Артема Боровика;55.665391;37.750824;OpenStreetMap, корпус;w129357954
shkola-1000;Школа № 1000;да;Городская;;Школа № 1000. Корпус школьного образования «Татьянин Парк»;55.654749;37.428495;OpenStreetMap, корпус;r15634133
shkola-1000;Школа № 1000;да;Городская;;Школа №1000;55.657860;37.390697;OpenStreetMap, корпус;w260726337
shkola-1150-im-k-k-rokossovskogo;Школа № 1150 им. К.К. Рокоссовского;да;Городская;;адрес из базы;55.975140;37.153490;адрес из базы;
shkola-1195-im-p-i-merenkova;Школа № 1195 им. П.И. Меренкова;да;Городская;;ГБОУ Школа №1195;55.717034;37.419666;OpenStreetMap, корпус;w300230931
shkola-1195-im-p-i-merenkova;Школа № 1195 им. П.И. Меренкова;да;Городская;;ГБОУ Школа №1195;55.716505;37.416842;OpenStreetMap, корпус;r3993017
shkola-1208-im-m-s-shumilova;Школа № 1208 им. М.С. Шумилова;да;Городская;Лучшая в районе;Школа № 1208 имени Героя Советского Союза М.С. Шумилова. Корпус № 3;55.708512;37.776205;OpenStreetMap, корпус;r11187073
shkola-1208-im-m-s-shumilova;Школа № 1208 им. М.С. Шумилова;да;Городская;Лучшая в районе;Школа №1208 им. Героя Советского Союза М.С. Шумилова;55.698775;37.784896;OpenStreetMap, корпус;w645707237
shkola-1208-im-m-s-shumilova;Школа № 1208 им. М.С. Шумилова;да;Городская;Лучшая в районе;Школа № 1208 имени Героя Советского Союза М.С. Шумилова. Корпус № 1;55.707759;37.771235;OpenStreetMap, корпус;n1599296100
shkola-1208-im-m-s-shumilova;Школа № 1208 им. М.С. Шумилова;да;Городская;Лучшая в районе;Школа № 1208 имени Героя Советского Союза М.С. Шумилова. Корпус № 4;55.707191;37.771041;OpenStreetMap, корпус;n3139685557
shkola-1286;Школа № 1286;да;Городская;;Школа №1286 корпус №106;55.855470;37.430190;OpenStreetMap, корпус;w113778878
shkola-1286;Школа № 1286;да;Городская;;Школа №1286 корпус №680;55.852795;37.430131;OpenStreetMap, корпус;r14305173
shkola-1286;Школа № 1286;да;Городская;;Школа №1286. Корпус №173;55.854578;37.423847;OpenStreetMap, корпус;r14352280
shkola-1286;Школа № 1286;да;Городская;;Школа № 1286;55.857112;37.425878;OpenStreetMap, корпус;w113778879
shkola-1353-im-d-f-alekseeva;Школа № 1353 им. Д.Ф. Алексеева;да;Городская;Лучшая в районе;адрес из базы;55.993080;37.193010;адрес из базы;
shkola-1371-krylatskoe;Школа № 1371 «Крылатское»;да;Городская;;Школа №1371 «Крылатское»;55.760428;37.404484;OpenStreetMap, корпус;r15000688
shkola-1371-krylatskoe;Школа № 1371 «Крылатское»;да;Городская;;"Школа № 1371 ""Крылатское""";55.762728;37.413124;OpenStreetMap, корпус;r14372267
shkola-1391;Школа № 1391;да;Городская;Лучшая в районе;примерно: здание по номеру;55.534260;37.164230;примерно: здание по номеру;
shkola-1411;Школа № 1411;да;Городская;;Школа №1411 (СП-761);55.868656;37.596024;OpenStreetMap, корпус;w83686971
shkola-1411;Школа № 1411;да;Городская;;Школа №1411;55.866920;37.600749;OpenStreetMap, корпус;w386178150
shkola-1512-im-alii-moldagulovoy;Школа № 1512 им. Алии Молдагуловой;да;Городская;Лучшая в районе;Гимназия №1512;55.718542;37.830331;OpenStreetMap, корпус;w56759689
shkola-1552;Школа № 1552;да;Городская;;Школа № 1552, здание №2;55.624908;37.744903;OpenStreetMap, корпус;w112610217
shkola-1552;Школа № 1552;да;Городская;;Школа № 1552, здание №1;55.619745;37.747021;OpenStreetMap, корпус;w140042487
shkola-1552;Школа № 1552;да;Городская;;Школа № 1552, здание №3;55.617846;37.746911;OpenStreetMap, корпус;w140042489
shkola-1552;Школа № 1552;да;Городская;;Школа № 1552, здание №4;55.616941;37.747276;OpenStreetMap, корпус;w140042493
shkola-1554;Школа № 1554;да;Городская;;Школа № 1554. Школьное отделение 1/2;55.865942;37.611724;OpenStreetMap, корпус;w661148271
shkola-1554;Школа № 1554;да;Городская;;Школа № 1554. Школьное отделение 2;55.865550;37.609745;OpenStreetMap, корпус;w709231669
shkola-1554;Школа № 1554;да;Городская;;Школа №1554 ШО4;55.865280;37.619560;OpenStreetMap, корпус;r9866094
shkola-1554;Школа № 1554;да;Городская;;Гимназия №1554;55.864528;37.623498;OpenStreetMap, корпус;w709647798
shkola-1554;Школа № 1554;да;Городская;;Школа № 1554. Школьное отделение 1;55.864552;37.613245;OpenStreetMap, корпус;r20798419
shkola-1561;Школа № 1561;да;Городская;Лучшая в районе;Школа №1561, корпус 2;55.599695;37.542412;OpenStreetMap, корпус;w154430931
shkola-1561;Школа № 1561;да;Городская;Лучшая в районе;Школа № 1561. Корпус №3;55.600202;37.533660;OpenStreetMap, корпус;w329535556
shkola-1561;Школа № 1561;да;Городская;Лучшая в районе;Школа № 1561. Корпус №1;55.600703;37.537433;OpenStreetMap, корпус;w329630118
shkola-1561;Школа № 1561;да;Городская;Лучшая в районе;Школа № 1561. Начальная школа - корпус №10;55.603115;37.538256;OpenStreetMap, корпус;w332446076
shkola-1561;Школа № 1561;да;Городская;Лучшая в районе;Школа №1561, начальная школа, корпус 4;55.602017;37.543947;OpenStreetMap, корпус;w966227926
shkola-1569-sozvezdie;Школа № 1569 «Созвездие»;да;Городская;Лучшая в районе;"Гимназия № 1569 ""Созвездие""";55.623704;37.747849;OpenStreetMap, корпус;w112610214
shkola-1569-sozvezdie;Школа № 1569 «Созвездие»;да;Городская;Лучшая в районе;Школа № 1569 «Созвездие»;55.617336;37.739250;OpenStreetMap, корпус;w182027507
shkola-1584;Школа № 1584;да;Городская;;Прогимназия №1584;55.744979;37.430166;OpenStreetMap, корпус;w38864911
shkola-1584;Школа № 1584;да;Городская;;Гимназия № 1584;55.745333;37.429332;OpenStreetMap, корпус;r1352888
shkola-1747-im-d-m-rumyantseva;Школа № 1747 им. Д.М. Румянцева;да;Городская;;Школа № 1747;55.848933;37.345072;OpenStreetMap, корпус;w341455001
shkola-1747-im-d-m-rumyantseva;Школа № 1747 им. Д.М. Румянцева;да;Городская;;Школа № 1747;55.846161;37.351194;OpenStreetMap, корпус;r9324740
shkola-1788;Школа № 1788;да;Городская;;Гимназия №1788. Отделение №10;55.634648;37.326097;OpenStreetMap, корпус;w489617035
shkola-1788;Школа № 1788;да;Городская;;адрес из базы;55.639280;37.314150;адрес из базы;
shkola-1883-butovo;Школа № 1883 «Бутово»;да;Городская;;примерно: здание по номеру;55.549710;37.547240;примерно: здание по номеру;
shkola-2033;Школа № 2033;да;Городская;;Школа №2033;55.808015;37.779568;OpenStreetMap, корпус;w185254552
shkola-2033;Школа № 2033;да;Городская;;Школа №2033;55.803403;37.777006;OpenStreetMap, корпус;r6728835
shkola-2033;Школа № 2033;да;Городская;;Школа №2033;55.806148;37.786666;OpenStreetMap, корпус;w207161871
shkola-2033;Школа № 2033;да;Городская;;Школа №2033 (средняя и старшая школа);55.807629;37.810425;OpenStreetMap, корпус;w435300297
shkola-2033;Школа № 2033;да;Городская;;Школа №2033 (начальная школа);55.805834;37.810407;OpenStreetMap, корпус;w874983433
shkola-641-im-sergeya-esenina;Школа № 641 им. Сергея Есенина;да;Городская;;Школа №641;55.705997;37.742304;OpenStreetMap, корпус;w275801691
shkola-641-im-sergeya-esenina;Школа № 641 им. Сергея Есенина;да;Городская;;Школа №641;55.704220;37.757527;OpenStreetMap, корпус;w1093229206
shkola-777-im-e-v-mihaylova;Школа № 777 им. Е.В. Михайлова;да;Городская;;Школа № 777 имени Героя Советского Союза Е. В. Михайлова. Школьный корпус на Зарайской;55.727274;37.778381;OpenStreetMap, корпус;w168992391
shkola-777-im-e-v-mihaylova;Школа № 777 им. Е.В. Михайлова;да;Городская;;Школа № 777 имени Героя Советского Союза Е. В. Михайлова. Школьный корпус на Яснополянской;55.723247;37.790370;OpenStreetMap, корпус;w879949379
shkola-777-im-e-v-mihaylova;Школа № 777 им. Е.В. Михайлова;да;Городская;;Школа № 777 имени Героя Советского Союза Е. В. Михайлова. Школьный корпус на Маёвок;55.728214;37.769502;OpenStreetMap, корпус;w880735669
shkola-777-im-e-v-mihaylova;Школа № 777 им. Е.В. Михайлова;да;Городская;;Школа № 777 имени Героя Советского Союза Е. В. Михайлова. Школьный корпус на Шатурской;55.730105;37.765588;OpenStreetMap, корпус;w881124918
shkola-777-im-e-v-mihaylova;Школа № 777 им. Е.В. Михайлова;да;Городская;;Школа № 777 имени Героя Советского Союза Е. В. Михайлова. Школьный корпус на Михайлова;55.725454;37.768240;OpenStreetMap, корпус;w881231366
shkola-777-im-e-v-mihaylova;Школа № 777 им. Е.В. Михайлова;да;Городская;;Школа № 777 имени Героя Советского Союза Е.В. Михайлова. Школьный корпус Рязанский;55.718673;37.793341;OpenStreetMap, корпус;r12704262
shkola-827;Школа № 827;да;Городская;;Школа № 827;55.852811;37.412578;OpenStreetMap, корпус;w124905643
shkola-827;Школа № 827;да;Городская;;Школа №827;55.854884;37.413468;OpenStreetMap, корпус;w400576732
shkola-947;Школа № 947;да;Городская;Лучшая в районе;Школа №947, Кадетский корпус государственной дипломатической службы им. И.А. Рогачева;55.584091;37.664691;OpenStreetMap, корпус;w122231613
shkola-947;Школа № 947;да;Городская;Лучшая в районе;Школа №947, Старшая профильная школа им. В.И. Вернадского;55.584314;37.673616;OpenStreetMap, корпус;r907686
shkola-947;Школа № 947;да;Городская;Лучшая в районе;Школа №947, Подростковая школа им. М.В. Ломоносова;55.584727;37.675014;OpenStreetMap, корпус;r907687
shkola-947;Школа № 947;да;Городская;Лучшая в районе;Школа №947, Начальная школа им. А. Эйнштейна;55.582343;37.677807;OpenStreetMap, корпус;w107547889
shkola-947;Школа № 947;да;Городская;Лучшая в районе;Школа №947, Начальная школа им Л. да Винчи;55.587898;37.667301;OpenStreetMap, корпус;w711279700
shkola-1539;Школа № 1539;да;Городская;;Гимназия №1539;55.810550;37.641841;OpenStreetMap, корпус;w92139340
shkola-887;Школа № 887;да;Городская;;Школа № 887. Учебный корпус № 3;55.736939;37.427537;OpenStreetMap, корпус;w114331077
shkola-887;Школа № 887;да;Городская;;Школа № 887. Учебный корпус № 1;55.732397;37.439454;OpenStreetMap, корпус;w1358633435
shkola-dmitrovskiy;Школа «Дмитровский»;да;Городская;Лучшая в районе;адрес из базы;55.895542;37.538290;адрес из базы;
shkola-stolitsa-kit;Школа «Столица-КИТ»;да;Частная;;Средняя общеобразовательная школа «Столичный - КИТ»;55.717235;37.614682;OpenStreetMap, корпус;w277070499
shkola-1223;Школа № 1223;да;Городская;;Школа №1223;55.838686;37.527234;OpenStreetMap, корпус;w55914705
shkola-1223;Школа № 1223;да;Городская;;Школа №1223;55.844811;37.553448;OpenStreetMap, корпус;r6718174
shkola-1250;Школа № 1250;да;Городская;Лучшая в районе;Школа №1250;55.829330;37.484674;OpenStreetMap, корпус;r11654990
shkola-1080;Школа № 1080;да;Городская;;ГБОУ Школа №1080, Школьное отделение № 5;55.809497;37.720456;OpenStreetMap, корпус;w28859009
shkola-1080;Школа № 1080;да;Городская;;Школа №1080 (школьное отделение №3);55.801691;37.721126;OpenStreetMap, корпус;w51239312
shkola-1080;Школа № 1080;да;Городская;;Школа 1080;55.804100;37.727463;OpenStreetMap, корпус;w51422970
shkola-1520-im-kaptsovyh;Школа № 1520 им. Капцовых;да;Городская;;Гимназия № 1520 им. Капцовых;55.756472;37.602975;OpenStreetMap, корпус;r9897399
shkola-1520-im-kaptsovyh;Школа № 1520 им. Капцовых;да;Городская;;Гимназия №1520 им. Капцовых;55.761057;37.604905;OpenStreetMap, корпус;r21173376
shkola-1636-nika;Школа № 1636 «НИКА»;да;Городская;;Школа №1636 здание 2;55.605668;37.730588;OpenStreetMap, корпус;w37148020
shkola-1636-nika;Школа № 1636 «НИКА»;да;Городская;;Школа №1636, здание 10;55.607791;37.738428;OpenStreetMap, корпус;w104978930
shkola-1636-nika;Школа № 1636 «НИКА»;да;Городская;;Школа №1636, здание 9;55.608543;37.737243;OpenStreetMap, корпус;w104978931
shkola-1636-nika;Школа № 1636 «НИКА»;да;Городская;;Гимназия №1636 НИКА;55.611122;37.729072;OpenStreetMap, корпус;w711388922
shkola-1636-nika;Школа № 1636 «НИКА»;да;Городская;;Школа №1636, здание 17;55.600898;37.731217;OpenStreetMap, корпус;r12110737
shkola-1799;Школа № 1799;да;Городская;;Школа № 1799. Школьный корпус;55.723371;37.605827;OpenStreetMap, корпус;r20160720
shkola-1799;Школа № 1799;да;Городская;;Школа № 1799. Школьный корпус;55.722419;37.608116;OpenStreetMap, корпус;r20314555
shkola-1799;Школа № 1799;да;Городская;;Многопрофильный лицей № 1799. СП «Школа № 19»;55.744172;37.621704;OpenStreetMap, корпус;r7500830
shkola-1799;Школа № 1799;да;Городская;;"Многопрофильный лицей № 1799. СП ""Лицей на Полянке""";55.737004;37.618066;OpenStreetMap, корпус;r7484311
shkola-2065;Школа № 2065;да;Городская;;ГБОУ Школа 2065 корпус 5;55.600815;37.360101;OpenStreetMap, корпус;r9846426
shkola-2065;Школа № 2065;да;Городская;;Школа № 2065;55.603405;37.345785;OpenStreetMap, корпус;w63096402
shkola-2101;Школа № 2101;да;Городская;;Школа № 2101;55.741599;37.477799;OpenStreetMap, корпус;w39958817
shkola-2101;Школа № 2101;да;Городская;;Школа №2101;55.736146;37.462446;OpenStreetMap, корпус;w41088549
shkola-2101;Школа № 2101;да;Городская;;Школа №2101;55.734756;37.480448;OpenStreetMap, корпус;w42170724
shkola-922;Школа № 922;да;Городская;;"Школа №922 (учебный корпус ""Ивановский"")";55.762748;37.826990;OpenStreetMap, корпус;w200141633
shkola-922;Школа № 922;да;Городская;;"Школа №922 (учебный корпус ""Терлецкий"")";55.760055;37.827356;OpenStreetMap, корпус;w582948080
inzhenerno-tehnicheskaya-shkola-im-p-r-popovicha;Инженерно-техническая школа им. П.Р. Поповича;да;Городская;;Инженерно-техническая школа им. дважды Героя Советского Союза П.Р. Поповича;55.805706;37.547952;OpenStreetMap, корпус;r7103202
inzhenerno-tehnicheskaya-shkola-im-p-r-popovicha;Инженерно-техническая школа им. П.Р. Поповича;да;Городская;;Инженерно-техническая школа имени дважды Героя Советского Союза П. Р. Поповича;55.803869;37.541503;OpenStreetMap, корпус;r10918094
inzhenerno-tehnicheskaya-shkola-im-p-r-popovicha;Инженерно-техническая школа им. П.Р. Поповича;да;Городская;;ГБОУ Инженерно-техническая школа имени дважды героя Советского Союза Павла Романовича Поповича;55.809711;37.531481;OpenStreetMap, корпус;r12380317
pervyy-moskovskiy-obrazovatelnyy-kompleks;Первый Московский образовательный комплекс;да;Городская;;Первый Московский образовательный комплекс;55.804548;37.626983;OpenStreetMap, корпус;r6253182
pervyy-moskovskiy-obrazovatelnyy-kompleks;Первый Московский образовательный комплекс;да;Городская;;Первый Московский образовательный комплекс;55.803819;37.628284;OpenStreetMap, корпус;r6253180
pervyy-moskovskiy-obrazovatelnyy-kompleks;Первый Московский образовательный комплекс;да;Городская;;Первый Московский образовательный комплекс;55.803184;37.629350;OpenStreetMap, корпус;r6253181
pervyy-moskovskiy-obrazovatelnyy-kompleks;Первый Московский образовательный комплекс;да;Городская;;Первый Московский образовательный комплекс;55.841338;37.648826;OpenStreetMap, корпус;n8899947653
shkola-1590-im-v-v-kolesnika;Школа № 1590 им. В.В. Колесника;да;Городская;;Гимназия № 1590 им. Героя Советского Союза В. В. Колесника;55.862695;37.502982;OpenStreetMap, корпус;w206362274
shkola-1590-im-v-v-kolesnika;Школа № 1590 им. В.В. Колесника;да;Городская;;Гимназия № 1590;55.859642;37.496892;OpenStreetMap, корпус;w410673515
shkola-1852;Школа № 1852;да;Городская;Лучшая в районе;Центр образования №1852;55.756048;37.779476;OpenStreetMap, корпус;w29446275
shkola-1852;Школа № 1852;да;Городская;Лучшая в районе;Центр образования №1852;55.757046;37.803347;OpenStreetMap, корпус;w41870646
shkola-315;Школа № 315;да;Городская;;Школа №315;55.782895;37.674487;OpenStreetMap, корпус;r12106667
shkola-544;Школа № 544;да;Городская;;Школа №544, корпус 3;55.602427;37.718931;OpenStreetMap, корпус;w35403477
shkola-544;Школа № 544;да;Городская;;Школа №544;55.606873;37.714644;OpenStreetMap, корпус;w35403550
shkola-544;Школа № 544;да;Городская;;Школа №544;55.596254;37.719312;OpenStreetMap, корпус;w96597535
shkola-91;Школа № 91;да;Городская;;Школа №91;55.754177;37.596980;OpenStreetMap, корпус;r4580283
veshnyakovskaya-shkola;Вешняковская школа;да;Городская;;Вешняковская школа. Школьное отделение Ж7;55.733191;37.827009;OpenStreetMap, корпус;w112688156
veshnyakovskaya-shkola;Вешняковская школа;да;Городская;;Вешняковская школа;55.741006;37.832871;OpenStreetMap, корпус;w411055126
veshnyakovskaya-shkola;Вешняковская школа;да;Городская;;Вешняковская школа. Школьное отделение Р16;55.734590;37.836533;OpenStreetMap, корпус;w411055127
veshnyakovskaya-shkola;Вешняковская школа;да;Городская;;Вешняковская школа. Отделение В2;55.736860;37.819548;OpenStreetMap, корпус;w411055128
veshnyakovskaya-shkola;Вешняковская школа;да;Городская;;Вешняковская школа. Школьное отделение К8;55.743209;37.825454;OpenStreetMap, корпус;w708833033
veshnyakovskaya-shkola;Вешняковская школа;да;Городская;;Вешняковская школа. Школьное отделение К10;55.742660;37.827938;OpenStreetMap, корпус;w708833035
izmaylovskaya-shkola-1508;Измайловская школа № 1508;да;Городская;;Школа № 1508. Корпус Софьи Ковалевской;55.801909;37.790754;OpenStreetMap, корпус;r20964124
izmaylovskaya-shkola-1508;Измайловская школа № 1508;да;Городская;;Гимназия №1508;55.792083;37.802623;OpenStreetMap, корпус;w94054910
izmaylovskaya-shkola-1508;Измайловская школа № 1508;да;Городская;;Измайловская школа № 1508;55.794060;37.796223;OpenStreetMap, корпус;w878979512
pushkinskaya-shkola-1500;Пушкинская школа № 1500;да;Городская;;Пушкинская школа № 1500. Здание на Скорняжном;55.773527;37.642467;OpenStreetMap, корпус;w176025435
pushkinskaya-shkola-1500;Пушкинская школа № 1500;да;Городская;;"Пушкинская школа № 1500. Отделение ""Сретенка""";55.769071;37.632837;OpenStreetMap, корпус;r14374244
pushkinskaya-shkola-1500;Пушкинская школа № 1500;да;Городская;;Пушкинская школа № 1500;55.780892;37.663548;OpenStreetMap, корпус;r11855555
pushkinskaya-shkola-1500;Пушкинская школа № 1500;да;Городская;;Школа «Алгоритм»;55.764775;37.633321;OpenStreetMap, корпус;r15671989
shkola-tehnologii-obucheniya;Школа «Технологии обучения»;да;Городская;;Школа «Технологии обучения». Учебный корпус № 1;55.741143;37.550254;OpenStreetMap, корпус;r18724198
shkola-tehnologii-obucheniya;Школа «Технологии обучения»;да;Городская;;i-Школа;55.799988;37.541913;OpenStreetMap, корпус;r11749425
shkola-im-v-v-mayakovskogo;Школа им. В.В. Маяковского;да;Городская;Лучшая в районе;Школа им. Маяковского. Учебный корпус «Пролетарка»;55.729435;37.666410;OpenStreetMap, корпус;w196094633
shkola-im-v-v-mayakovskogo;Школа им. В.В. Маяковского;да;Городская;Лучшая в районе;Школа №1274;55.723367;37.671354;OpenStreetMap, корпус;r2018554
shkola-1191;Школа № 1191;да;Городская;;Школа № 1191. Здание 3;55.856899;37.361248;OpenStreetMap, корпус;w852322098
shkola-1191;Школа № 1191;да;Городская;;Школа № 1191. Здание 1;55.851167;37.357773;OpenStreetMap, корпус;r11938315
shkola-1191;Школа № 1191;да;Городская;;Школа № 1191. Здание 2;55.850218;37.358583;OpenStreetMap, корпус;r11938317
shkola-1245;Школа № 1245;да;Городская;Лучшая в районе;Школа № 1245. Корпус школьного образования №3;55.603655;37.601771;OpenStreetMap, корпус;w148751530
shkola-1245;Школа № 1245;да;Городская;Лучшая в районе;Школа № 1245. Корпус школьного образования №2;55.599401;37.595472;OpenStreetMap, корпус;w396923766
shkola-1245;Школа № 1245;да;Городская;Лучшая в районе;Школа № 1245. Корпус школьного образования №1;55.599788;37.593380;OpenStreetMap, корпус;r13524468
shkola-1324;Школа № 1324;да;Городская;;Школа №1324;55.755092;37.820490;OpenStreetMap, корпус;w29689770
shkola-1324;Школа № 1324;да;Городская;;Школа № 1324;55.758755;37.823199;OpenStreetMap, корпус;w1259771713
shkola-1375;Школа № 1375;да;Городская;Лучшая в районе;Школа № 1375;55.681402;37.656667;OpenStreetMap, корпус;w59374931
shkola-1450-olimp;Школа № 1450 «Олимп»;да;Городская;Лучшая в районе;Школа № 1450 Олимп;55.658698;37.611436;OpenStreetMap, корпус;w154331611
shkola-1450-olimp;Школа № 1450 «Олимп»;да;Городская;Лучшая в районе;Школа №1450 Олимп;55.657833;37.612374;OpenStreetMap, корпус;w154331612
shkola-1450-olimp;Школа № 1450 «Олимп»;да;Городская;Лучшая в районе;Школа №1450 Олимп;55.653942;37.612335;OpenStreetMap, корпус;w287304987
shkola-1450-olimp;Школа № 1450 «Олимп»;да;Городская;Лучшая в районе;Школа № 1450 «Олимп»;55.671598;37.612509;OpenStreetMap, корпус;r19567543
shkola-1466-im-n-rushevoy;Школа № 1466 им. Н. Рушевой;да;Городская;Лучшая в районе;Школа № 1466;55.623878;37.664549;OpenStreetMap, корпус;w85642991
shkola-1466-im-n-rushevoy;Школа № 1466 им. Н. Рушевой;да;Городская;Лучшая в районе;Центр образования № 1466 имени Надежды Рушевой;55.628507;37.674062;OpenStreetMap, корпус;r2766945
shkola-1466-im-n-rushevoy;Школа № 1466 им. Н. Рушевой;да;Городская;Лучшая в районе;Школа № 1466;55.621063;37.663285;OpenStreetMap, корпус;w101830726
shkola-1466-im-n-rushevoy;Школа № 1466 им. Н. Рушевой;да;Городская;Лучшая в районе;Школа № 1466 имени Надежды Рушевой;55.620582;37.650801;OpenStreetMap, корпус;r19994244
shkola-1498-moskovskaya-mezhdunarodnaya-shkola;Школа № 1498 «Московская международная школа»;да;Городская;;Школа №1498 «ММШ-15». Корпус школьного образования;55.697813;37.510180;OpenStreetMap, корпус;w485063931
shkola-1498-moskovskaya-mezhdunarodnaya-shkola;Школа № 1498 «Московская международная школа»;да;Городская;;Школа №1498 «ММШ-23». Корпус школьного образования;55.694546;37.506344;OpenStreetMap, корпус;w943940531
shkola-1528-im-i-v-panfilova;Школа № 1528 им. И.В. Панфилова;да;Городская;;примерно: здание по номеру;55.995560;37.179050;примерно: здание по номеру;
shkola-158;Школа № 158;да;Городская;Лучшая в районе;Школа № 158. Школьное отделение № 1;55.868218;37.468435;OpenStreetMap, корпус;r14331022
shkola-158;Школа № 158;да;Городская;Лучшая в районе;Школа № 158. Школьное отделение № 4;55.867482;37.470851;OpenStreetMap, корпус;r14331021
shkola-158;Школа № 158;да;Городская;Лучшая в районе;Школа № 158. Школьное отделение № 3;55.873565;37.467346;OpenStreetMap, корпус;r14962273
shkola-158;Школа № 158;да;Городская;Лучшая в районе;Школа № 158. Школьное отделение № 2;55.873769;37.465549;OpenStreetMap, корпус;r14962274
shkola-1583-im-k-a-kerimova;Школа № 1583 им. К.А. Керимова;да;Городская;Лучшая в районе;Гимназия №1583;55.844449;37.499533;OpenStreetMap, корпус;w299334055
shkola-1583-im-k-a-kerimova;Школа № 1583 им. К.А. Керимова;да;Городская;Лучшая в районе;Школа № 1583 имени К. А. Керимова. Основная и старшая школа;55.849997;37.494015;OpenStreetMap, корпус;r19007584
shkola-1583-im-k-a-kerimova;Школа № 1583 им. К.А. Керимова;да;Городская;Лучшая в районе;Гимназия № 1583;55.854353;37.508242;OpenStreetMap, корпус;r20185202
shkola-1797-bogorodskaya;Школа № 1797 «Богородская»;да;Городская;Лучшая в районе;"ГБОУ Школа №1797 ""Богородская""";55.811876;37.715121;OpenStreetMap, корпус;w125105442
shkola-1797-bogorodskaya;Школа № 1797 «Богородская»;да;Городская;Лучшая в районе;Школа №1797;55.807417;37.712289;OpenStreetMap, корпус;w520900483
shkola-185-im-v-s-grizodubovoy;Школа № 185 им. В.С. Гризодубовой;да;Городская;;Школа № 185;55.836822;37.535430;OpenStreetMap, корпус;w555198691
shkola-1861-zagore;Школа № 1861 «Загорье»;да;Городская;;"Центр образования №1861 ""Загорье""";55.578077;37.679738;OpenStreetMap, корпус;w107423415
shkola-1900;Школа № 1900;да;Городская;;Школа №1900;55.841399;37.362350;OpenStreetMap, корпус;r8902301
shkola-1948-lingvist-m;Школа № 1948 «Лингвист-М»;да;Городская;Лучшая в районе;"Школа 1948 ""Лингвист-М""";55.664616;37.559080;OpenStreetMap, корпус;w45734683
shkola-1948-lingvist-m;Школа № 1948 «Лингвист-М»;да;Городская;Лучшая в районе;"Школа 1948 ""Лингвист-М"" (Школа 3)";55.665071;37.557565;OpenStreetMap, корпус;r535585
shkola-199;Школа № 199;да;Городская;;Школа № 199 (начальные классы);55.692492;37.566113;OpenStreetMap, корпус;r2896248
shkola-199;Школа № 199;да;Городская;;Школа №199;55.690050;37.571762;OpenStreetMap, корпус;r4681983
shkola-2030;Школа № 2030;да;Городская;;Школа № 2030;55.759996;37.555662;OpenStreetMap, корпус;r7141808
shkola-2104-na-taganke;Школа № 2104 на Таганке;да;Городская;Лучшая в районе;Школа № 2104 на Таганке. Корпус 2;55.743638;37.646296;OpenStreetMap, корпус;r15697831
shkola-2104-na-taganke;Школа № 2104 на Таганке;да;Городская;Лучшая в районе;ГБОУ Школа №2104 на Таганке;55.748128;37.652941;OpenStreetMap, корпус;w296899006
shkola-2104-na-taganke;Школа № 2104 на Таганке;да;Городская;Лучшая в районе;Школа № 2104;55.749551;37.658541;OpenStreetMap, корпус;n3008237260
shkola-2200;Школа № 2200;да;Городская;;Школа №2200 корпус 4;55.804793;37.790619;OpenStreetMap, корпус;w103267450
shkola-2200;Школа № 2200;да;Городская;;Школа №2200 корпус 1;55.807332;37.806338;OpenStreetMap, корпус;w103467375
shkola-2200;Школа № 2200;да;Городская;;Школа №2200 корпус 3;55.806090;37.796702;OpenStreetMap, корпус;w128754875
shkola-2200;Школа № 2200;да;Городская;;Школа №2200 корпус 8;55.804171;37.815393;OpenStreetMap, корпус;w874475981
shkola-2200;Школа № 2200;да;Городская;;Школа №2200 корпус 2;55.809075;37.801146;OpenStreetMap, корпус;r11913160
shkola-2200;Школа № 2200;да;Городская;;Школа №2200 корпус 9;55.808464;37.814713;OpenStreetMap, корпус;r11956021
shkola-293-im-a-t-tvardovskogo;Школа № 293 им. А.Т. Твардовского;да;Городская;;ГБОУ Школа № 293 им. А. Т. Твардовского;55.822101;37.653411;OpenStreetMap, корпус;r11778070
shkola-293-im-a-t-tvardovskogo;Школа № 293 им. А.Т. Твардовского;да;Городская;;Школа №293 имени Твардовского;55.817821;37.640425;OpenStreetMap, корпус;r17734508
shkola-507;Школа № 507;да;Городская;;Школа № 507, здание № 6 «Гимназический корпус»;55.681802;37.642770;OpenStreetMap, корпус;w73854348
shkola-507;Школа № 507;да;Городская;;Школа № 507, здание № 9 «Академический корпус»;55.676706;37.631483;OpenStreetMap, корпус;w746494190
shkola-507;Школа № 507;да;Городская;;ГБОУ школа № 507, здание № 3;55.665920;37.654577;OpenStreetMap, корпус;r2140115
shkola-507;Школа № 507;да;Городская;;ГБОУ школа № 507, здание № 9;55.672286;37.657424;OpenStreetMap, корпус;r2465066
shkola-507;Школа № 507;да;Городская;;ГБОУ школа № 507, здание № 15;55.660348;37.625012;OpenStreetMap, корпус;n6794888867
shkola-547;Школа № 547;да;Городская;;Школа № 547;55.709331;37.640360;OpenStreetMap, корпус;w88301012
shkola-547;Школа № 547;да;Городская;;Школа №547;55.709133;37.619692;OpenStreetMap, корпус;w306230576
shkola-597-novoe-pokolenie;Школа № 597 «Новое поколение»;да;Городская;;Школа №597;55.865851;37.489768;OpenStreetMap, корпус;w39505342
shkola-709-im-v-i-dolgih;Школа № 709 им. В.И. Долгих;да;Городская;;Школа №709;55.915033;37.548127;OpenStreetMap, корпус;w70954540
shkola-709-im-v-i-dolgih;Школа № 709 им. В.И. Долгих;да;Городская;;Школа №709;55.935312;37.556596;OpenStreetMap, корпус;w85312108
shkola-709-im-v-i-dolgih;Школа № 709 им. В.И. Долгих;да;Городская;;Школа №709;55.938070;37.549651;OpenStreetMap, корпус;w158516700
shkola-727;Школа № 727;да;Городская;Лучшая в районе;Школа № 727;55.827836;37.429783;OpenStreetMap, корпус;r5583519
shkola-727;Школа № 727;да;Городская;Лучшая в районе;Школа № 727;55.817597;37.427878;OpenStreetMap, корпус;r5806702
shkola-727;Школа № 727;да;Городская;Лучшая в районе;Школа № 727;55.813933;37.428032;OpenStreetMap, корпус;r21069405
shkola-771;Школа № 771;да;Городская;;Школа №771;55.882986;37.534693;OpenStreetMap, корпус;r7359504
shkola-771;Школа № 771;да;Городская;;Школа №771;55.886534;37.537341;OpenStreetMap, корпус;r7405009
shkola-924;Школа № 924;да;Городская;;Школа № 924. Корпус школьного образования;55.599654;37.617109;OpenStreetMap, корпус;w317792796
shkola-924;Школа № 924;да;Городская;;Школа № 924. Корпус школьного образования;55.592403;37.606172;OpenStreetMap, корпус;w399258980
shkola-924;Школа № 924;да;Городская;;Школа № 924. Корпус школьного образования;55.591316;37.605055;OpenStreetMap, корпус;w709588441
shkola-924;Школа № 924;да;Городская;;Школа № 924. Корпус школьного образования;55.600092;37.614948;OpenStreetMap, корпус;w711287583
shkola-924;Школа № 924;да;Городская;;Школа № 924. Корпус школьного образования;55.600633;37.610957;OpenStreetMap, корпус;w711287585
shkola-956;Школа № 956;да;Городская;;Школа №956;55.867736;37.642744;OpenStreetMap, корпус;w69728519
shkola-1101;Школа № 1101;да;Городская;;Школа № 1101. Здание 1/1;55.633416;37.477865;OpenStreetMap, корпус;w155884627
shkola-1101;Школа № 1101;да;Городская;;Школа № 1101. Здание 2/1;55.633446;37.476532;OpenStreetMap, корпус;w155884629
shkola-1101;Школа № 1101;да;Городская;;Школа № 1101. Здание 2/2;55.634710;37.487444;OpenStreetMap, корпус;w669759734
shkola-1101;Школа № 1101;да;Городская;;Школа № 1101. Здание 2/3;55.628696;37.481632;OpenStreetMap, корпус;w965961825
shkola-1210;Школа № 1210;да;Городская;;Школа №1210;55.800369;37.456760;OpenStreetMap, корпус;w108201816
shkola-1210;Школа № 1210;да;Городская;;Школа № 1210;55.793014;37.455671;OpenStreetMap, корпус;w108315230
shkola-1259;Школа № 1259;да;Городская;;Школа № 1259. Корпус школьного образования;55.731959;37.632019;OpenStreetMap, корпус;r5623081
shkola-1259;Школа № 1259;да;Городская;;Школа № 1259;55.739730;37.639842;OpenStreetMap, корпус;r9652869
shkola-1430-im-g-v-kisunko;Школа № 1430 им. Г.В. Кисунько;да;Городская;;Школа № 1430 имени Героя Социалистического Труда Г. В. Кисунько. Корпус 1;55.900617;37.578025;OpenStreetMap, корпус;w804561763
shkola-1430-im-g-v-kisunko;Школа № 1430 им. Г.В. Кисунько;да;Городская;;ГБОУ Школа №1430;55.903580;37.566880;OpenStreetMap, корпус;r7327169
shkola-1468;Школа № 1468;да;Городская;;Школа № 1468. Корпус Новорогожская 18-1;55.739873;37.686145;OpenStreetMap, корпус;w1410051513
shkola-1468;Школа № 1468;да;Городская;;Центр образования №1468;55.742777;37.680880;OpenStreetMap, корпус;w150964760
shkola-354-im-d-m-karbysheva;Школа № 354 им. Д.М. Карбышева;да;Городская;;Школа №354 имени Д.М. Карбышева ШО-1/1;55.769152;37.668041;OpenStreetMap, корпус;r11355615
shkola-354-im-d-m-karbysheva;Школа № 354 им. Д.М. Карбышева;да;Городская;;Центр образования № 354;55.769475;37.677963;OpenStreetMap, корпус;r13802230
shkola-354-im-d-m-karbysheva;Школа № 354 им. Д.М. Карбышева;да;Городская;;Школа №354 имени Д.М. Карбышева;55.771434;37.668620;OpenStreetMap, корпус;n13534217511
shkola-626-im-n-i-sats;Школа № 626 им. Н.И. Сац;да;Городская;Лучшая в районе;Школа №626;55.671931;37.589596;OpenStreetMap, корпус;w484692544
shkola-shik-16;Школа «ШИК 16»;да;Городская;Лучшая в районе;адрес из базы;55.825780;37.645560;адрес из базы;
shkola-sotrudnichestva;Школа сотрудничества;да;Городская;;Школа Сотрудничества;55.743064;37.656589;OpenStreetMap, корпус;r3951778
shkola-sotrudnichestva;Школа сотрудничества;да;Городская;;адрес из базы;55.753310;37.660010;адрес из базы;
shkola-1507;Школа № 1507;да;Городская;;Школа № 1507. Корпус школьного образования;55.632994;37.508953;OpenStreetMap, корпус;w820333794
shkola-1507;Школа № 1507;да;Городская;;Школа № 1507. Корпус школьного образования;55.626921;37.504068;OpenStreetMap, корпус;r13025525
shkola-1507;Школа № 1507;да;Городская;;Школа № 1507. Корпус школьного образования;55.630233;37.506385;OpenStreetMap, корпус;r13025527
shkola-875;Школа № 875;да;Городская;;Школа №875. Корпус школьного образования;55.663441;37.490943;OpenStreetMap, корпус;r13248115
srednyaya-shkola-znayka;Средняя школа «Знайка»;да;Городская;;Знайка;55.842114;37.531457;OpenStreetMap, корпус;w55974513
shkola-v-kapotne;Школа в Капотне;да;Городская;Лучшая в районе;"ГБОУ Школа в Капотне (Учебный корпус ""Кузнецкий"")";55.635993;37.797415;OpenStreetMap, корпус;w45256626
shkola-v-kapotne;Школа в Капотне;да;Городская;Лучшая в районе;"ГБОУ Школа в Капотне (Учебный корпус ""Боровицкий"")";55.631478;37.796819;OpenStreetMap, корпус;w1412156366
shkola-v-kapotne;Школа в Капотне;да;Городская;Лучшая в районе;"ГБОУ Школа в Капотне (Учебный корпус ""Камергерский"")";55.630292;37.796799;OpenStreetMap, корпус;w1412729707
shkola-1241-na-krasnoy-presne;Школа № 1241 «На Красной Пресне»;да;Городская;;Школа с углубленным изучением иностранного языка № 1241. Корпус № 2;55.756585;37.568108;OpenStreetMap, корпус;r9174029
shkola-1241-na-krasnoy-presne;Школа № 1241 «На Красной Пресне»;да;Городская;;Школа № 1241 «На Красной Пресне». Корпус 1;55.760114;37.563543;OpenStreetMap, корпус;r17501327
shkola-1315;Школа № 1315;да;Городская;;Школа № 1315;55.847946;37.486030;OpenStreetMap, корпус;w52025650
shkola-1315;Школа № 1315;да;Городская;;Школа №1315;55.845970;37.480733;OpenStreetMap, корпус;w103421818
shkola-1383;Школа № 1383;да;Городская;Лучшая в районе;Школа № 1383. Корпус 2;55.862537;37.565673;OpenStreetMap, корпус;w128594640
shkola-1383;Школа № 1383;да;Городская;Лучшая в районе;Школа №1383;55.857833;37.566466;OpenStreetMap, корпус;r6339397
shkola-1434-ramenki;Школа № 1434 «Раменки»;да;Городская;;Центр образования № 1434;55.690736;37.500369;OpenStreetMap, корпус;w355321688
shkola-1467;Школа № 1467;да;Городская;;Центр образования № 1467;55.639467;37.347670;OpenStreetMap, корпус;w48799882
shkola-1499-im-i-a-dokukina;Школа № 1499 им. И.А. Докукина;да;Городская;Лучшая в районе;Школа №1499;55.837100;37.642814;OpenStreetMap, корпус;w193443974
shkola-1499-im-i-a-dokukina;Школа № 1499 им. И.А. Докукина;да;Городская;Лучшая в районе;Центр образования №1499;55.835742;37.660739;OpenStreetMap, корпус;r6010660
shkola-1499-im-i-a-dokukina;Школа № 1499 им. И.А. Докукина;да;Городская;Лучшая в районе;Школа № 1499 им. И. А. Докукина;55.834457;37.644369;OpenStreetMap, корпус;r8714875
shkola-1499-im-i-a-dokukina;Школа № 1499 им. И.А. Докукина;да;Городская;Лучшая в районе;Школа №1499;55.837403;37.652969;OpenStreetMap, корпус;r12223765
shkola-1540;Школа № 1540;да;Городская;;Гимназия №1540;55.785314;37.596962;OpenStreetMap, корпус;w125849340
shkola-1540;Школа № 1540;да;Городская;;Гимназия № 1540;55.786866;37.592191;OpenStreetMap, корпус;r11268551
shkola-1551;Школа № 1551;да;Городская;;Гимназия №1551 корпус №3 (начальная школа);55.845979;37.451338;OpenStreetMap, корпус;w133408372
shkola-1551;Школа № 1551;да;Городская;;Гимназия №1551 корпус №2 (основное общее);55.845388;37.449072;OpenStreetMap, корпус;w133408558
shkola-1551;Школа № 1551;да;Городская;;Гимназия №1551 корпус №1 (полное общее и гимназическое);55.846664;37.456448;OpenStreetMap, корпус;w329291176
shkola-1551;Школа № 1551;да;Городская;;Гимназия №1551 корпус №8 (начальная школа и основное общее);55.839660;37.456660;OpenStreetMap, корпус;r14080267
shkola-1582;Школа № 1582;да;Городская;Лучшая в районе;Школа № 1582. Корпус школьного образования;55.617774;37.600809;OpenStreetMap, корпус;w284385908
shkola-1582;Школа № 1582;да;Городская;Лучшая в районе;Школа № 1582. Корпус школьного образования;55.618379;37.597180;OpenStreetMap, корпус;w400514902
shkola-1582;Школа № 1582;да;Городская;Лучшая в районе;Школа № 1582. Корпус школьного образования;55.619904;37.596843;OpenStreetMap, корпус;w401282470
shkola-1582;Школа № 1582;да;Городская;Лучшая в районе;Школа № 1582. Корпус школьного образования;55.609322;37.596836;OpenStreetMap, корпус;r13372229
shkola-1593;Школа № 1593;да;Городская;;Школа № 1593;55.770779;37.413021;OpenStreetMap, корпус;w291669723
shkola-1593;Школа № 1593;да;Городская;;Школа № 1593;55.764789;37.415019;OpenStreetMap, корпус;r18705908
shkola-1601-im-e-k-lyutikova;Школа № 1601 им. Е.К. Лютикова;да;Городская;Лучшая в районе;Цетр образования №1601;55.792702;37.573195;OpenStreetMap, корпус;w38298522
shkola-1601-im-e-k-lyutikova;Школа № 1601 им. Е.К. Лютикова;да;Городская;Лучшая в районе;Школа №1601 им. Героя Советского Союза Е. К. Лютикова;55.798253;37.559510;OpenStreetMap, корпус;w760941887
shkola-1601-im-e-k-lyutikova;Школа № 1601 им. Е.К. Лютикова;да;Городская;Лучшая в районе;ГБОУ города Москвы «Школа № 1601 имени Героя Советского Союза Е. К. Лютикова»;55.791847;37.567076;OpenStreetMap, корпус;w773586915
shkola-1601-im-e-k-lyutikova;Школа № 1601 им. Е.К. Лютикова;да;Городская;Лучшая в районе;Центр образования №1601 (начальная школа);55.797809;37.580880;OpenStreetMap, корпус;r11164803
shkola-1601-im-e-k-lyutikova;Школа № 1601 им. Е.К. Лютикова;да;Городская;Лучшая в районе;Школа № 1601 имени Героя Советского Союза Е. К. Лютикова;55.800732;37.557339;OpenStreetMap, корпус;r10545944
shkola-1619-im-m-i-tsvetaevoy;Школа № 1619 им. М.И. Цветаевой;да;Городская;;Школа №1619 им. М.И. Цветаевой;55.797520;37.404537;OpenStreetMap, корпус;w225110434
shkola-1905;Школа № 1905;да;Городская;;Школа №1905;55.682931;37.859677;OpenStreetMap, корпус;w813659869
shkola-201;Школа № 201;да;Городская;;Гимназия №201;55.821380;37.504967;OpenStreetMap, корпус;r13180366
shkola-2090-im-l-h-papernika;Школа № 2090 им. Л.Х. Паперника;да;Городская;;Школа №2090;55.714432;37.791999;OpenStreetMap, корпус;w29430157
shkola-2090-im-l-h-papernika;Школа № 2090 им. Л.Х. Паперника;да;Городская;;Школа №2090;55.714375;37.793128;OpenStreetMap, корпус;w129717682
shkola-2090-im-l-h-papernika;Школа № 2090 им. Л.Х. Паперника;да;Городская;;Школа № 2090;55.713576;37.788013;OpenStreetMap, корпус;r2102795
shkola-2090-im-l-h-papernika;Школа № 2090 им. Л.Х. Паперника;да;Городская;;Школа № 2090, структурное подразделение № 6;55.713098;37.784527;OpenStreetMap, корпус;w424822341
shkola-2090-im-l-h-papernika;Школа № 2090 им. Л.Х. Паперника;да;Городская;;Школа № 2090;55.709308;37.792452;OpenStreetMap, корпус;w1312881247
shkola-45-im-l-i-milgrama;Школа № 45 им. Л.И. Мильграма;да;Городская;;Гимназия №45;55.690785;37.579875;OpenStreetMap, корпус;r1143407
shkola-45-im-l-i-milgrama;Школа № 45 им. Л.И. Мильграма;да;Городская;;Гимназия № 45 имени Л. И. Мильграма Общеобразовательное отделение Новочеремушкинская 11а;55.686061;37.586604;OpenStreetMap, корпус;w130630559
shkola-45-im-l-i-milgrama;Школа № 45 им. Л.И. Мильграма;да;Городская;;Гимназия №45;55.685240;37.598267;OpenStreetMap, корпус;w168744868
shkola-45-im-l-i-milgrama;Школа № 45 им. Л.И. Мильграма;да;Городская;;Гимназия №45;55.691800;37.585848;OpenStreetMap, корпус;r5892824
shkola-64;Школа № 64;да;Городская;;Школа № 64;55.737055;37.414131;OpenStreetMap, корпус;n3221838129
shkola-878;Школа № 878;да;Городская;Лучшая в районе;Школа № 878. Корпус школьного образования № 4;55.611912;37.712856;OpenStreetMap, корпус;w96202738
shkola-878;Школа № 878;да;Городская;Лучшая в районе;Школа №878, отделение №1;55.609714;37.701254;OpenStreetMap, корпус;w68001687
shkola-878;Школа № 878;да;Городская;Лучшая в районе;Школа №878 отделение №3;55.616988;37.708549;OpenStreetMap, корпус;w711306802
shkola-878;Школа № 878;да;Городская;Лучшая в районе;Школа №878 отделение №2;55.613886;37.697860;OpenStreetMap, корпус;r2838632
shkola-949;Школа № 949;да;Городская;;Школа № 949 (средняя школа, здание №1);55.608861;37.753899;OpenStreetMap, корпус;w182027903
shkola-949;Школа № 949;да;Городская;;Школа №949 (начальная школа, здание №2);55.609108;37.751887;OpenStreetMap, корпус;w474041399
shkola-beskudnikovo;Школа «Бескудниково»;да;Городская;;"Школа ""Бескудниково"". Корпус 2";55.872051;37.542139;OpenStreetMap, корпус;r8361054
shkola-im-i-s-polbina;Школа им. И.С. Полбина;да;Городская;Лучшая в районе;Школа №1256 имени Героя Советского Союза И. С. Полбина (корпус 2);55.681878;37.727562;OpenStreetMap, корпус;w39651120
shkola-im-i-s-polbina;Школа им. И.С. Полбина;да;Городская;Лучшая в районе;Школа №1256 имени Героя Советского Союза И. С. Полбина (корпус 1);55.680596;37.726815;OpenStreetMap, корпус;w1408264222
shkola-im-f-m-dostoevskogo;Школа им. Ф.М. Достоевского;да;Городская;;Школа им. Ф. М. Достоевского. Учебный корпус № 10;55.659983;37.726105;OpenStreetMap, корпус;r18282668
shkola-im-f-m-dostoevskogo;Школа им. Ф.М. Достоевского;да;Городская;;Школа имени Ф. М. Достоевского;55.686516;37.751277;OpenStreetMap, корпус;w29396623
shkola-1205;Школа № 1205;да;Городская;;Школа 1205;55.676142;37.556518;OpenStreetMap, корпус;w50123064
shkola-1205;Школа № 1205;да;Городская;;Школа 1205;55.677083;37.554406;OpenStreetMap, корпус;w50123075
shkola-1205;Школа № 1205;да;Городская;;"Школа №1205 ""Единство""";55.677047;37.543737;OpenStreetMap, корпус;w628912002
shkola-1206;Школа № 1206;да;Городская;;Школа № 1206. Корпус школьного образования №9;55.615621;37.533411;OpenStreetMap, корпус;w53213796
shkola-1206;Школа № 1206;да;Городская;;Школа № 1206. Корпус школьного образования №10 «Наш дом»;55.613321;37.551922;OpenStreetMap, корпус;r13004335
shkola-1206;Школа № 1206;да;Городская;;Школа № 1206. Корпус школьного образования №1;55.611058;37.529523;OpenStreetMap, корпус;r13179274
shkola-1206;Школа № 1206;да;Городская;;Школа № 1206. Корпус школьного образования №2;55.610131;37.529002;OpenStreetMap, корпус;r13179273
shkola-1206;Школа № 1206;да;Городская;;Школа № 1206. Корпус начального образования №3 «Ресурсный центр»;55.616465;37.537303;OpenStreetMap, корпус;r13179275
shkola-1228-lefortovo;Школа № 1228 «Лефортово»;да;Городская;Лучшая в районе;Школа № 1228. Корпус № 2;55.753979;37.711273;OpenStreetMap, корпус;w372687745
shkola-1228-lefortovo;Школа № 1228 «Лефортово»;да;Городская;Лучшая в районе;Школа № 1228 с углубленным изучением английского языка. Корпус 5;55.767564;37.711803;OpenStreetMap, корпус;w482435458
shkola-1228-lefortovo;Школа № 1228 «Лефортово»;да;Городская;Лучшая в районе;Школа № 1228 Корпус № 2;55.750079;37.712713;OpenStreetMap, корпус;w482435459
shkola-1228-lefortovo;Школа № 1228 «Лефортово»;да;Городская;Лучшая в районе;Школа № 1228, корпус 1;55.740738;37.720010;OpenStreetMap, корпус;r11297320
shkola-1228-lefortovo;Школа № 1228 «Лефортово»;да;Городская;Лучшая в районе;Школа № 1228. Корпус № 4;55.763643;37.707845;OpenStreetMap, корпус;r12360702
shkola-1228-lefortovo;Школа № 1228 «Лефортово»;да;Городская;Лучшая в районе;"Школа №1228 ""Лефортово""";55.745305;37.703744;OpenStreetMap, корпус;r15284663
shkola-1246;Школа № 1246;да;Городская;Лучшая в районе;Школа №1246;55.829266;37.760566;OpenStreetMap, корпус;w188434606
shkola-1249;Школа № 1249;да;Городская;;ГБОУ Школа № 1249;55.801312;37.518154;OpenStreetMap, корпус;r8331322
shkola-1370;Школа № 1370;да;Городская;Лучшая в районе;Школа №1370 корпус 3;55.883006;37.590968;OpenStreetMap, корпус;w102000128
shkola-1370;Школа № 1370;да;Городская;Лучшая в районе;Школа № 1370. Корпус 4;55.881519;37.594143;OpenStreetMap, корпус;w103884054
shkola-1370;Школа № 1370;да;Городская;Лучшая в районе;Школа №1370 корпус 1;55.883758;37.593919;OpenStreetMap, корпус;w104531903
shkola-1370;Школа № 1370;да;Городская;Лучшая в районе;Школа №1370 корпус 2;55.884303;37.595743;OpenStreetMap, корпус;w104531904
shkola-138;Школа № 138;да;Городская;;"Школа № 138. Корпус ""Коллаж""";55.786840;37.476622;OpenStreetMap, корпус;w642492630
shkola-138;Школа № 138;да;Городская;;Лицей №138, отделение начальная школа;55.782446;37.466561;OpenStreetMap, корпус;w331403705
shkola-138;Школа № 138;да;Городская;;Лицей №138, отделение средняя школа;55.781040;37.467305;OpenStreetMap, корпус;w345628413
shkola-138;Школа № 138;да;Городская;;школа №138;55.781238;37.464572;OpenStreetMap, корпус;r18673809
shkola-1387;Школа № 1387;да;Городская;;Школа № 1387;55.904348;37.382625;OpenStreetMap, корпус;r11733301
shkola-1387;Школа № 1387;да;Городская;;Блок начальных классов школы №1387;55.910628;37.386703;OpenStreetMap, корпус;r6081995
shkola-1413;Школа № 1413;да;Городская;;Школа 1413 учебный корпус 3;55.898801;37.611814;OpenStreetMap, корпус;w28364013
shkola-1413;Школа № 1413;да;Городская;;Школа № 1413;55.896717;37.617467;OpenStreetMap, корпус;w41826342
shkola-1413;Школа № 1413;да;Городская;;ГБОУ Школа №1413 (отделение дополнительного образования);55.900888;37.609708;OpenStreetMap, корпус;r9865167
shkola-1494;Школа № 1494;да;Городская;Лучшая в районе;Школа № 1494;55.827906;37.592139;OpenStreetMap, корпус;r9093873
shkola-1494;Школа № 1494;да;Городская;Лучшая в районе;Школа № 1494;55.826021;37.600202;OpenStreetMap, корпус;r9081441
shkola-1494;Школа № 1494;да;Городская;Лучшая в районе;Школа № 1494. Классы начального, основного и среднего общего образования;55.845167;37.581877;OpenStreetMap, корпус;w690812150
shkola-1516;Школа № 1516;да;Городская;Лучшая в районе;Реконструкция школы №1516 (Основной корпус);55.816831;37.831567;OpenStreetMap, корпус;w373873844
shkola-1516;Школа № 1516;да;Городская;Лучшая в районе;Школа №1516;55.819046;37.820818;OpenStreetMap, корпус;r5573123
shkola-1519;Школа № 1519;да;Городская;;Гимназия №1519;55.809708;37.410453;OpenStreetMap, корпус;w113671707
shkola-1519;Школа № 1519;да;Городская;;Гимназия №1519;55.807777;37.412483;OpenStreetMap, корпус;w113778183
shkola-1530-shkola-lomonosova;Школа № 1530 «Школа Ломоносова»;да;Городская;Лучшая в районе;"Школа № 1530 ""Школа Ломоносова"". Школа на Егерской";55.793520;37.684724;OpenStreetMap, корпус;r10524779
shkola-1530-shkola-lomonosova;Школа № 1530 «Школа Ломоносова»;да;Городская;Лучшая в районе;Школа №1530;55.786019;37.685283;OpenStreetMap, корпус;r11208335
shkola-1530-shkola-lomonosova;Школа № 1530 «Школа Ломоносова»;да;Городская;Лучшая в районе;Гимназия №1530;55.787994;37.683494;OpenStreetMap, корпус;r11257412
shkola-1544;Школа № 1544;да;Городская;;Школа № 1544. Начальная школа;55.836173;37.359367;OpenStreetMap, корпус;w998573364
shkola-1596;Школа № 1596;да;Городская;;Гимназия 1596;55.641485;37.371612;OpenStreetMap, корпус;w55091355
shkola-1596;Школа № 1596;да;Городская;;ГБОУ Школа 1596;55.642614;37.371123;OpenStreetMap, корпус;w55091360
shkola-170-im-a-p-chehova;Школа № 170 им. А.П. Чехова;да;Городская;;Школа № 170 имени А. П. Чехова. Корпус 3.;55.650991;37.519006;OpenStreetMap, корпус;w90834744
shkola-170-im-a-p-chehova;Школа № 170 им. А.П. Чехова;да;Городская;;Школа № 170 имени А. П. Чехова. Корпус 3.;55.647208;37.523697;OpenStreetMap, корпус;w477908122
shkola-170-im-a-p-chehova;Школа № 170 им. А.П. Чехова;да;Городская;;Школа № 170 имени А. П. Чехова. Корпус 1.;55.650301;37.525347;OpenStreetMap, корпус;w964951021
shkola-1798-feniks;Школа № 1798 «Феникс»;да;Городская;;"Гимназия №1798 ""Феникс""";55.752896;37.813961;OpenStreetMap, корпус;w321358664
shkola-1798-feniks;Школа № 1798 «Феникс»;да;Городская;;"Гимназия №1798 ""Феникс""";55.753901;37.804664;OpenStreetMap, корпус;w436601516
shkola-183;Школа № 183;да;Городская;;Школа №183;55.874127;37.555872;OpenStreetMap, корпус;w33060422
shkola-1862;Школа № 1862;да;Городская;;Школа № 1862. Корпус школьного образования №4;55.650214;37.608232;OpenStreetMap, корпус;w51812359
shkola-1862;Школа № 1862;да;Городская;;Школа № 1862. Корпус школьного образования №10;55.646040;37.612130;OpenStreetMap, корпус;w288609547
shkola-1862;Школа № 1862;да;Городская;;Школа № 1862. Корпус школьного образования №5;55.651078;37.614428;OpenStreetMap, корпус;w296470165
shkola-1862;Школа № 1862;да;Городская;;Школа № 1862. Корпус школьного образования №3;55.646324;37.614465;OpenStreetMap, корпус;r13575969
shkola-1862;Школа № 1862;да;Городская;;Школа № 1862. Корпус школьного образования №2;55.648000;37.614372;OpenStreetMap, корпус;r13575970
shkola-224;Школа № 224;да;Городская;;Школа №224;55.829166;37.490923;OpenStreetMap, корпус;w28950132
shkola-224;Школа № 224;да;Городская;;Школа №224;55.837903;37.484312;OpenStreetMap, корпус;w28950143
shkola-224;Школа № 224;да;Городская;;Школа № 224;55.832591;37.502623;OpenStreetMap, корпус;r19231362
shkola-236-im-g-i-schedrina;Школа № 236 им. Г.И. Щедрина;да;Городская;;Школа №236;55.884175;37.522851;OpenStreetMap, корпус;w170334003
shkola-281;Школа № 281;да;Городская;;Школа №281;55.866589;37.670287;OpenStreetMap, корпус;r1535976
shkola-283;Школа № 283;да;Городская;;Школа № 283. Корпус № 2;55.891249;37.664321;OpenStreetMap, корпус;w35069959
shkola-283;Школа № 283;да;Городская;;Школа №283;55.889645;37.671116;OpenStreetMap, корпус;w35069960
shkola-283;Школа № 283;да;Городская;;Школа №283, отделение 7;55.886008;37.667723;OpenStreetMap, корпус;w162037559
shkola-463-im-d-n-medvedeva;Школа № 463 им. Д.Н. Медведева;да;Городская;Лучшая в районе;ГБОУ школа № 463 корпус №1;55.679377;37.672651;OpenStreetMap, корпус;w73855179
shkola-463-im-d-n-medvedeva;Школа № 463 им. Д.Н. Медведева;да;Городская;Лучшая в районе;ГБОУ школа № 463 Корпус №2;55.684234;37.681530;OpenStreetMap, корпус;w156830473
shkola-463-im-d-n-medvedeva;Школа № 463 им. Д.Н. Медведева;да;Городская;Лучшая в районе;ГБОУ школа №463, здание № 5;55.675613;37.670416;OpenStreetMap, корпус;r3049322
shkola-463-im-d-n-medvedeva;Школа № 463 им. Д.Н. Медведева;да;Городская;Лучшая в районе;Школа № 463 имени Героя Советского Союза Д.Н. Медведева;55.690061;37.668276;OpenStreetMap, корпус;w1313956567
shkola-491-marino;Школа № 491 «Марьино»;да;Городская;;Школа №491;55.648905;37.722073;OpenStreetMap, корпус;w258753558
shkola-498;Школа № 498;да;Городская;;адрес: Народная ул., д. 11;55.612759;37.788425;адрес из базы;
shkola-508;Школа № 508;да;Городская;;Школа №508;55.600527;37.655427;OpenStreetMap, корпус;w711279710
shkola-630-im-g-p-kravchenko;Школа № 630 им. Г.П. Кравченко;да;Городская;;"Школа № 630 имени дважды Героя Советского Союза Г.П. Кравченко. Здание ""На Ленинском""";55.718041;37.593177;OpenStreetMap, корпус;w32605841
shkola-630-im-g-p-kravchenko;Школа № 630 им. Г.П. Кравченко;да;Городская;;"Школа № 630 имени дважды Героя Советского Союза Г.П. Кравченко. Здание ""На Роще""";55.710291;37.612580;OpenStreetMap, корпус;w306239414
shkola-630-im-g-p-kravchenko;Школа № 630 им. Г.П. Кравченко;да;Городская;;"Школа № 630 имени дважды Героя Советского Союза Г.П. Кравченко. Здание ""На Хавской""";55.713420;37.614620;OpenStreetMap, корпус;r6890548
shkola-630-im-g-p-kravchenko;Школа № 630 им. Г.П. Кравченко;да;Городская;;"Школа № 630 имени дважды Героя Советского Союза Г.П. Кравченко. Здание ""На Мытной""";55.718595;37.616417;OpenStreetMap, корпус;w608667848
shkola-630-im-g-p-kravchenko;Школа № 630 им. Г.П. Кравченко;да;Городская;;"Школа № 630 имени дважды Героя Советского Союза Г.П. Кравченко. Здание ""На Загородке""";55.693305;37.603661;OpenStreetMap, корпус;w977876539
shkola-630-im-g-p-kravchenko;Школа № 630 им. Г.П. Кравченко;да;Городская;;"Школа № 630 имени дважды Героя Советского Союза Г.П. Кравченко. Здание ""На Варшавке""";55.696982;37.619331;OpenStreetMap, корпус;r18212679
shkola-648-im-a-g-karlova;Школа № 648 им. А.Г. Карлова;да;Городская;;Школа №648;55.855505;37.502321;OpenStreetMap, корпус;r1819916
shkola-763;Школа № 763;да;Городская;;Школа №763;55.883774;37.695088;OpenStreetMap, корпус;w95172322
shkola-851;Школа № 851;да;Городская;;Школа №851;55.629689;37.607511;OpenStreetMap, корпус;w330781480
shkola-851;Школа № 851;да;Городская;;Школа №851;55.628016;37.606254;OpenStreetMap, корпус;w330783273
shkola-902-dialog;Школа № 902 «Диалог»;да;Городская;;"Школа № 902 ""Диалог"", здание №3";55.591448;37.669532;OpenStreetMap, корпус;r1930233
shkola-902-dialog;Школа № 902 «Диалог»;да;Городская;;"Школа № 902 ""Диалог"", здание №2";55.593532;37.666070;OpenStreetMap, корпус;r1930234
shkola-902-dialog;Школа № 902 «Диалог»;да;Городская;;"Школа № 902 ""Диалог"", здание №1";55.596351;37.665442;OpenStreetMap, корпус;w711279703
shkola-904;Школа № 904;да;Городская;;ГБОУ Школа №904;55.626076;37.652722;OpenStreetMap, корпус;w98925570
shkola-904;Школа № 904;да;Городская;;Школа № 904;55.633448;37.665731;OpenStreetMap, корпус;w98943164
shkola-953;Школа № 953;да;Городская;;Школа №953, ШО 4;55.896516;37.596007;OpenStreetMap, корпус;w61724032
shkola-953;Школа № 953;да;Городская;;Школа №953, ШО 1;55.896685;37.589915;OpenStreetMap, корпус;w61733498
cambridge-international-school-cis;Cambridge International School (CIS);да;Частная;;"адрес: ул. Фестивальная, д. 7А; кампусы Сколково (пос. Заречье) и Горки";55.855730;37.473730;адрес из базы;
britanskaya-mezhdunarodnaya-shkola-bis;Британская международная школа (BIS);да;Частная;;Британская Международная школа;55.593448;37.543707;OpenStreetMap, корпус;w315006942
britanskaya-mezhdunarodnaya-shkola-bis;Британская международная школа (BIS);да;Частная;;"НОУ ""Британская международная школа""";55.672168;37.574267;OpenStreetMap, корпус;w369050718
britanskaya-mezhdunarodnaya-shkola-bis;Британская международная школа (BIS);да;Частная;;Британская Международная Школа № 2;55.818697;37.527718;OpenStreetMap, корпус;r8298825
britanskaya-mezhdunarodnaya-shkola-bis;Британская международная школа (BIS);да;Частная;;Британская Международная Школа № 1;55.826066;37.531917;OpenStreetMap, корпус;r8342560
britanskaya-mezhdunarodnaya-shkola-bis;Британская международная школа (BIS);да;Частная;;Британская Международная школа;55.604565;37.548778;OpenStreetMap, корпус;r13151520
mediko-biologicheskaya-shkola-vita;Медико-биологическая школа «Вита»;да;Городская;;"Школа ""Вита""";55.734316;37.479872;OpenStreetMap, корпус;w30049930
mezhdunarodnaya-shkola-moskvy-ism;Международная школа Москвы (ISM);да;Частная;;The International School of Moscow;55.765232;37.432978;OpenStreetMap, корпус;w48830738
mezhdunarodnaya-shkola-moskvy-ism;Международная школа Москвы (ISM);да;Частная;;"адрес: Крылатская ул., д. 12; кампус «Росинка», Красногорский р-н";55.765260;37.438810;адрес из базы;
shkola-prezident;Школа «Президент»;да;Частная;;Школа Президент;55.746359;37.234698;OpenStreetMap, корпус;w51724486
shkola-1284;Школа № 1284;да;Городская;;Школа № 1284;55.767947;37.638372;OpenStreetMap, корпус;w156334837
shkola-1284;Школа № 1284;да;Городская;;Школа №1284;55.770648;37.640158;OpenStreetMap, корпус;r9611653
shkola-2115;Школа № 2115;да;Городская;;Школа № 2115. Корпус школьного образования № 3;55.669522;37.563716;OpenStreetMap, корпус;w85282869
shkola-2115;Школа № 2115;да;Городская;;Школа № 2115. Корпус школьного образования № 1;55.672694;37.566758;OpenStreetMap, корпус;w130109360
shkola-2115;Школа № 2115;да;Городская;;Школа № 2115. Корпус школьного образования № 2;55.669558;37.571630;OpenStreetMap, корпус;w1022286575
shkola-56-imeni-akademika-v-a-legasova;Школа № 56 имени академика В. А. Легасова;да;Городская;;Школа № 56 им. академика В.А. Легасова. Корпус 2;55.745070;37.544984;OpenStreetMap, корпус;w111988381
shkola-56-imeni-akademika-v-a-legasova;Школа № 56 имени академика В. А. Легасова;да;Городская;;Школа № 56;55.746724;37.549449;OpenStreetMap, корпус;r7357058
heritage-school;Heritage School;да;Частная;;"адрес: кампус Сокольники; кампус «Ленинский»";55.799600;37.709790;адрес из базы;
wunderpark-international-school;Wunderpark International School;да;Частная;;Wunderpark International School;55.821494;37.059925;OpenStreetMap, корпус;w842448628
wunderpark-international-school;Wunderpark International School;да;Частная;;Международная школа Wunderpark;55.815075;37.036908;OpenStreetMap, корпус;n5375626463
evropeyskaya-gimnaziya;Европейская гимназия;да;Частная;;адрес: ул. Сокольнический Вал, д. 28;55.791110;37.667920;адрес из базы;
innovatsionnaya-shkola-skolka;Инновационная школа «Сколка»;да;Частная;;Сколка;55.697753;37.364466;OpenStreetMap, корпус;w1166214963
lomonosovskaya-shkola-pansion-5;Ломоносовская школа-пансион № 5;да;Частная;;Ломоносовская школа №5;55.714879;37.068073;OpenStreetMap, корпус;r12939847
romanovskaya-shkola;Романовская школа;да;Городская;;Романовская школа;55.772633;37.582171;OpenStreetMap, корпус;r1708757
romanovskaya-shkola;Романовская школа;да;Городская;;Романовская школа;55.772739;37.577854;OpenStreetMap, корпус;w358807892
romanovskaya-shkola;Романовская школа;да;Городская;;Романовская школа;55.768710;37.569632;OpenStreetMap, корпус;w383319619
romanovskaya-shkola;Романовская школа;да;Городская;;Романовская школа;55.751114;37.524010;OpenStreetMap, корпус;w441522066
romanovskaya-shkola;Романовская школа;да;Городская;;Романовская школа;55.767342;37.569541;OpenStreetMap, корпус;r7103028
shkola-sodruzhestvo;Школа «Содружество»;да;Городская;;Школа «Содружество». Учебный корпус №1;55.757511;37.701217;OpenStreetMap, корпус;r1476090
shkola-sodruzhestvo;Школа «Содружество»;да;Городская;;Школа «Содружество». Учебный корпус №3;55.763526;37.703242;OpenStreetMap, корпус;w378418006
shkola-sodruzhestvo;Школа «Содружество»;да;Городская;;Школа «Содружество». Учебный корпус №2;55.760734;37.691640;OpenStreetMap, корпус;r6319979
shkola-na-yauze;Школа на Яузе;да;Городская;;"ГБОУ СОШ № 2105 ""Школа на Яузе"" корпус №1";55.778849;37.706226;OpenStreetMap, корпус;w929277115
shkola-na-yauze;Школа на Яузе;да;Городская;;Школа на Яузе корпус 7;55.773757;37.707141;OpenStreetMap, корпус;r13057844
shkola-1056;Школа № 1056;да;Городская;;Школа № 1056;55.848124;37.444003;OpenStreetMap, корпус;w162811503
shkola-1103-im-a-v-solomatina;Школа № 1103 им. А.В. Соломатина;да;Городская;;Школа № 1103. Корпус школьного образования №6;55.606388;37.549845;OpenStreetMap, корпус;w314426206
shkola-1103-im-a-v-solomatina;Школа № 1103 им. А.В. Соломатина;да;Городская;;Школа № 1103. Корпус школьного образования №8;55.605704;37.553929;OpenStreetMap, корпус;r13151528
shkola-1103-im-a-v-solomatina;Школа № 1103 им. А.В. Соломатина;да;Городская;;Школа № 1103. Корпус школьного образования №7;55.606283;37.552227;OpenStreetMap, корпус;r13151527
shkola-1103-im-a-v-solomatina;Школа № 1103 им. А.В. Соломатина;да;Городская;;Школа № 1103. Корпус школьного образования №9;55.608153;37.542256;OpenStreetMap, корпус;r13151529
shkola-1103-im-a-v-solomatina;Школа № 1103 им. А.В. Соломатина;да;Городская;;Школа № 1103. Корпус школьного образования №10;55.607249;37.542015;OpenStreetMap, корпус;r13151530
shkola-113;Школа № 113;да;Городская;;Школа № 113. Корпус №1;55.637390;37.516491;OpenStreetMap, корпус;w262982881
shkola-113;Школа № 113;да;Городская;;Школа № 113. Корпус №2;55.642517;37.514662;OpenStreetMap, корпус;r13024797
shkola-1155;Школа № 1155;да;Городская;;Школа №1155;55.797083;37.400607;OpenStreetMap, корпус;w113778410
shkola-1173;Школа № 1173;да;Городская;;Школа №1173;55.616815;37.594599;OpenStreetMap, корпус;w377728857
shkola-118;Школа № 118;да;Городская;;Центр образования №118;55.683546;37.534533;OpenStreetMap, корпус;w143422559
shkola-118;Школа № 118;да;Городская;;Центр образования № 118;55.686904;37.529596;OpenStreetMap, корпус;n1560232958
shkola-118;Школа № 118;да;Городская;;;55.686451;37.538207;OpenStreetMap, корпус;n3741570155
shkola-118;Школа № 118;да;Городская;;;55.687149;37.539442;OpenStreetMap, корпус;n3741570172
shkola-1207;Школа № 1207;да;Городская;;Школа №1207;55.605822;37.709745;OpenStreetMap, корпус;w96018896
shkola-121;Школа № 121;да;Городская;;Школа №121;55.669696;37.549465;OpenStreetMap, корпус;r5594702
shkola-1212-schukino;Школа № 1212 «Щукино»;да;Городская;;Школа №1212;55.799148;37.487106;OpenStreetMap, корпус;w27728931
shkola-1222-im-i-h-bagramyana;Школа № 1222 им. И.Х. Баграмяна;да;Городская;Лучшая в районе;Школа №1222;55.732801;37.706234;OpenStreetMap, корпус;w443086824
shkola-1222-im-i-h-bagramyana;Школа № 1222 им. И.Х. Баграмяна;да;Городская;Лучшая в районе;Школа № 1222 имени Маршала Советского Союза И. Х. Баграмяна. Школьное отделение № 2;55.732300;37.720065;OpenStreetMap, корпус;w879568393
shkola-1222-im-i-h-bagramyana;Школа № 1222 им. И.Х. Баграмяна;да;Городская;Лучшая в районе;Школа №1222;55.731888;37.758628;OpenStreetMap, корпус;w1263868352
shkola-1236-im-s-v-milashenkova;Школа № 1236 им. С.В. Милашенкова;да;Городская;Лучшая в районе;Школа № 1236 имени С.В. Милашенкова. Учебный корпус № 963;55.825071;37.575176;OpenStreetMap, корпус;r14328396
shkola-1236-im-s-v-milashenkova;Школа № 1236 им. С.В. Милашенкова;да;Городская;Лучшая в районе;Школа с углубленным изучением иностранного языка № 1236 имени С.В. Милашенкова. Школьное Отделение №230;55.823554;37.582540;OpenStreetMap, корпус;r11698101
shkola-1236-im-s-v-milashenkova;Школа № 1236 им. С.В. Милашенкова;да;Городская;Лучшая в районе;Школа №1236;55.817598;37.582575;OpenStreetMap, корпус;r15349064
shkola-1236-im-s-v-milashenkova;Школа № 1236 им. С.В. Милашенкова;да;Городская;Лучшая в районе;Школа №1236 имени С.В.Милашенкова. Отделение №250;55.817932;37.586742;OpenStreetMap, корпус;r6981012
shkola-1248;Школа № 1248;да;Городская;;Школа № 1248. Школьное здание 2;55.721542;37.467682;OpenStreetMap, корпус;w368261204
shkola-1248;Школа № 1248;да;Городская;;Школа № 1248. Центр «Давыдково»;55.723843;37.466448;OpenStreetMap, корпус;r12994086
shkola-1248;Школа № 1248;да;Городская;;Школа № 1248. Школьное здание 1;55.725555;37.473627;OpenStreetMap, корпус;r12994102
shkola-1257;Школа № 1257;да;Городская;;Школа №1257;55.714583;37.626113;OpenStreetMap, корпус;r2785111
shkola-1272;Школа № 1272;да;Городская;;Центр образования № 1272;55.707944;37.663529;OpenStreetMap, корпус;w429116890
shkola-1282-sokolniki;Школа № 1282 «Сокольники»;да;Городская;;"Школа №1282 ""Сокольники""";55.789533;37.684772;OpenStreetMap, корпус;r10698703
shkola-1282-sokolniki;Школа № 1282 «Сокольники»;да;Городская;;"Школа № 1282 ""Сокольники"" (главное здание)";55.789715;37.669934;OpenStreetMap, корпус;r18451116
shkola-1285;Школа № 1285;да;Городская;;Школа № 1285. Школьный корпус;55.825692;37.449749;OpenStreetMap, корпус;w454743223
shkola-1285;Школа № 1285;да;Городская;;Школа №1285 структурное подразделение (начальная школа);55.833880;37.418306;OpenStreetMap, корпус;w28937892
shkola-1285;Школа № 1285;да;Городская;;Школа №1285;55.833815;37.448531;OpenStreetMap, корпус;r6498938
shkola-1285;Школа № 1285;да;Городская;;Школа №1285;55.832979;37.420068;OpenStreetMap, корпус;w642545885
shkola-1296;Школа № 1296;да;Городская;Лучшая в районе;Школа №1296;55.877320;37.562661;OpenStreetMap, корпус;w241363249
shkola-1302;Школа № 1302;да;Городская;;Школа №1302;55.807790;37.415544;OpenStreetMap, корпус;w113778184
shkola-1302;Школа № 1302;да;Городская;;Школа №1302;55.806631;37.419279;OpenStreetMap, корпус;r7935928
shkola-1352;Школа № 1352;да;Городская;;Школа №1352 (корпус на Щёлковском шс., 77А);55.813355;37.804245;OpenStreetMap, корпус;w104222879
shkola-1352;Школа № 1352;да;Городская;;Школа №1352 (корпус на Новосибирской, 8А);55.815867;37.822774;OpenStreetMap, корпус;w174679502
shkola-1352;Школа № 1352;да;Городская;;Школа №1352 (корпус на Щёлковском шс., 79А);55.813161;37.807715;OpenStreetMap, корпус;w358194039
shkola-1352;Школа № 1352;да;Городская;;Школа №1352 (корпус на Байкальской, 44);55.815254;37.814771;OpenStreetMap, корпус;w365533380
shkola-1360;Школа № 1360;да;Городская;;Школа №1360;55.815737;37.711175;OpenStreetMap, корпус;w155653703
shkola-1360;Школа № 1360;да;Городская;;адрес: Краснобогатырская ул., д. 21А;55.812665;37.701958;адрес из базы;
shkola-1374;Школа № 1374;да;Городская;;Школа №1374;55.868848;37.703787;OpenStreetMap, корпус;w168385808
shkola-1381;Школа № 1381;да;Городская;;Школа №1381 ШО 3;55.876063;37.696866;OpenStreetMap, корпус;w130753111
shkola-1381;Школа № 1381;да;Городская;;Кадетская школа №1381 ШО2;55.874006;37.696242;OpenStreetMap, корпус;w207289431
shkola-1381;Школа № 1381;да;Городская;;Школа №1381;55.872916;37.691296;OpenStreetMap, корпус;r1270065
shkola-141-im-riharda-zorge;Школа № 141 им. Рихарда Зорге;да;Городская;;Школа №141;55.778970;37.514442;OpenStreetMap, корпус;w156236175
shkola-1415-ostankino;Школа № 1415 «Останкино»;да;Городская;;Школа №1415;55.824506;37.624764;OpenStreetMap, корпус;r2108267
shkola-15;Школа № 15;да;Городская;;Школа № 15. Корпус школьного образования № 1;55.652679;37.559794;OpenStreetMap, корпус;w213490168
shkola-15;Школа № 15;да;Городская;;Школа № 15. Корпус школьного образования № 4;55.662241;37.570470;OpenStreetMap, корпус;w335195464
shkola-15;Школа № 15;да;Городская;;Школа № 15. Корпус школьного образования № 3;55.660402;37.569224;OpenStreetMap, корпус;w352135092
shkola-15;Школа № 15;да;Городская;;Школа № 15. Корпус школьного образования № 2;55.655326;37.562459;OpenStreetMap, корпус;w756873354
shkola-1515;Школа № 1515;да;Городская;;Школа №1515;55.778820;37.474300;OpenStreetMap, корпус;w119917726
shkola-1515;Школа № 1515;да;Городская;;Школа №1515;55.780461;37.477065;OpenStreetMap, корпус;w130688441
shkola-1522-im-v-i-churkina;Школа № 1522 им. В.И. Чуркина;да;Городская;;Школа №1522 им. В. И. Чуркина;55.772839;37.482173;OpenStreetMap, корпус;r1285682
shkola-1524;Школа № 1524;да;Городская;;Центр образования №1524. Корпус 3;55.689610;37.722222;OpenStreetMap, корпус;w489066386
shkola-1524;Школа № 1524;да;Городская;;Школа № 1524 к.2;55.692815;37.720356;OpenStreetMap, корпус;w78628390
shkola-1524;Школа № 1524;да;Городская;;Физико-математический лицей № 1524;55.691001;37.720006;OpenStreetMap, корпус;w202768061
shkola-1524;Школа № 1524;да;Городская;;Лицей №1524;55.674068;37.757020;OpenStreetMap, корпус;w1095562107
shkola-1526-na-pokrovskoy;Школа № 1526 на Покровской;да;Городская;;Школа № 1526. Корпус школьного образования;55.602874;37.620513;OpenStreetMap, корпус;r19991281
shkola-1527;Школа № 1527;да;Городская;;Школа № 1527 Корпус 3;55.681981;37.668233;OpenStreetMap, корпус;w34908297
shkola-1527;Школа № 1527;да;Городская;;Школа № 1527 Корпус 1;55.682470;37.668646;OpenStreetMap, корпус;w34908298
shkola-1527;Школа № 1527;да;Городская;;ГБОУ школа № 1527 Корпус 4;55.680797;37.687542;OpenStreetMap, корпус;r3049512
shkola-1527;Школа № 1527;да;Городская;;ГБОУ школа № 1527 Корпус 2;55.682100;37.687919;OpenStreetMap, корпус;w292071887
shkola-1531-im-s-k-godovikova;Школа № 1531 им. С.К. Годовикова;да;Городская;;"ГБОУ ""Школа №1531"", корпус 2";55.808584;37.631483;OpenStreetMap, корпус;r12367974
shkola-1531-im-s-k-godovikova;Школа № 1531 им. С.К. Годовикова;да;Городская;;Школа № 1531 имени С. К. Годовикова;55.803803;37.632707;OpenStreetMap, корпус;w400761385
shkola-1598;Школа № 1598;да;Городская;;Школа №1598. Здание №4;55.828365;37.821452;OpenStreetMap, корпус;w117348087
shkola-1598;Школа № 1598;да;Городская;;Школа №1598. Здание №5;55.828100;37.818049;OpenStreetMap, корпус;w117348099
shkola-1598;Школа № 1598;да;Городская;;Школа №1598. Здание №6;55.828018;37.814292;OpenStreetMap, корпус;w167637695
shkola-1598;Школа № 1598;да;Городская;;Школа №1598. Здание №2;55.818513;37.829237;OpenStreetMap, корпус;r5573122
shkola-1598;Школа № 1598;да;Городская;;Школа №1598. Здание №3;55.824840;37.827861;OpenStreetMap, корпус;r9170799
shkola-1598;Школа № 1598;да;Городская;;Школа №1598. Здание №1;55.824548;37.829827;OpenStreetMap, корпус;r9170800
shkola-167-im-l-a-govorova;Школа № 167 им. Л.А. Говорова;да;Городская;;Школа №167;55.860602;37.479311;OpenStreetMap, корпус;w198660320
shkola-1741;Школа № 1741;да;Городская;;Школа №1741;55.666600;37.455436;OpenStreetMap, корпус;w272980138
shkola-1770;Школа № 1770;да;Городская;;Школа № 1770. Корпус школьного образования «Фрегат»;55.682453;37.695801;OpenStreetMap, корпус;w609317059
shkola-1770;Школа № 1770;да;Городская;;Кадетская школа №1770;55.686105;37.689027;OpenStreetMap, корпус;w34908295
shkola-1770;Школа № 1770;да;Городская;;Школа №1770;55.689674;37.688798;OpenStreetMap, корпус;w596216286
shkola-1770;Школа № 1770;да;Городская;;адрес: Коломенская наб., д. 20;55.676149;37.695858;адрес из базы;
shkola-1794-im-a-s-chufistova;Школа № 1794 им. А.С. Чуфистова;да;Городская;;Школа № 1794. Здание 10;55.872537;37.566596;OpenStreetMap, корпус;w148175701
shkola-1794-im-a-s-chufistova;Школа № 1794 им. А.С. Чуфистова;да;Городская;;Школа с углубленным изучением отдельных предметов № 1794. Здание 12;55.861073;37.570818;OpenStreetMap, корпус;w197131575
shkola-1794-im-a-s-chufistova;Школа № 1794 им. А.С. Чуфистова;да;Городская;;ГБОУ Школа 1794 здание 9;55.876256;37.563259;OpenStreetMap, корпус;w241362470
shkola-1794-im-a-s-chufistova;Школа № 1794 им. А.С. Чуфистова;да;Городская;;Школа № 1794. Здание 8;55.870156;37.567659;OpenStreetMap, корпус;r6618015
shkola-1794-im-a-s-chufistova;Школа № 1794 им. А.С. Чуфистова;да;Городская;;Школа № 1794. Здание 7;55.869654;37.565836;OpenStreetMap, корпус;r6618014
shkola-1795-losinoostrovskaya;Школа № 1795 «Лосиноостровская»;да;Городская;;адрес: Открытое ш., д. 23А;55.827252;37.752991;адрес из базы;
shkola-1874;Школа № 1874;да;Городская;;Школа №1874;55.803192;37.462925;OpenStreetMap, корпус;w44167824
shkola-1874;Школа № 1874;да;Городская;;Центр Образования №1874 (Начальная школа);55.805302;37.467391;OpenStreetMap, корпус;w151230707
shkola-1935-im-v-i-kuznetsova;Школа № 1935 им. В.И. Кузнецова;да;Городская;;Школа №1935;55.680972;37.855057;OpenStreetMap, корпус;w246261497
shkola-1935-im-v-i-kuznetsova;Школа № 1935 им. В.И. Кузнецова;да;Городская;;БНК №1935;55.680703;37.856439;OpenStreetMap, корпус;w421270900
shkola-1945-sinyaya-ptitsa;Школа № 1945 «Синяя птица»;да;Городская;;Школа №1945;55.570661;37.584651;OpenStreetMap, корпус;w226351350
shkola-1985;Школа № 1985;да;Городская;;Школа №1985;55.886971;37.391638;OpenStreetMap, корпус;w95239736
shkola-1987;Школа № 1987;да;Городская;;Школа № 1987. Начальная школа;55.659735;37.775803;OpenStreetMap, корпус;w51675683
shkola-1987;Школа № 1987;да;Городская;;Школа № 1987. Основная школа;55.660569;37.776357;OpenStreetMap, корпус;w187243714
shkola-1995;Школа № 1995;да;Городская;Лучшая в районе;Школа №1995;55.645929;37.498474;OpenStreetMap, корпус;w198366833
shkola-1998-lukomore;Школа № 1998 «Лукоморье»;да;Городская;;Центр образования №1998;55.634486;37.742286;OpenStreetMap, корпус;w45981684
shkola-2001;Школа № 2001;да;Городская;;Школа №2001;55.591159;37.639960;OpenStreetMap, корпус;w709580272
shkola-2103;Школа № 2103;да;Городская;;Школа № 2103. Корпус школьного образования №3;55.604832;37.517533;OpenStreetMap, корпус;w286584497
shkola-2103;Школа № 2103;да;Городская;;Школа № 2103. Корпус школьного образования №1;55.606679;37.516923;OpenStreetMap, корпус;w286584498
shkola-2103;Школа № 2103;да;Городская;;Школа № 2103. Корпус школьного образования №2;55.605839;37.517233;OpenStreetMap, корпус;w286584499
shkola-2103;Школа № 2103;да;Городская;;Школа № 2103. Корпус школьного образования №5;55.607154;37.520526;OpenStreetMap, корпус;w286584500
shkola-2116-zyablikovo;Школа № 2116 «Зябликово»;да;Городская;;Школа № 2116, школьное отделение № 2;55.617995;37.751224;OpenStreetMap, корпус;w140042486
shkola-2116-zyablikovo;Школа № 2116 «Зябликово»;да;Городская;;Школа № 2116, Классика;55.620465;37.749701;OpenStreetMap, корпус;w140042488
shkola-2116-zyablikovo;Школа № 2116 «Зябликово»;да;Городская;;Школа № 2116, школьное отделение № 1;55.620504;37.754870;OpenStreetMap, корпус;w182028222
shkola-2116-zyablikovo;Школа № 2116 «Зябликово»;да;Городская;;Школа № 2116, школьное отделение № 3;55.621088;37.756764;OpenStreetMap, корпус;w182028223
shkola-2121-im-s-k-kurkotkina;Школа № 2121 им. С.К. Куркоткина;да;Городская;;Школа №2121 – школьный корпус №1;55.684574;37.753985;OpenStreetMap, корпус;w156378577
shkola-2121-im-s-k-kurkotkina;Школа № 2121 им. С.К. Куркоткина;да;Городская;;Центр образования №2121-начальная школа;55.679743;37.752003;OpenStreetMap, корпус;w1097682346
shkola-2121-im-s-k-kurkotkina;Школа № 2121 им. С.К. Куркоткина;да;Городская;;Центр образования №2121;55.678635;37.752098;OpenStreetMap, корпус;w1097682347
shkola-2126-perovo;Школа № 2126 «Перово»;да;Городская;;"Школа № 2126 ""Перово""";55.742877;37.759354;OpenStreetMap, корпус;w40793349
shkola-2126-perovo;Школа № 2126 «Перово»;да;Городская;;"Школа № 2126 ""Перово""";55.742615;37.762425;OpenStreetMap, корпус;w54255822
shkola-2126-perovo;Школа № 2126 «Перово»;да;Городская;;"Школа № 2126 ""Перово""";55.741412;37.762521;OpenStreetMap, корпус;w333533055
shkola-2129-im-p-i-romanova;Школа № 2129 им. П.И. Романова;да;Городская;;ГБОУ Школа № 2129 ШО № 1;55.700198;37.682755;OpenStreetMap, корпус;w195523838
shkola-2129-im-p-i-romanova;Школа № 2129 им. П.И. Романова;да;Городская;;"ГБОУ Школа № 2129 ШО ""Начальная школа""";55.703805;37.681246;OpenStreetMap, корпус;w195529430
shkola-2129-im-p-i-romanova;Школа № 2129 им. П.И. Романова;да;Городская;;ГБОУ Школа № 2129 ШО №2;55.706335;37.672247;OpenStreetMap, корпус;w284423448
shkola-2129-im-p-i-romanova;Школа № 2129 им. П.И. Романова;да;Городская;;ГБОУ Школа № 2129 ШО для детей с ОВЗ;55.705629;37.672203;OpenStreetMap, корпус;w443480698
shkola-2129-im-p-i-romanova;Школа № 2129 им. П.И. Романова;да;Городская;;ГБОУ Школа № 2129 ШО №3;55.707959;37.675715;OpenStreetMap, корпус;r13234192
shkola-285-im-v-a-molodtsova;Школа № 285 им. В.А. Молодцова;да;Городская;;Школа №285 имени В.А. Молодцова;55.876276;37.630204;OpenStreetMap, корпус;w102317313
shkola-285-im-v-a-molodtsova;Школа № 285 им. В.А. Молодцова;да;Городская;;Школа №285 имени В. А. Молодцова;55.876856;37.624436;OpenStreetMap, корпус;w117763674
shkola-285-im-v-a-molodtsova;Школа № 285 им. В.А. Молодцова;да;Городская;;Школа №285 имени В.А. Молодцова;55.876389;37.629079;OpenStreetMap, корпус;w499308094
shkola-285-im-v-a-molodtsova;Школа № 285 им. В.А. Молодцова;да;Городская;;Школа №285 имени В.А. Молодцова;55.877521;37.618249;OpenStreetMap, корпус;r12314255
shkola-305;Школа № 305;да;Городская;;Школа № 305;55.875639;37.580145;OpenStreetMap, корпус;r2235992
shkola-368-losinyy-ostrov;Школа № 368 «Лосиный остров»;да;Городская;;Школа №368 (Здание №1);55.822206;37.818067;OpenStreetMap, корпус;w61299004
shkola-368-losinyy-ostrov;Школа № 368 «Лосиный остров»;да;Городская;;Школа №368 (Здание №2);55.822331;37.820006;OpenStreetMap, корпус;w385965951
shkola-429-sokolinaya-gora;Школа № 429 «Соколиная гора»;да;Городская;;"Школа № 429 ""Соколиная гора"". Школьное здание";55.775482;37.724987;OpenStreetMap, корпус;w80033791
shkola-429-sokolinaya-gora;Школа № 429 «Соколиная гора»;да;Городская;;"Школа № 429 ""Соколиная гора"". Школьное здание";55.768592;37.733207;OpenStreetMap, корпус;w93527752
shkola-429-sokolinaya-gora;Школа № 429 «Соколиная гора»;да;Городская;;"Школа № 429 ""Соколиная гора"". Школьное здание";55.763312;37.737782;OpenStreetMap, корпус;r6847000
shkola-429-sokolinaya-gora;Школа № 429 «Соколиная гора»;да;Городская;;"Школа № 429 ""Соколиная гора"". Школьное здание";55.762853;37.731993;OpenStreetMap, корпус;w105137093
shkola-460;Школа № 460;да;Городская;;Школа № 460 имени дважды Героев Советского Союза А.А. Головачёва и С.Ф. Шутова (ШП-4);55.678872;37.771511;OpenStreetMap, корпус;w34330117
shkola-460;Школа № 460;да;Городская;;Школа № 460 имени дважды Героев Советского Союза А.А. Головачёва и С.Ф. Шутова (ШП-3);55.674363;37.809918;OpenStreetMap, корпус;w83238455
shkola-460;Школа № 460;да;Городская;;Школа № 460 имени дважды Героев Советского Союза А.А. Головачёва и С.Ф. Шутова (ШП-2);55.672422;37.770147;OpenStreetMap, корпус;w336720753
shkola-460;Школа № 460;да;Городская;;Школа № 460 имени дважды Героев Советского Союза А.А. Головачёва и С.Ф. Шутова (ШП-1);55.671219;37.769130;OpenStreetMap, корпус;w460006530
shkola-460;Школа № 460;да;Городская;;Школа № 460 имени дважды Героев Советского Союза А.А. Головачёва и С.Ф. Шутова (ШП-5);55.678843;37.769391;OpenStreetMap, корпус;r6799539
shkola-554;Школа № 554;да;Городская;;Школа № 554;55.657163;37.579841;OpenStreetMap, корпус;w410329463
shkola-554;Школа № 554;да;Городская;;Школа № 554;55.661079;37.581639;OpenStreetMap, корпус;r7722663
shkola-629;Школа № 629;да;Городская;;Школа № 629. Корпус школьного образования №5;55.587646;37.595092;OpenStreetMap, корпус;w390483183
shkola-629;Школа № 629;да;Городская;;Школа № 629. Корпус школьного образования №4;55.591660;37.596541;OpenStreetMap, корпус;w390483184
shkola-656-im-a-s-makarenko;Школа № 656 им. А.С. Макаренко;да;Городская;;Школа № 656 им. А. С. Макаренко;55.870524;37.552693;OpenStreetMap, корпус;r7004981
shkola-656-im-a-s-makarenko;Школа № 656 им. А.С. Макаренко;да;Городская;;Школа № 656 им. А. С. Макаренко;55.867621;37.555031;OpenStreetMap, корпус;w117904490
shkola-656-im-a-s-makarenko;Школа № 656 им. А.С. Макаренко;да;Городская;;Школа № 656 имени А.С. Макаренко;55.862130;37.557455;OpenStreetMap, корпус;w216253188
shkola-69-im-b-sh-okudzhavy;Школа № 69 им. Б.Ш. Окуджавы;да;Городская;;Школа №69 им. Б.Ш. Окуджавы;55.816280;37.398599;OpenStreetMap, корпус;w68764840
shkola-806;Школа № 806;да;Городская;;Школа № 806. Корпус 1;55.732393;37.423319;OpenStreetMap, корпус;w741277616
shkola-806;Школа № 806;да;Городская;;Школа № 806. Корпус 2;55.732346;37.421856;OpenStreetMap, корпус;w741277617
shkola-825-imeni-v-a-karakovskogo;Школа № 825 имени В. А. Караковского;да;Городская;;ГБОУ Школа №825;55.710987;37.757423;OpenStreetMap, корпус;w265442692
shkola-825-imeni-v-a-karakovskogo;Школа № 825 имени В. А. Караковского;да;Городская;;ГБОУ Школа № 825;55.709687;37.757055;OpenStreetMap, корпус;w656685220
shkola-825-imeni-v-a-karakovskogo;Школа № 825 имени В. А. Караковского;да;Городская;;ГБОУ Школа №825;55.710095;37.753978;OpenStreetMap, корпус;w656685223
shkola-830;Школа № 830;да;Городская;;Школа №830 корпус №4;55.814253;37.459411;OpenStreetMap, корпус;w28683132
shkola-830;Школа № 830;да;Городская;;Школа № 830. Корпус № 3;55.825198;37.449098;OpenStreetMap, корпус;w28938786
shkola-830;Школа № 830;да;Городская;;Школа №830 корпус №1;55.833040;37.459576;OpenStreetMap, корпус;w309031590
shkola-830;Школа № 830;да;Городская;;Школа № 830. Корпус № 2;55.826975;37.454688;OpenStreetMap, корпус;w704215334
shkola-843;Школа № 843;да;Городская;;Школа № 843;55.671088;37.457979;OpenStreetMap, корпус;w319902984
shkola-843;Школа № 843;да;Городская;;Школа № 843;55.669718;37.460529;OpenStreetMap, корпус;r6968315
shkola-883-im-m-f-lukina;Школа № 883 им. М.Ф. Лукина;да;Городская;;Школа № 883 корпус «Ленинград»;55.862341;37.427201;OpenStreetMap, корпус;w69881813
shkola-883-im-m-f-lukina;Школа № 883 им. М.Ф. Лукина;да;Городская;;Школа № 883 корпус «Москва»;55.860729;37.431656;OpenStreetMap, корпус;w79369760
shkola-937-im-a-v-perova;Школа № 937 им. А.В. Перова;да;Городская;;Школа № 937;55.623135;37.697157;OpenStreetMap, корпус;w149865608
shkola-937-im-a-v-perova;Школа № 937 им. А.В. Перова;да;Городская;;Школа №937;55.619133;37.700310;OpenStreetMap, корпус;w291431905
shkola-950;Школа № 950;да;Городская;;Школа №950;55.860236;37.604841;OpenStreetMap, корпус;w35134626
shkola-950;Школа № 950;да;Городская;;Школа № 950;55.858906;37.619021;OpenStreetMap, корпус;w86552971
shkola-950;Школа № 950;да;Городская;;Школа №950;55.857610;37.613323;OpenStreetMap, корпус;w153269042
shkola-950;Школа № 950;да;Городская;;Школа №950;55.857167;37.614573;OpenStreetMap, корпус;w153269043
shkola-950;Школа № 950;да;Городская;;Школа № 950;55.851251;37.614863;OpenStreetMap, корпус;r9865158
shkola-967-im-v-a-komagorova;Школа № 967 им. В.А. Комагорова;да;Городская;;Школа №967, школьное отделение №1;55.879116;37.652292;OpenStreetMap, корпус;w53587339
shkola-967-im-v-a-komagorova;Школа № 967 им. В.А. Комагорова;да;Городская;;Школа № 967, ШО №2;55.880286;37.642048;OpenStreetMap, корпус;w378894408
shkola-967-im-v-a-komagorova;Школа № 967 им. В.А. Комагорова;да;Городская;;Школа №967, ШО 3;55.883916;37.637163;OpenStreetMap, корпус;r19607509
shkola-97;Школа № 97;да;Городская;;Школа №97;55.712365;37.456214;OpenStreetMap, корпус;w306467405
shkola-97;Школа № 97;да;Городская;;Школа №97;55.720697;37.460380;OpenStreetMap, корпус;w368267185
shkola-internat-2;Школа-интернат № 2;да;Городская;;Специальная (коррекционная) общеобразовательная школа-интернат № 2;55.809772;37.534635;OpenStreetMap, корпус;r7103211
shkola-internat-2;Школа-интернат № 2;да;Городская;;Британская Международная Школа № 2;55.818697;37.527718;OpenStreetMap, корпус;r8298825
shkola-1270-vektor;Школа № 1270 «Вектор»;да;Городская;;"Школа #1270 ""Вектор""";55.733089;37.661257;OpenStreetMap, корпус;w47572148
shkola-1270-vektor;Школа № 1270 «Вектор»;да;Городская;;Школа № 1270 «Вектор»;55.743988;37.664667;OpenStreetMap, корпус;r7966560
shkola-1384;Школа № 1384;да;Городская;;Второй корпус школы № 1384;55.802505;37.515647;OpenStreetMap, корпус;w1090983005
shkola-1384;Школа № 1384;да;Городская;;Школа № 1384 имени А. А. Леманского;55.798234;37.515784;OpenStreetMap, корпус;w103562938
shkola-1384;Школа № 1384;да;Городская;;Школа №1384 имени А. А. Леманского;55.798143;37.523748;OpenStreetMap, корпус;r15049713
shkola-2054;Школа № 2054;да;Городская;;Школа № 2054, Школьный корпус № 1;55.772446;37.626269;OpenStreetMap, корпус;r9633273
shkola-2054;Школа № 2054;да;Городская;;Школа № 2054. Школьное отделение №3;55.765023;37.614219;OpenStreetMap, корпус;r7119651
litsey-ranhigs;Лицей РАНХиГС;да;Городская;;Российская академия народного хозяйства и государственной службы при Президенте РФ;55.719709;37.613109;OpenStreetMap, корпус;r18134839
litsey-ranhigs;Лицей РАНХиГС;да;Городская;;Российская академия народного хозяйства и государственной службы;55.737857;37.603312;OpenStreetMap, корпус;r17991371
mezhdunarodnaya-shkola-zavtrashnego-dnya;Международная школа завтрашнего дня;да;Городская;;Международная школа завтрашнего дня;55.632957;37.608902;OpenStreetMap, корпус;w461030275
novaya-gumanitarnaya-shkola;Новая гуманитарная школа;да;Городская;;Новая гуманитарная школа;55.802362;37.541020;OpenStreetMap, корпус;w485382207
pervaya-shkola;Первая школа;да;Городская;;НОУ «Первая Школа»;55.883316;37.492184;OpenStreetMap, корпус;n5634481148
shkola-1095;Школа № 1095;да;Городская;;Школа № 1095. Учебный корпус;55.870781;37.669588;OpenStreetMap, корпус;r1270060
shkola-1095;Школа № 1095;да;Городская;;Школа №1095;55.874394;37.662431;OpenStreetMap, корпус;w59404034
shkola-1095;Школа № 1095;да;Городская;;Школа №1095;55.872290;37.670486;OpenStreetMap, корпус;r1270058
shkola-1404-gamma;Школа № 1404 «Гамма»;да;Городская;;"Центр образования №1404 ""Гамма""";55.803927;37.688212;OpenStreetMap, корпус;r11126283
shkola-1404-gamma;Школа № 1404 «Гамма»;да;Городская;;"Центр образования №1404 ""Гамма""";55.807995;37.687154;OpenStreetMap, корпус;r11152601
shkola-1412;Школа № 1412;да;Городская;;Школа №1412;55.890909;37.601354;OpenStreetMap, корпус;w136884279
shkola-1412;Школа № 1412;да;Городская;;Школа №1412;55.893394;37.604190;OpenStreetMap, корпус;w136884287
shkola-319;Школа № 319;да;Городская;;Школа №319 (здание №4);55.812388;37.789313;OpenStreetMap, корпус;w205590474
shkola-319;Школа № 319;да;Городская;;Школа №319 (здание №3);55.814764;37.792683;OpenStreetMap, корпус;w205880825
shkola-319;Школа № 319;да;Городская;;Школа №319 (здание №1);55.806665;37.759178;OpenStreetMap, корпус;r18122613
shkola-319;Школа № 319;да;Городская;;Школа №319 (здание №5);55.810635;37.778108;OpenStreetMap, корпус;w1390592208
shkola-384;Школа № 384;да;Городская;;Школа № 384 имени Д.К. Корнеева. Школьный корпус;55.711734;37.399839;OpenStreetMap, корпус;w1098235554
shkola-384;Школа № 384;да;Городская;;Школа № 384 имени Д.К. Корнеева;55.708893;37.397487;OpenStreetMap, корпус;w1527193477
sportivnyy-internat-chertanovo;Спортивный интернат «Чертаново»;да;Спортивная;;"Интернат ЦСО ""Чертаново""";55.626825;37.594800;OpenStreetMap, корпус;w81157269
sportivnyy-internat-chertanovo;Спортивный интернат «Чертаново»;да;Спортивная;;адрес: Чертановская ул., д. 7, корп. 3 + площадки Борисовские Пруды, Капотня;55.630220;37.604860;адрес из базы;
tsois-moskva-98;ЦОиС «Москва-98»;да;Спортивная;;"Центр образования и спорта ""Москва-98"". Школа № 2";55.680264;37.484645;OpenStreetMap, корпус;w41667088
tsois-moskva-98;ЦОиС «Москва-98»;да;Спортивная;;"Центр образования и спорта ""Москва-98"". Школа № 3";55.684794;37.485229;OpenStreetMap, корпус;w360180385
tsois-moskva-98;ЦОиС «Москва-98»;да;Спортивная;;"Центр образования и спорта ""Москва-98"". Школа № 1";55.684681;37.494350;OpenStreetMap, корпус;r13653023
tssio-mesh-moskovskaya-eksperimentalnaya-shkola;ЦСиО «МЭШ» (Московская экспериментальная школа);да;Спортивная;;Экспериментальная школа (центр образования МЭШ);55.654583;37.564459;OpenStreetMap, корпус;w116299212
tssio-sambo-70;ЦСиО «Самбо-70»;да;Спортивная;;"ЦО ""Самбо-70""";55.630908;37.487252;OpenStreetMap, корпус;w45936847
tsentr-obrazovaniya-i-sporta-lokomotiv;Центр образования и спорта «Локомотив»;да;Спортивная;;Общеобразовательная школа «Локомотив»;55.804066;37.743750;OpenStreetMap, корпус;w62112479
tsentr-obrazovaniya-i-sporta-lokomotiv;Центр образования и спорта «Локомотив»;да;Спортивная;;"Центр спорта и образования ""Локомотив""";55.806170;37.742329;OpenStreetMap, корпус;n6665428945
shkola-naslednik;Школа «Наследник»;да;Частная;;Наследник;55.636033;37.722155;OpenStreetMap, корпус;w105917639
shkola-1577;Школа № 1577;да;Городская;;"ГБОУ ""Гимназия №1577"" Подразделение №1";55.852332;37.690363;OpenStreetMap, корпус;r12745351
shkola-1577;Школа № 1577;да;Городская;;"ГБОУ ""Гимназия №1577"" Подразделение №2";55.851682;37.688715;OpenStreetMap, корпус;r12745352
osm-0-shkola-1;Школа №1;нет;Другая;;Школа №1;55.689065;37.537874;OpenStreetMap, корпус;n954912765
osm-1-shkola-1;Школа №1;нет;Другая;;Школа №1;55.626362;37.843683;OpenStreetMap, корпус;w113020852
osm-1-shkola-1;Школа №1;нет;Другая;;Школа №1 им. Л. Д. Чурилова;55.648365;37.858531;OpenStreetMap, корпус;w1461438324
osm-2-shkola-1;Школа №1;нет;Другая;;Школа №1;55.834653;37.324918;OpenStreetMap, корпус;w182751587
osm-2-shkola-1;Школа №1;нет;Другая;;Средняя общеобразовательная школа №1 . Начальная школа;55.841862;37.342109;OpenStreetMap, корпус;r12270285
osm-3-shkola-1;Школа №1;нет;Другая;;Школа №1;55.761555;37.850268;OpenStreetMap, корпус;r5686624
osm-4-shkola-im-n-m-karamzina-korpus;Школа им. Н.М. Карамзина. Корпус школьного образования №1 «Петербургский»;нет;Другая;;Школа им. Н.М. Карамзина. Корпус школьного образования №1 «Петербургский»;55.592451;37.540426;OpenStreetMap, корпус;r4233096
osm-5-shkola-1;Школа №1;нет;Другая;;Школа №1;55.888848;37.407774;OpenStreetMap, корпус;r17895410
osm-6-shkola-1;Школа №1;нет;Другая;;Школа №1;55.668930;37.287261;OpenStreetMap, корпус;w70321243
osm-7-shkola-1;Школа №1;нет;Другая;;Школа №1;55.931985;37.521757;OpenStreetMap, корпус;w111260979
osm-8-mou-litsey-1;МОУ Лицей №1;нет;Другая;;Дедовская средняя общеобразовательная школа №1. Начальная школа;55.863036;37.126807;OpenStreetMap, корпус;w176303744
osm-8-mou-litsey-1;МОУ Лицей №1;нет;Другая;;Дедовская средняя общеобразовательная школа №1;55.861423;37.124595;OpenStreetMap, корпус;r12831949
osm-8-mou-litsey-1;МОУ Лицей №1;нет;Другая;;Лицей № 1 посёлка Нахабино;55.839358;37.146942;OpenStreetMap, корпус;w1105625287
osm-8-mou-litsey-1;МОУ Лицей №1;нет;Другая;;МОУ Лицей №1;55.842627;37.167269;OpenStreetMap, корпус;r18714810
osm-9-moskovskaya-mezhdunarodnaya-gi;Московская международная гимназия;нет;Другая;;Московская международная гимназия;55.755926;37.801203;OpenStreetMap, корпус;n1013879417
osm-10-tserkovno-prihodskaya-shkola-k;Церковно-приходская школа «Косинская»;нет;Другая;;Церковно-приходская школа «Косинская»;55.718992;37.858583;OpenStreetMap, корпус;n1116494773
osm-11-srednyaya-shkola-72;Средняя школа №72;нет;Другая;;Средняя школа №72;55.747585;37.498579;OpenStreetMap, корпус;n1145370005
osm-12-internat-72;Интернат №72;нет;Другая;;Интернат №72;55.665670;37.612682;OpenStreetMap, корпус;w129474366
osm-13-shkola-119;Школа №119;нет;Другая;;Школа №119;55.679847;37.521399;OpenStreetMap, корпус;n1373694630
osm-14-shkola-promo-m;"Школа ""Промо-М""";нет;Другая;;"Школа ""Промо-М""";55.643379;37.479920;OpenStreetMap, корпус;n1374506143
osm-15-shkola-yasenevo;"Школа ""Ясенево""";нет;Другая;;"Школа ""Ясенево""";55.595038;37.538140;OpenStreetMap, корпус;n1374741534
osm-16-pravoslavnaya-shkola-vo-imya-i;"Православная школа во имя иконы божией Матери ""Скоропослушница""";нет;Другая;;"Православная школа во имя иконы божией Матери ""Скоропослушница""";55.589914;37.651747;OpenStreetMap, корпус;n1426996766
osm-17-negosudarstvennoe-obrazovateln;Негосударственное образовательное учреждение русская гуманитарная школа;нет;Другая;;Негосударственное образовательное учреждение русская гуманитарная школа;55.665586;37.643184;OpenStreetMap, корпус;n1427798462
osm-18-shkola-epos;"Школа ""ЭПОС""";нет;Другая;;"Школа ""ЭПОС""";55.682920;37.704967;OpenStreetMap, корпус;n1428214514
osm-19-ano-sosh-uchebnyy-tsentr-persp;"АНО СОШ ""Учебный центр Перспектива""";нет;Другая;;"АНО СОШ ""Учебный центр Перспектива""";55.637428;37.614347;OpenStreetMap, корпус;n1430522302
osm-20-shkola-435;Школа №435;нет;Другая;;Школа №435;55.774614;37.704853;OpenStreetMap, корпус;n1430546453
osm-21-shkola-1113;Школа №1113;нет;Другая;;Школа №1113;55.769110;37.603020;OpenStreetMap, корпус;n1430804068
osm-21-shkola-1113;Школа №1113;нет;Другая;;Школа №1113;55.768644;37.602048;OpenStreetMap, корпус;r8849889
osm-22-znamenskaya-gimnaziya;Знаменская гимназия;нет;Другая;;Знаменская гимназия;55.857542;37.499716;OpenStreetMap, корпус;n1727533933
osm-23-shkola-800;Школа №800;нет;Другая;;Школа №800;55.719514;37.397959;OpenStreetMap, корпус;n1898677224
osm-24-shkola-423;Школа №423;нет;Другая;;Школа №423;55.757137;37.802024;OpenStreetMap, корпус;n1947167782
osm-24-shkola-423;Школа №423;нет;Другая;;Школа №423;55.758523;37.797511;OpenStreetMap, корпус;w363467163
osm-25-shkola-65;Школа № 65;нет;Другая;;Школа № 65;55.722699;37.414415;OpenStreetMap, корпус;n1959499205
osm-26-shkola-587;Школа №587;нет;Другая;;Школа №587;55.721575;37.428799;OpenStreetMap, корпус;n2112846626
osm-27-shkola-802;Школа № 802;нет;Другая;;Школа № 802;55.724438;37.427022;OpenStreetMap, корпус;n2112846627
osm-28-shkola-77;Школа №77;нет;Другая;;Школа №77;55.766817;37.727509;OpenStreetMap, корпус;n2146273545
osm-29-nemetskaya-shkola-v-moskve;Немецкая школа в Москве;нет;Другая;;Немецкая школа в Москве;55.664371;37.495323;OpenStreetMap, корпус;n2262304592
osm-30-filippovskaya-shkola;Филипповская школа;нет;Другая;;Филипповская школа;55.729378;37.570846;OpenStreetMap, корпус;n3041391839
osm-31-mini-shkola;Мини-школа;нет;Другая;;Мини-школа;55.694202;37.787732;OpenStreetMap, корпус;n4518521699
osm-32-hovrinskaya-gimnaziya-lampada;"Ховринская гимназия ""Лампада""";нет;Другая;;"Ховринская гимназия ""Лампада""";55.864903;37.508987;OpenStreetMap, корпус;n4642004020
osm-33-shkola-viktoriya-2000;Школа Виктория-2000;нет;Другая;;Школа Виктория-2000;55.716944;37.577010;OpenStreetMap, корпус;n4750904981
osm-34-shkola-1331-molodaya-iveriya;"Школа № 1331 ""Молодая Иверия""";нет;Другая;;"Школа № 1331 ""Молодая Иверия""";55.747830;37.594291;OpenStreetMap, корпус;n4752529949
osm-35-mezhdunarodnaya-gimnaziya-flag;"Международная гимназия ""Флагман""";нет;Другая;;"Международная гимназия ""Флагман""";55.761076;37.853882;OpenStreetMap, корпус;n4885903622
osm-36-shkola-viktoriya;"Школа ""Виктория""";нет;Другая;;"Школа ""Виктория""";55.757356;37.572348;OpenStreetMap, корпус;n5054611710
osm-37-svyato-dimitrievskaya-shkola;Свято-Димитриевская школа;нет;Другая;;Свято-Димитриевская школа;55.723230;37.600221;OpenStreetMap, корпус;n5054611711
osm-38-shkola-370-im;Школа №370 им;нет;Другая;;Школа №370 им. генерала П. И. Батова;55.810851;37.729270;OpenStreetMap, корпус;n5113395065
osm-39-shkola-370;Школа № 370;нет;Другая;;Школа № 370;55.690290;37.584534;OpenStreetMap, корпус;w35680206
osm-40-shkola-334;Школа №334;нет;Другая;;Школа №334 (встр);55.804901;37.792794;OpenStreetMap, корпус;n5199351212
osm-41-mezhdunarodnyy-innovatsionnyy-;Международный инновационный образовательный центр;нет;Другая;;Международный инновационный образовательный центр;55.691929;37.624387;OpenStreetMap, корпус;n5601185228
osm-42-obrazovatelnyy-tsentr-yunium;"Образовательный центр ""Юниум""";нет;Другая;;"Образовательный центр ""Юниум""";55.749630;37.823284;OpenStreetMap, корпус;n6100272958
osm-43-russkaya-klassicheskaya-gimnaz;Русская классическая гимназия;нет;Другая;;Русская классическая гимназия;55.771140;37.616648;OpenStreetMap, корпус;n7018057539
osm-44-litsey-moskvich;"Лицей ""Москвич""";нет;Другая;;"Лицей ""Москвич""";55.677819;37.517834;OpenStreetMap, корпус;n8033690833
osm-45-pravoslavnaya-shkola-im-prepod;Православная школа им. Преподобного Сергия Радонежского;нет;Другая;;Православная школа им. Преподобного Сергия Радонежского;55.853715;37.631646;OpenStreetMap, корпус;n8840934476
osm-46-akademicheskaya-gimnaziya;Академическая Гимназия;нет;Другая;;Академическая Гимназия;55.755475;37.508582;OpenStreetMap, корпус;n11760867026
osm-47-kembridzhskaya-mezhdunarodnaya;Кембриджская международная школа, Кампус Сколково;нет;Другая;;Кембриджская международная школа, Кампус Сколково;55.691877;37.399640;OpenStreetMap, корпус;n14131306814
osm-48-shkola-467;Школа №467;нет;Другая;;Школа №467;55.728989;37.671390;OpenStreetMap, корпус;w27560499
osm-49-shkola-1967;Школа №1967;нет;Другая;;Школа №1967;55.662990;37.750800;OpenStreetMap, корпус;w27811792
osm-50-tsentr-vneshkolnoy-raboty-sine;"Центр внешкольной работы ""Синегория""";нет;Другая;;"Центр внешкольной работы ""Синегория""";55.739441;37.402391;OpenStreetMap, корпус;w28094569
osm-51-shkola-90-im;Школа №90 им;нет;Другая;;"Школа №90 ""Многопрофильный образовательный комплекс"" имени Героя Советского Союза Е.Г.Ларикова";55.839111;37.525749;OpenStreetMap, корпус;w28119650
osm-51-shkola-90-im;Школа №90 им;нет;Другая;;Школа №90 им. Героя Советского Союза Е.Г. Ларикова;55.834117;37.525451;OpenStreetMap, корпус;w28150399
osm-51-shkola-90-im;Школа №90 им;нет;Другая;;Школа №90 «Многопрофильный образовательный комплекс» имени Героя Советского Союза Е. Г. Ларикова;55.822061;37.504153;OpenStreetMap, корпус;w975646976
osm-52-shkola-90;Школа №90;нет;Другая;;Школа №90 (СП-1);55.794267;37.516204;OpenStreetMap, корпус;w99752573
osm-53-shkola-1321;Школа № 1321;нет;Другая;;Школа № 1321. Филиал № 3;55.672136;37.750095;OpenStreetMap, корпус;w28377590
osm-54-shkola-1321-kovcheg;"Школа №1321 ""Ковчег""";нет;Другая;;"Школа № 1321 ""Ковчег""";55.755965;37.689934;OpenStreetMap, корпус;w49908070
osm-54-shkola-1321-kovcheg;"Школа №1321 ""Ковчег""";нет;Другая;;"Школа №1321 ""Ковчег""";55.744429;37.718982;OpenStreetMap, корпус;r19887187
osm-55-shkola-888;Школа №888;нет;Другая;;Школа №888;55.724813;37.444040;OpenStreetMap, корпус;w28379124
osm-56-shkola-756;Школа №756;нет;Другая;;Школа №756;55.890778;37.658931;OpenStreetMap, корпус;w28430182
osm-57-shkola-290;Школа №290;нет;Другая;;Школа №290;55.890809;37.657400;OpenStreetMap, корпус;w28430183
osm-58-shkola-108;Школа № 108;нет;Другая;;Интернат №108;55.681980;37.526595;OpenStreetMap, корпус;w29092187
osm-58-shkola-108;Школа № 108;нет;Другая;;Школа № 108;55.676135;37.550945;OpenStreetMap, корпус;w126326179
osm-59-shkola-115;Школа №115;нет;Другая;;Школа №115;55.653242;37.527009;OpenStreetMap, корпус;w29265266
osm-60-spetsialnaya-shkola-3;Специальная школа №3;нет;Другая;;Специальная школа №3;55.669935;37.576010;OpenStreetMap, корпус;w29277434
osm-61-shkola-3;Школа №3;нет;Другая;;Школа №3;55.904826;37.847646;OpenStreetMap, корпус;w37882605
osm-62-litsey-3;Лицей №3;нет;Другая;;Лицей №3;55.635650;37.845682;OpenStreetMap, корпус;w57998730
osm-62-litsey-3;Лицей №3;нет;Другая;;Школа №3;55.661437;37.846180;OpenStreetMap, корпус;w1067650963
osm-63-shkola-3;Школа №3;нет;Другая;;Школа №3;55.764677;37.857130;OpenStreetMap, корпус;w234158827
osm-64-shkola-3;Школа № 3;нет;Другая;;Школа № 3;55.903918;37.452746;OpenStreetMap, корпус;w489656883
osm-65-shkola-im-n-m-karamzina-korpus;Школа им. Н.М. Карамзина. Корпус школьного образования №3 «Московский»;нет;Другая;;Школа им. Н.М. Карамзина. Корпус школьного образования №3 «Московский»;55.594336;37.540824;OpenStreetMap, корпус;r9143533
osm-66-shkola-3;Школа №3;нет;Другая;;Школа №3;55.916425;37.784364;OpenStreetMap, корпус;r13810534
osm-67-shkola-3;Школа №3;нет;Другая;;Школа № 3;55.665449;37.285166;OpenStreetMap, корпус;n1205056572
osm-67-shkola-3;Школа №3;нет;Другая;;Школа № 3;55.661643;37.298605;OpenStreetMap, корпус;n3687467301
osm-67-shkola-3;Школа №3;нет;Другая;;Школа №3;55.655898;37.268713;OpenStreetMap, корпус;w1070214033
osm-68-gimnaziya-3;Гимназия №3;нет;Другая;;Гимназия №3;55.832997;37.308334;OpenStreetMap, корпус;w179163530
osm-69-shkola-3;Школа №3;нет;Другая;;Школа №3;55.869962;37.135500;OpenStreetMap, корпус;w203248797
osm-69-shkola-3;Школа №3;нет;Другая;;Школа № 3;55.850319;37.175184;OpenStreetMap, корпус;r9127605
osm-70-shkola-internat-61;Школа-интернат №61;нет;Другая;;Школа-интернат №61;55.669685;37.576727;OpenStreetMap, корпус;w29277435
osm-71-tsentr-vneshkolnoy-raboty-zyuz;"Центр внешкольной работы ""Зюзино"" (УПК №2)";нет;Другая;;"Центр внешкольной работы ""Зюзино"" (УПК №2)";55.647954;37.590543;OpenStreetMap, корпус;w29325314
osm-72-shkola-2;Школа №2;нет;Другая;;Школа №2;55.768383;37.848403;OpenStreetMap, корпус;w40858823
osm-73-litsey-2;Лицей №2;нет;Другая;;Лицей №2;55.631863;37.844678;OpenStreetMap, корпус;w57998708
osm-73-litsey-2;Лицей №2;нет;Другая;;Школа №2;55.662198;37.865554;OpenStreetMap, корпус;w961004346
osm-74-shkola-2;Школа №2;нет;Другая;;Школа №2;55.883896;37.420234;OpenStreetMap, корпус;r2517399
osm-75-shkola-im-n-m-karamzina-korpus;Школа им. Н.М. Карамзина. Корпус школьного образования №2 «Преображенский»;нет;Другая;;Школа им. Н.М. Карамзина. Корпус школьного образования №2 «Преображенский»;55.592763;37.538262;OpenStreetMap, корпус;r9143532
osm-76-shkola-2-im;Школа № 2 им;нет;Другая;;Школа № 2 им. В.Н. Михайлова;55.908433;37.860444;OpenStreetMap, корпус;w848040455
osm-77-shkola-2;Школа №2;нет;Другая;;Школа №2;55.958258;37.501817;OpenStreetMap, корпус;w52073542
osm-78-gimnaziya-2;Гимназия №2;нет;Другая;;Гимназия №2;55.836540;37.304712;OpenStreetMap, корпус;r10773787
osm-79-mou-shkola-2;МОУ Школа №2;нет;Другая;;Нахабинская начальная школа №2;55.839560;37.177970;OpenStreetMap, корпус;w226507271
osm-79-mou-shkola-2;МОУ Школа №2;нет;Другая;;МОУ Школа №2;55.840826;37.182977;OpenStreetMap, корпус;w226508146
osm-80-litsey-2;Лицей № 2;нет;Другая;;Начальная школа №2;55.668252;37.285984;OpenStreetMap, корпус;w577847554
osm-80-litsey-2;Лицей № 2;нет;Другая;;Лицей № 2;55.684951;37.289220;OpenStreetMap, корпус;w1355085356
osm-81-shkola-398;Школа №398;нет;Другая;;Школа №398;55.717573;37.804902;OpenStreetMap, корпус;w29386096
osm-82-shkola-623;Школа №623;нет;Другая;;Школа №623;55.705523;37.786799;OpenStreetMap, корпус;w29400566
osm-83-shkola-797;Школа №797;нет;Другая;;Школа №797;55.754795;37.822628;OpenStreetMap, корпус;w29431666
osm-84-shkola-795;Школа №795;нет;Другая;;Школа №795;55.746344;37.820403;OpenStreetMap, корпус;w29431684
osm-85-shkola-1637;Школа №1637;нет;Другая;;Центр образования №1637;55.756051;37.786419;OpenStreetMap, корпус;w29446098
osm-85-shkola-1637;Школа №1637;нет;Другая;;Школа №1637;55.759462;37.783722;OpenStreetMap, корпус;w1305195718
osm-86-shkola-681;Школа №681;нет;Другая;;Школа №681;55.758928;37.775717;OpenStreetMap, корпус;w29446299
osm-87-moskovskaya-mezhdunarodnaya-sh;"Московская международная школа. Подразделение ""Планета Уран""";нет;Другая;;"Московская международная школа. Подразделение ""Планета Уран""";55.763393;37.781581;OpenStreetMap, корпус;w29446344
osm-88-shkola-1141;Школа № 1141;нет;Другая;;Школа № 1141;55.643538;37.718434;OpenStreetMap, корпус;r62986
osm-89-shkola-499;Школа №499;нет;Другая;;Школа №499;55.643561;37.720940;OpenStreetMap, корпус;r62987
osm-90-internat-53;Интернат №53;нет;Другая;;Интернат №53;55.776788;37.728711;OpenStreetMap, корпус;w29601128
osm-91-shkola-22;Школа №22;нет;Другая;;Школа №22;55.698690;37.555428;OpenStreetMap, корпус;w30414740
osm-92-shkolnoe-otdelenie-22-litseya-;Школьное отделение № 22 Лицея № 1501;нет;Другая;;Школьное отделение № 22 Лицея № 1501;55.770012;37.607120;OpenStreetMap, корпус;r6741550
osm-93-shkola-1265;Школа №1265;нет;Другая;;Школа №1265;55.699140;37.558371;OpenStreetMap, корпус;w30414751
osm-94-tsentr-obrazovaniya-775;Центр образования №775;нет;Другая;;Центр образования №775;55.675311;37.753510;OpenStreetMap, корпус;w30853347
osm-95-nou-shkola-erudit-2;"НОУ Школа ""Эрудит-2""";нет;Другая;;"НОУ Школа ""Эрудит-2""";55.675757;37.749904;OpenStreetMap, корпус;w30853467
osm-96-shkola-1640;Школа №1640;нет;Другая;;Школа №1640;55.632447;37.651652;OpenStreetMap, корпус;w31025623
osm-97-litsey-504;Лицей №504;нет;Другая;;Лицей №504;55.667919;37.626726;OpenStreetMap, корпус;w31653611
osm-97-litsey-504;Лицей №504;нет;Другая;;ГБОУ школа № 504, зд. Варшавское;55.663920;37.621446;OpenStreetMap, корпус;w655682580
osm-98-litsey-504;Лицей № 504;нет;Другая;;Лицей № 504;55.581327;37.599466;OpenStreetMap, корпус;r13207429
osm-98-litsey-504;Лицей № 504;нет;Другая;;Центр образования №504;55.600011;37.591590;OpenStreetMap, корпус;r13524469
osm-99-shkola-402-imeni-alii-moldagul;Школа №402 имени Алии Молдагуловой;нет;Другая;;"Школа №402 имени Алии Молдагуловой (школьный корпус ""Мой профиль"")";55.724436;37.834513;OpenStreetMap, корпус;w32281957
osm-99-shkola-402-imeni-alii-moldagul;Школа №402 имени Алии Молдагуловой;нет;Другая;;"Школа №402 имени Алии Молдагуловой (школьный корпус ""Мой профиль"")";55.724827;37.835318;OpenStreetMap, корпус;w503447969
osm-100-gimnaziya-18-im;Гимназия № 18 им;нет;Другая;;Гимназия № 18 им. И.Я. Илюшина;55.909368;37.872106;OpenStreetMap, корпус;w32557702
osm-100-gimnaziya-18-im;Гимназия № 18 им;нет;Другая;;Гимназия № 18 им. И.Я. Илюшина;55.904014;37.863888;OpenStreetMap, корпус;r14456393
osm-101-shkola-18;Школа №18;нет;Другая;;Школа №18;55.881263;37.428542;OpenStreetMap, корпус;r11031761
osm-102-shkola-18;Школа №18;нет;Другая;;Школа №18;55.836029;37.278803;OpenStreetMap, корпус;r5598525
osm-103-shkola-730;Школа №730;нет;Другая;;Школа №730;55.659990;37.626447;OpenStreetMap, корпус;w32611554
osm-104-shkola-749;Школа № 749;нет;Другая;;Школа № 749;55.730772;37.410713;OpenStreetMap, корпус;w33855631
osm-105-shkola-1040;Школа 1040;нет;Другая;;Школа 1040;55.643906;37.737655;OpenStreetMap, корпус;w34321752
osm-106-shkola-1147;Школа 1147;нет;Другая;;Школа 1147;55.644222;37.736319;OpenStreetMap, корпус;w34321753
osm-107-shkola-657;Школа № 657;нет;Другая;;Школа № 657. Корпус школьного образования №1;55.605671;37.619826;OpenStreetMap, корпус;w34332709
osm-107-shkola-657;Школа № 657;нет;Другая;;Школа № 657. Корпус школьного образования №2;55.605129;37.617247;OpenStreetMap, корпус;w34332719
osm-108-shkola-296;Школа № 296;нет;Другая;;Школа № 296;55.831214;37.591464;OpenStreetMap, корпус;w34585487
osm-109-detskiy-ozdorovitelno-obrazova;"Детский оздоровительно-образовательный центр ""Южный""";нет;Другая;;"Детский оздоровительно-образовательный центр ""Южный""";55.682823;37.704980;OpenStreetMap, корпус;w34911748
osm-110-shkola-536;Школа № 536;нет;Другая;;Школа № 536;55.643926;37.595652;OpenStreetMap, корпус;w35172004
osm-110-shkola-536;Школа № 536;нет;Другая;;Средняя школа № 536, отделение № 2;55.649583;37.599870;OpenStreetMap, корпус;w111538985
osm-111-shkola-1280;Школа № 1280;нет;Другая;;Школа № 1280;55.675195;37.579163;OpenStreetMap, корпус;w35559301
osm-112-litsey-im-sofi-nyuberg;Лицей им. Софьи Нюберг;нет;Другая;;Лицей им. Софьи Нюберг;55.676333;37.581752;OpenStreetMap, корпус;w35977653
osm-113-shkola-585;Школа №585;нет;Другая;;Школа №585;55.598860;37.718901;OpenStreetMap, корпус;w36243218
osm-114-shkola-vuz-sovremennoe-obrazov;Школа-вуз «Современное образование»;нет;Другая;;Школа-вуз «Современное образование»;55.768776;37.635649;OpenStreetMap, корпус;w36358903
osm-115-vysshaya-kommercheskaya-shkola;Высшая коммерческая школа ВАВТ Минэкономразвития России;нет;Другая;;Высшая коммерческая школа ВАВТ Минэкономразвития России;55.878904;37.468137;OpenStreetMap, корпус;w36476905
osm-116-shkola-2000;Школа № 2000;нет;Другая;;Школа №2000 корпус №3;55.641171;37.659865;OpenStreetMap, корпус;w36868611
osm-116-shkola-2000;Школа № 2000;нет;Другая;;Школа №2000 корпус №1;55.642199;37.660047;OpenStreetMap, корпус;w87296431
osm-116-shkola-2000;Школа № 2000;нет;Другая;;Школа № 2000;55.634892;37.682135;OpenStreetMap, корпус;w96675547
osm-116-shkola-2000;Школа № 2000;нет;Другая;;Школа №2000 корпус №2;55.641854;37.660899;OpenStreetMap, корпус;w101321916
osm-117-shkola-886;Школа №886;нет;Другая;;Школа №886;55.606993;37.729885;OpenStreetMap, корпус;w37148021
osm-118-shkola-49;Школа № 49;нет;Другая;;Школа №49. Школьный корпус;55.641986;37.546718;OpenStreetMap, корпус;w37330394
osm-118-shkola-49;Школа № 49;нет;Другая;;Школа № 49;55.647269;37.536902;OpenStreetMap, корпус;w359730497
osm-118-shkola-49;Школа № 49;нет;Другая;;Школа №49. Школьный корпус;55.643629;37.534059;OpenStreetMap, корпус;w374185846
osm-118-shkola-49;Школа № 49;нет;Другая;;Школа №49. Школьный корпус;55.645739;37.535857;OpenStreetMap, корпус;r13010684
osm-119-kadetskaya-shkola;Кадетская школа;нет;Другая;;Кадетская школа;55.684596;37.869449;OpenStreetMap, корпус;w37332330
osm-120-shkola-714;Школа №714;нет;Другая;;Школа №714;55.723174;37.409018;OpenStreetMap, корпус;w37432346
osm-121-shkola-10-im;Школа №10 им;нет;Другая;;Школа №10 им. А.К. Астрахова;55.900318;37.714021;OpenStreetMap, корпус;r5762986
osm-122-shkola-10;Школа №10;нет;Другая;;Школа №10;55.691604;37.871134;OpenStreetMap, корпус;w48305937
osm-123-shkola-internat-10;Школа-интернат №10;нет;Другая;;Школа №10 (основное здание);55.751496;37.881076;OpenStreetMap, корпус;w136583493
osm-123-shkola-internat-10;Школа-интернат №10;нет;Другая;;Школа-интернат №10;55.733527;37.836719;OpenStreetMap, корпус;w411055138
osm-124-litsey-10;Лицей №10;нет;Другая;;Лицей №10;55.896843;37.414555;OpenStreetMap, корпус;w795936795
osm-125-shkola-10;Школа №10;нет;Другая;;Школа №10;55.945599;37.497179;OpenStreetMap, корпус;w115233643
osm-126-shkola-10;Школа №10;нет;Другая;;Школа №10;55.831917;37.298343;OpenStreetMap, корпус;w171215774
osm-127-litsey-10;Лицей № 10;нет;Другая;;Лицей № 10;55.679928;37.253436;OpenStreetMap, корпус;w798624892
osm-128-tsentr-obrazovaniya-1071;Центр образования №1071;нет;Другая;;Центр образования №1071;55.569599;37.571394;OpenStreetMap, корпус;w37740666
osm-129-shkola-1069;Школа 1069;нет;Другая;;Школа 1069;55.573948;37.586821;OpenStreetMap, корпус;w37740675
osm-130-shkola-5;Школа № 5;нет;Другая;;Школа № 5;55.747852;37.869495;OpenStreetMap, корпус;r186783
osm-131-mbou-sosh-5;МБОУ СОШ №5;нет;Другая;;МБОУ СОШ №5;55.891234;37.718374;OpenStreetMap, корпус;w51858798
osm-132-gimnaziya-5;Гимназия №5;нет;Другая;;Гимназия №5;55.625836;37.862552;OpenStreetMap, корпус;w113682340
osm-133-gimnaziya-5;Гимназия №5;нет;Другая;;Гимназия №5;55.816078;37.321226;OpenStreetMap, корпус;w191624981
osm-134-shkola-5;Школа №5;нет;Другая;;Школа №5;55.901326;37.456518;OpenStreetMap, корпус;w292047566
osm-134-shkola-5;Школа №5;нет;Другая;;Школа № 5. Начальное отделение;55.901837;37.453788;OpenStreetMap, корпус;w490559426
osm-135-litsey-5;Лицей № 5;нет;Другая;;Лицей № 5;55.910135;37.834376;OpenStreetMap, корпус;r9084216
osm-136-shkola-internat-5-preobrazhens;"Школа-интернат №5 ""Преображенский кадетский корпус""";нет;Другая;;"Школа-интернат №5 ""Преображенский кадетский корпус""";55.825370;37.710180;OpenStreetMap, корпус;r19334928
osm-137-nachalnaya-shkola-litseya-5;Начальная школа лицея №5;нет;Другая;;Физико-математический лицей №5;55.934208;37.517476;OpenStreetMap, корпус;n10648616697
osm-137-nachalnaya-shkola-litseya-5;Начальная школа лицея №5;нет;Другая;;Начальная школа лицея №5;55.939744;37.507420;OpenStreetMap, корпус;w103638086
osm-138-shkola-5;Школа №5;нет;Другая;;Школа №5;55.674977;37.283886;OpenStreetMap, корпус;w45496375
osm-139-spetsshkola-6;спецшкола № 6;нет;Другая;;спецшкола № 6;55.729865;37.432961;OpenStreetMap, корпус;w38737995
osm-140-shkola-6;Школа №6;нет;Другая;;Школа №6;55.749196;37.856375;OpenStreetMap, корпус;w39304160
osm-141-shkola-6;Школа №6;нет;Другая;;Школа №6;55.683036;37.882459;OpenStreetMap, корпус;w46347826
osm-142-shkola-6;Школа №6;нет;Другая;;Школа №6;55.910050;37.733967;OpenStreetMap, корпус;r5470918
osm-142-shkola-6;Школа №6;нет;Другая;;Школа №6, корпус 1;55.906720;37.722938;OpenStreetMap, корпус;r5762988
osm-143-litsey-6;Лицей №6;нет;Другая;;Лицей №6;55.891533;37.471883;OpenStreetMap, корпус;w993985457
osm-144-litsey-6-imeni-a;Лицей №6 имени А;нет;Другая;;Лицей №6 имени А.С. Пушкина;55.682630;37.284147;OpenStreetMap, корпус;w97530608
osm-145-gimnaziya-6;Гимназия №6;нет;Другая;;Гимназия №6;55.816139;37.313246;OpenStreetMap, корпус;w192137325
osm-146-shkola-6;Школа №6;нет;Другая;;Школа №6;55.944268;37.511079;OpenStreetMap, корпус;r7421830
osm-147-shkola-808;Школа № 808;нет;Другая;;Школа № 808;55.729151;37.427259;OpenStreetMap, корпус;w38738023
osm-148-litsey;Лицей;нет;Другая;;Лицей;55.747452;37.859881;OpenStreetMap, корпус;w39304158
osm-149-shkola-8;Школа №8;нет;Другая;;Школа №8;55.915463;37.729481;OpenStreetMap, корпус;w396993784
osm-150-shkola-8;Школа №8;нет;Другая;;Школа №8;55.890793;37.438365;OpenStreetMap, корпус;r9384690
osm-151-shkola-8;Школа №8;нет;Другая;;Школа №8;55.680415;37.293539;OpenStreetMap, корпус;w709578229
osm-152-shkola-489;Школа № 489;нет;Другая;;Школа № 489;55.717669;37.736866;OpenStreetMap, корпус;w39393807
osm-153-shkola-841;Школа № 841;нет;Другая;;Школа № 841;55.717388;37.735468;OpenStreetMap, корпус;w39393808
osm-154-shkola-918;Школа №918;нет;Другая;;Школа №918;55.670210;37.722557;OpenStreetMap, корпус;w39577161
osm-155-gbou-shkola-1256;ГБОУ Школа № 1256;нет;Другая;;ГБОУ Школа № 1256;55.689294;37.729194;OpenStreetMap, корпус;w39627110
osm-156-shkola-773;Школа №773;нет;Другая;;Школа №773;55.688156;37.729518;OpenStreetMap, корпус;w39627114
osm-157-shkola-1465-imeni-admirala-n;Школа № 1465 имени адмирала Н;нет;Другая;;Центр образования №1465 имени адмирала Н.Г. Кузнецова;55.745102;37.559628;OpenStreetMap, корпус;w39894769
osm-157-shkola-1465-imeni-admirala-n;Школа № 1465 имени адмирала Н;нет;Другая;;Школа № 1465 им. Н. Г. Кузнецова. Школьное отделение № 2;55.747743;37.567973;OpenStreetMap, корпус;w183539979
osm-157-shkola-1465-imeni-admirala-n;Школа № 1465 имени адмирала Н;нет;Другая;;Школа № 1465 имени адмирала Н.Г. Кузнецова. Здание на Студенческой, 29;55.740151;37.545640;OpenStreetMap, корпус;r14663500
osm-157-shkola-1465-imeni-admirala-n;Школа № 1465 имени адмирала Н;нет;Другая;;Школа № 1465 имени адмирала Н.Г. Кузнецова. Корпус 3;55.742739;37.547002;OpenStreetMap, корпус;r17958851
osm-158-shkola-1100;Школа №1100;нет;Другая;;Школа №1100;55.662899;37.531883;OpenStreetMap, корпус;w40057245
osm-159-shkola-14;Школа №14;нет;Другая;;Школа №14;55.824214;37.369890;OpenStreetMap, корпус;w40122094
osm-160-shkola-14;Школа №14;нет;Другая;;Школа №14;55.913563;37.752838;OpenStreetMap, корпус;r5762987
osm-161-shkola-14;Школа №14;нет;Другая;;Школа №14;55.900303;37.411012;OpenStreetMap, корпус;w134988947
osm-162-shkola-14;Школа № 14;нет;Другая;;Школа № 14. Корпус школьного образования №1;55.662299;37.465705;OpenStreetMap, корпус;w306457185
osm-162-shkola-14;Школа № 14;нет;Другая;;Школа № 14. Корпус школьного образования №2;55.658698;37.467252;OpenStreetMap, корпус;w306457186
osm-163-shkola-14;Школа №14;нет;Другая;;Школа №14;55.936261;37.495875;OpenStreetMap, корпус;r16627720
osm-164-gimnaziya-14;Гимназия №14;нет;Другая;;Гимназия №14;55.687563;37.293460;OpenStreetMap, корпус;w1434940339
osm-165-shkola-809;Школа № 809;нет;Другая;;Школа № 809;55.717494;37.405161;OpenStreetMap, корпус;w40674513
osm-166-shkola-4;Школа №4;нет;Другая;;Школа №4;55.753817;37.850948;OpenStreetMap, корпус;w40954951
osm-167-internat-4;Интернат №4;нет;Другая;;Интернат №4;55.727186;37.675755;OpenStreetMap, корпус;w52476786
osm-168-shkola-4;Школа №4;нет;Другая;;Школа №4;55.907341;37.716647;OpenStreetMap, корпус;w57323987
osm-169-gimnaziya-4;Гимназия №4;нет;Другая;;Гимназия №4;55.628440;37.855235;OpenStreetMap, корпус;w112286649
osm-169-gimnaziya-4;Гимназия №4;нет;Другая;;Гимназия №4;55.598988;37.879194;OpenStreetMap, корпус;w1423783999
osm-170-psihonevrologicheskiy-internat;Психоневрологический интернат №4;нет;Другая;;Психоневрологический интернат №4;55.736262;37.459065;OpenStreetMap, корпус;r6609198
osm-171-gimnaziya-4;Гимназия №4;нет;Другая;;Гимназия №4;55.893330;37.445840;OpenStreetMap, корпус;w489393314
osm-172-mladshaya-shkola-4;Младшая школа #4;нет;Другая;;Младшая школа #4;55.855464;37.120277;OpenStreetMap, корпус;n6635203285
osm-172-mladshaya-shkola-4;Младшая школа #4;нет;Другая;;МБОУ Гимназия №4;55.841593;37.140837;OpenStreetMap, корпус;w226505080
osm-172-mladshaya-shkola-4;Младшая школа #4;нет;Другая;;Средняя школа № 4;55.855051;37.124513;OpenStreetMap, корпус;w524501713
osm-173-gimnaziya-4;Гимназия №4;нет;Другая;;Гимназия №4;55.683511;37.287597;OpenStreetMap, корпус;w47258197
osm-174-litsey-4;Лицей №4;нет;Другая;;Лицей №4;55.838926;37.300662;OpenStreetMap, корпус;r8509415
osm-175-shkola-feniks;Школа «Феникс»;нет;Другая;;Школа «Феникс»;55.673296;37.562972;OpenStreetMap, корпус;w41183745
osm-176-shkola-feniks;"Школа ""Феникс""";нет;Другая;;"Школа ""Феникс""";55.797123;37.398559;OpenStreetMap, корпус;w113778411
osm-177-shkola-feniks;"Школа ""Феникс""";нет;Другая;;"Школа ""Феникс""";55.679638;37.870740;OpenStreetMap, корпус;w1444368329
osm-178-shkola-1924;Школа №1924;нет;Другая;;Школа №1924;55.736207;37.851596;OpenStreetMap, корпус;w41430909
osm-179-shkola-1925;Школа №1925;нет;Другая;;Школа №1925, центр образования с эстетическим направлением;55.735440;37.852785;OpenStreetMap, корпус;w41430910
osm-180-shkola-1351;Школа №1351;нет;Другая;;Школа №1351;55.741486;37.857655;OpenStreetMap, корпус;w41450485
osm-181-gimnaziya-1592;Гимназия №1592;нет;Другая;;Гимназия №1592. Отделение №2043;55.874902;37.554396;OpenStreetMap, корпус;w41657209
osm-182-shkola-964;Школа №964;нет;Другая;;Школа №964;55.897125;37.616075;OpenStreetMap, корпус;w41826105
osm-183-tsentr-obrazovaniya-1497;Центр образования №1497;нет;Другая;;Центр образования №1497;55.744606;37.492726;OpenStreetMap, корпус;w41981684
osm-184-shkola-73;Школа №73;нет;Другая;;Школа №73;55.732879;37.467241;OpenStreetMap, корпус;w42237425
osm-185-internat-73;Интернат №73;нет;Другая;;Интернат №73;55.664708;37.607951;OpenStreetMap, корпус;w89153919
osm-186-shkola-262;Школа №262;нет;Другая;;Школа №262;55.732374;37.464740;OpenStreetMap, корпус;w42237426
osm-187-tsentr-obrazovaniya-1854;Центр образования №1854;нет;Другая;;Центр образования №1854 (8-11 классы);55.802601;37.471751;OpenStreetMap, корпус;w42368435
osm-188-navigatskaya-shkola;Навигацкая школа;нет;Другая;;Навигацкая школа;55.731077;37.455822;OpenStreetMap, корпус;w42394177
osm-189-shkola-1825;Школа №1825;нет;Другая;;Школа №1825;55.570265;37.568224;OpenStreetMap, корпус;w42412954
osm-190-shkola-1332;Школа №1332;нет;Другая;;Школа №1332;55.569180;37.572659;OpenStreetMap, корпус;w42417162
osm-191-shkola-1229;Школа №1229;нет;Другая;;Школа №1229;55.750453;37.679622;OpenStreetMap, корпус;w43321808
osm-192-shkola-707;Школа №707;нет;Другая;;Школа №707;55.797178;37.773624;OpenStreetMap, корпус;w44503057
osm-193-shkola-473;Школа №473;нет;Другая;;Школа №473;55.639486;37.798048;OpenStreetMap, корпус;w45248616
osm-193-shkola-473;Школа №473;нет;Другая;;Школа №473;55.639004;37.797596;OpenStreetMap, корпус;w129529144
osm-194-shkola-45;Школа №45;нет;Другая;;Школа №45;55.684747;37.869346;OpenStreetMap, корпус;w45683399
osm-195-shkola-45;Школа №45;нет;Другая;;Школа №45;55.724092;37.560386;OpenStreetMap, корпус;r6758127
osm-196-nou-razvitie-shkola-kompensiru;"НОУ ""Развитие"" (школа компенсирующего обучения)";нет;Другая;;"НОУ ""Развитие"" (школа компенсирующего обучения)";55.671585;37.564651;OpenStreetMap, корпус;w45739177
osm-197-shkola-664;Школа №664;нет;Другая;;Школа №664;55.819755;37.866506;OpenStreetMap, корпус;w45779227
osm-198-shkola-internat-im-yu-v-nikuli;Школа-интернат им. Ю.В.Никулина;нет;Другая;;Школа-интернат им. Ю.В.Никулина;55.704338;37.790629;OpenStreetMap, корпус;r359070
osm-199-shkola-394;Школа №394;нет;Другая;;Школа №394;55.705160;37.785964;OpenStreetMap, корпус;w45875704
osm-200-shkola-468;Школа № 468;нет;Другая;;Школа № 468;55.712986;37.771026;OpenStreetMap, корпус;w45876992
osm-201-shkola-26;Школа № 26;нет;Другая;;Школа № 26;55.694429;37.550781;OpenStreetMap, корпус;w46657631
osm-202-shkola-26;Школа №26;нет;Другая;;Школа №26;55.903510;37.398196;OpenStreetMap, корпус;w301190041
osm-203-shkola-26;Школа №26;нет;Другая;;Школа №26;55.911485;37.719111;OpenStreetMap, корпус;r5762989
osm-204-shkola-25;Школа № 25;нет;Другая;;Школа № 25;55.695269;37.548741;OpenStreetMap, корпус;w46657632
osm-205-shkola-25;Школа №25;нет;Другая;;Школа №25;55.899373;37.403667;OpenStreetMap, корпус;w86484633
osm-206-gimnaziya-41;Гимназия №41;нет;Другая;;Гимназия №41;55.673450;37.868504;OpenStreetMap, корпус;w47077310
osm-207-litsey-42;Лицей №42;нет;Другая;;Лицей №42;55.669811;37.879006;OpenStreetMap, корпус;w47079201
osm-208-shkola-951;Школа №951;нет;Другая;;Школа №951;55.892280;37.676978;OpenStreetMap, корпус;w47514087
osm-209-nou-shkola-sv-georgiya;"НОУ ""Школа св. Георгия""";нет;Другая;;"НОУ ""Школа св. Георгия""";55.686867;37.745419;OpenStreetMap, корпус;w48222931
osm-210-shkola-1429-imeni-geroya-sovet;Школа №1429 имени Героя Советского Союза Н;нет;Другая;;Школа №1429 имени Героя Советского Союза Н.А. Боброва;55.778932;37.686729;OpenStreetMap, корпус;w48239580
osm-211-shkola-954;Школа №954;нет;Другая;;Школа №954;55.895285;37.635351;OpenStreetMap, корпус;w48524187
osm-212-shkola-1017;Школа № 1017;нет;Другая;;Школа № 1017;55.636855;37.343270;OpenStreetMap, корпус;w48799879
osm-213-shkola-xxi-vek;Школа XXI век;нет;Другая;;Школа XXI век;55.745915;37.701510;OpenStreetMap, корпус;w49140332
osm-214-shkola-459;Школа №459;нет;Другая;;Школа №459;55.738791;37.706280;OpenStreetMap, корпус;w49251909
osm-215-rogozhskaya-drevlepravoslavnay;Рогожская Древлеправославная общеобразовательная школа;нет;Другая;;Рогожская Древлеправославная общеобразовательная школа;55.738799;37.701215;OpenStreetMap, корпус;w49260760
osm-216-litsey-1303;Лицей №1303;нет;Другая;;Лицей №1303;55.751845;37.679198;OpenStreetMap, корпус;w49906444
osm-217-shkola-415;Школа №415;нет;Другая;;Школа №415;55.757405;37.689640;OpenStreetMap, корпус;w49908065
osm-218-shkola-1379;Школа 1379;нет;Другая;;Школа 1379;55.673781;37.550955;OpenStreetMap, корпус;w50123050
osm-219-shkola-751;Школа №751;нет;Другая;;Школа №751 (начальные классы);55.884323;37.696964;OpenStreetMap, корпус;w50672832
osm-219-shkola-751;Школа №751;нет;Другая;;Школа №751;55.884163;37.698793;OpenStreetMap, корпус;w58742202
osm-220-shkola-1310;Школа №1310;нет;Другая;;Школа №1310;55.742624;37.782676;OpenStreetMap, корпус;w51273173
osm-221-gimnaziya-1799-shkolnoe-otdele;Гимназия №1799 Школьное отделение 3;нет;Другая;;Гимназия №1799 Школьное отделение 3;55.801857;37.716802;OpenStreetMap, корпус;w51422928
osm-222-shkola-2016;Школа № 2016;нет;Другая;;Школа № 2016. Корпус школьного образования №1;55.651916;37.608015;OpenStreetMap, корпус;w51832350
osm-223-shkola-13;Школа №13;нет;Другая;;Школа №13;55.894831;37.731514;OpenStreetMap, корпус;w52073302
osm-224-shkola-13;Школа №13;нет;Другая;;Школа №13;55.915578;37.814198;OpenStreetMap, корпус;w164586394
osm-225-litsey-13;Лицей №13;нет;Другая;;Лицей №13;55.884161;37.418832;OpenStreetMap, корпус;r2517397
osm-226-gimnaziya-13;Гимназия №13;нет;Другая;;Гимназия №13;55.940854;37.488785;OpenStreetMap, корпус;w23838365
osm-227-gimnaziya-13;Гимназия № 13;нет;Другая;;Гимназия № 13;55.675147;37.256566;OpenStreetMap, корпус;w1088111829
osm-228-srednyaya-shkola;Средняя школа;нет;Другая;;Средняя школа;55.894416;37.397798;OpenStreetMap, корпус;w52100963
osm-229-shkola-500;Школа № 500;нет;Другая;;Школа № 500;55.713370;37.672784;OpenStreetMap, корпус;w52462356
osm-230-kadetskaya-shkola-internat-69;Кадетская школа-интернат №69;нет;Другая;;Кадетская школа-интернат №69;55.670499;37.523727;OpenStreetMap, корпус;w52564709
osm-231-shkola-internat-62;Школа-интернат №62;нет;Другая;;Школа-интернат №62;55.670586;37.525933;OpenStreetMap, корпус;w52564710
osm-231-shkola-internat-62;Школа-интернат №62;нет;Другая;;Школа-интернат №62;55.671382;37.525138;OpenStreetMap, корпус;w52564722
osm-232-tsentr-obrazovaniya-1311-thiya;Центр образования №1311 Тхия;нет;Другая;;Центр образования №1311 Тхия;55.671572;37.523995;OpenStreetMap, корпус;w52564713
osm-233-tsentr-obrazovaniya-1828-sabur;"Центр образования № 1828 ""Сабурово""";нет;Другая;;"Центр образования № 1828 ""Сабурово""";55.639843;37.697567;OpenStreetMap, корпус;w54830058
osm-234-shkola-519;Школа № 519;нет;Другая;;Школа № 519;55.683975;37.720110;OpenStreetMap, корпус;w55340453
osm-235-shkola-891;Школа №891;нет;Другая;;Школа №891;55.721133;37.829277;OpenStreetMap, корпус;w56077411
osm-236-shkola-1386;Школа №1386;нет;Другая;;Школа №1386;55.716544;37.748641;OpenStreetMap, корпус;w56677839
osm-237-shkola-488;Школа №488;нет;Другая;;Школа №488;55.712171;37.742177;OpenStreetMap, корпус;w56757597
osm-238-tsentr-obrazovaniya-1404-gamma;Центр образования №1404 Гамма;нет;Другая;;Центр образования №1404 Гамма;55.716453;37.826807;OpenStreetMap, корпус;w56759631
osm-239-shkola-27;Школа №27;нет;Другая;;Школа №27;55.903723;37.702355;OpenStreetMap, корпус;w57253498
osm-240-shkola-27;Школа №27;нет;Другая;;Школа №27;55.885539;37.429895;OpenStreetMap, корпус;r8907367
osm-241-litsey-parus;"Лицей ""Парус""";нет;Другая;;"Лицей ""Парус""";55.631693;37.853119;OpenStreetMap, корпус;w57998633
osm-242-tsentr-obrazovaniya-1681;Центр образования № 1681;нет;Другая;;Центр образования № 1681;55.565594;37.570487;OpenStreetMap, корпус;w61461902
osm-243-shkola-249;Школа №249;нет;Другая;;Школа №249;55.894149;37.594135;OpenStreetMap, корпус;w61732784
osm-244-shkola-139;Школа №139;нет;Другая;;Школа №139;55.891469;37.593065;OpenStreetMap, корпус;w61915162
osm-245-shkola-sovhoza-im-lenina;Школа совхоза им. Ленина;нет;Другая;;Школа совхоза им. Ленина;55.584692;37.728448;OpenStreetMap, корпус;w63089977
osm-246-tsentr-obrazovaniya-1483;Центр образования №1483;нет;Другая;;Центр образования №1483 (встр);55.790674;37.793824;OpenStreetMap, корпус;w64612074
osm-247-shkola-1356;Школа №1356;нет;Другая;;Школа №1356;55.567247;37.581376;OpenStreetMap, корпус;w64711598
osm-248-tsentr-obrazovaniya-1613;Центр образования № 1613;нет;Другая;;Центр образования № 1613;55.573931;37.586774;OpenStreetMap, корпус;w64764904
osm-248-tsentr-obrazovaniya-1613;Центр образования № 1613;нет;Другая;;Центр образования № 1613;55.573642;37.587903;OpenStreetMap, корпус;w237072663
osm-249-shkola-2064;Школа №2064;нет;Другая;;Школа №2064;55.595016;37.347255;OpenStreetMap, корпус;w65726796
osm-250-kadetskaya-shkola-1721;Кадетская школа №1721;нет;Другая;;Кадетская школа №1721;55.812503;37.406193;OpenStreetMap, корпус;w69856082
osm-251-shkola-1136;Школа №1136;нет;Другая;;Школа №1136;55.814741;37.401802;OpenStreetMap, корпус;w69856250
osm-252-osnovnoy-korpus-shkoly;Основной корпус школы;нет;Другая;;Основной корпус школы;55.743329;37.781929;OpenStreetMap, корпус;w72873782
osm-253-shkola-646;Школа №646;нет;Другая;;Школа №646;55.797867;37.785353;OpenStreetMap, корпус;w77611759
osm-254-tsentr-obrazovaniya-1816;Центр образования №1816;нет;Другая;;Центр образования №1816;55.737711;37.494946;OpenStreetMap, корпус;r6719795
osm-255-obrazovatelnyy-tsentr-gazprom;"Образовательный центр ""Газпром""";нет;Другая;;"Образовательный центр ""Газпром""";55.662806;37.558564;OpenStreetMap, корпус;w78719017
osm-256-razvilkovskaya-srednyaya-shkol;Развилковская средняя школа;нет;Другая;;Развилковская средняя школа;55.587872;37.760975;OpenStreetMap, корпус;w78730245
osm-257-shkola-419;Школа №419;нет;Другая;;Школа №419;55.799710;37.796339;OpenStreetMap, корпус;w79054130
osm-258-shkola-1301-im;Школа №1301 им;нет;Другая;;Школа №1301 имени Е. Т. Гайдара;55.780511;37.723793;OpenStreetMap, корпус;w79534444
osm-258-shkola-1301-im;Школа №1301 им;нет;Другая;;Школа №1301 имени Е.Т. Гайдара;55.773178;37.733828;OpenStreetMap, корпус;r12661655
osm-258-shkola-1301-im;Школа №1301 им;нет;Другая;;Школа №1301 им. Е.Т. Гайдара;55.780049;37.738511;OpenStreetMap, корпус;r7814787
osm-259-shkola-11;Школа №11;нет;Другая;;Школа №11;55.688543;37.539078;OpenStreetMap, корпус;w81950814
osm-260-kadetskaya-shkola-internat-11;Кадетская школа-интернат № 11;нет;Другая;;Кадетская школа-интернат № 11;55.741499;37.409134;OpenStreetMap, корпус;w108330615
osm-261-litsey-11;Лицей № 11;нет;Другая;;Лицей № 11;55.899913;37.451180;OpenStreetMap, корпус;w348335605
osm-261-litsey-11;Лицей № 11;нет;Другая;;Лицей № 11;55.890389;37.453771;OpenStreetMap, корпус;w489393339
osm-262-shkola-11;Школа № 11;нет;Другая;;Школа № 11. Учебное здание;55.821534;37.332405;OpenStreetMap, корпус;r15715354
osm-262-shkola-11;Школа № 11;нет;Другая;;Школа № 11. Основное здание;55.826447;37.317880;OpenStreetMap, корпус;w182859953
osm-263-gimnaziya-11;Гимназия №11;нет;Другая;;Гимназия №11;55.682205;37.257762;OpenStreetMap, корпус;w52155344
osm-263-gimnaziya-11;Гимназия №11;нет;Другая;;Гимназия № 11;55.681474;37.242913;OpenStreetMap, корпус;w1380022252
osm-264-shkola-11;Школа №11;нет;Другая;;Школа № 11;55.936547;37.502672;OpenStreetMap, корпус;w364777949
osm-264-shkola-11;Школа №11;нет;Другая;;Школа №11;55.935697;37.507555;OpenStreetMap, корпус;r7692700
osm-265-nachalnaya-shkola-2553;Начальная школа №2553;нет;Другая;;Начальная школа №2553;55.752268;37.828416;OpenStreetMap, корпус;w82083420
osm-266-shkola-1139;Школа №1139;нет;Другая;;Школа №1139;55.861082;37.677259;OpenStreetMap, корпус;w83138645
osm-267-shkola-606;Школа № 606;нет;Другая;;Школа № 606;55.871768;37.613579;OpenStreetMap, корпус;w83686950
osm-268-shkola-970;Школа №970;нет;Другая;;Школа №970;55.872673;37.588956;OpenStreetMap, корпус;w83687271
osm-269-tsentr-obrazovaniya-1408;Центр образования № 1408;нет;Другая;;Центр образования № 1408;55.700710;37.775043;OpenStreetMap, корпус;w88397811
osm-270-shkola-2128;Школа №2128;нет;Другая;;Школа №2128;55.738656;37.850093;OpenStreetMap, корпус;w88625150
osm-271-shkola-758;Школа №758;нет;Другая;;Школа №758;55.899289;37.590261;OpenStreetMap, корпус;w91144558
osm-272-shkola-potentsial;Школа «Потенциал»;нет;Другая;;Школа «Потенциал»;55.805279;37.640555;OpenStreetMap, корпус;r1338486
osm-273-gimnaziya-17;Гимназия №17;нет;Другая;;Гимназия № 17, учебный корпус № 2;55.907134;37.740418;OpenStreetMap, корпус;w91412458
osm-273-gimnaziya-17;Гимназия №17;нет;Другая;;Гимназия №17;55.906142;37.735519;OpenStreetMap, корпус;w202973299
osm-274-shkola-17;Школа №17;нет;Другая;;Школа №17;55.890065;37.408303;OpenStreetMap, корпус;w177146166
osm-275-shkola-17;Школа №17;нет;Другая;;Одинцовская средняя общеобразовательная школа №17;55.703709;37.322634;OpenStreetMap, корпус;w484736803
osm-275-shkola-17;Школа №17;нет;Другая;;Школа №17;55.697676;37.319537;OpenStreetMap, корпус;w1135434422
osm-276-shkola-17;Школа № 17;нет;Другая;;Школа № 17;55.963565;37.528502;OpenStreetMap, корпус;w576333312
osm-277-nachalnaya-shkola-17;Начальная школа №17;нет;Другая;;Начальная школа №17;55.837112;37.284151;OpenStreetMap, корпус;r12359897
osm-278-shkola-24;Школа №24;нет;Другая;;Школа №24. Корпус 2;55.902625;37.729904;OpenStreetMap, корпус;w91461782
osm-278-shkola-24;Школа №24;нет;Другая;;Школа №24;55.904338;37.718493;OpenStreetMap, корпус;w102400548
osm-279-internat-24;Интернат №24;нет;Другая;;Интернат №24;55.652704;37.590705;OpenStreetMap, корпус;w123226397
osm-280-shkola-1503;Школа № 1503;нет;Другая;;Школа № 1503;55.818757;37.659860;OpenStreetMap, корпус;r1346265
osm-280-shkola-1503;Школа № 1503;нет;Другая;;Школа № 1503;55.818056;37.662894;OpenStreetMap, корпус;r1262955
osm-280-shkola-1503;Школа № 1503;нет;Другая;;Школа № 1503;55.813143;37.654750;OpenStreetMap, корпус;r14075840
osm-281-tsentr-obrazovaniya-1926;Центр образования №1926;нет;Другая;;Центр образования №1926;55.732907;37.860714;OpenStreetMap, корпус;w92615769
osm-282-shkola-1048;Школа №1048;нет;Другая;;Школа №1048;55.737324;37.863689;OpenStreetMap, корпус;w92829328
osm-283-tsentr-obrazovaniya-1927;Центр образования №1927;нет;Другая;;Центр образования №1927;55.736361;37.863486;OpenStreetMap, корпус;w92829336
osm-284-shkola-1200;Школа №1200;нет;Другая;;Школа №1200;55.742042;37.859151;OpenStreetMap, корпус;w92868660
osm-285-shkola-880;Школа №880;нет;Другая;;Школа №880;55.609631;37.589024;OpenStreetMap, корпус;w93181279
osm-286-shkola-1319;Школа №1319;нет;Другая;;Школа №1319;55.652508;37.760350;OpenStreetMap, корпус;w94527802
osm-287-shkola-51;Школа №51;нет;Другая;;Школа №51. Корпус №4;55.644479;37.482070;OpenStreetMap, корпус;w95406391
osm-288-shkola-869;Школа № 869;нет;Другая;;Школа № 869;55.615596;37.646827;OpenStreetMap, корпус;w96114968
osm-289-shkola-575;Школа №575;нет;Другая;;Школа №575;55.601250;37.713099;OpenStreetMap, корпус;w96124576
osm-290-shkola-788;Школа №788;нет;Другая;;Школа №788;55.746058;37.770257;OpenStreetMap, корпус;w96691325
osm-291-shkola-7;Школа №7;нет;Другая;;Школа №7;55.892340;37.734656;OpenStreetMap, корпус;w96709458
osm-292-gimnaziya-7;Гимназия №7;нет;Другая;;Гимназия №7;55.815878;37.332988;OpenStreetMap, корпус;w192998795
osm-293-shkola-7-im;Школа №7 им;нет;Другая;;Школа №7 им. Г. К. Жукова;55.769238;37.861650;OpenStreetMap, корпус;w234001101
osm-293-shkola-7-im;Школа №7 им;нет;Другая;;Школа №7 им. Г. К. Жукова (корпус №2);55.766012;37.860002;OpenStreetMap, корпус;r11217298
osm-294-litsey-7;Лицей № 7;нет;Другая;;Лицей № 7;55.886776;37.455572;OpenStreetMap, корпус;w490420686
osm-295-gimnaziya-7;Гимназия №7;нет;Другая;;Гимназия №7;55.683000;37.259962;OpenStreetMap, корпус;w52155341
osm-296-shkola-7-razvitie;"Школа №7 ""Развитие""";нет;Другая;;"Школа №7 ""Развитие""";55.950759;37.487916;OpenStreetMap, корпус;r7743571
osm-297-gbou-sosh-576;ГБОУ СОШ №576;нет;Другая;;ГБОУ СОШ №576;55.630834;37.676429;OpenStreetMap, корпус;w96778565
osm-298-shkola-1179;Школа №1179;нет;Другая;;Школа №1179. Корпус школьного образования №2;55.636729;37.609138;OpenStreetMap, корпус;w97716798
osm-298-shkola-1179;Школа №1179;нет;Другая;;Школа №1179. Корпус школьного образования №1 (Главное здание);55.638294;37.609267;OpenStreetMap, корпус;w97730993
osm-299-shkola-979;Школа №979;нет;Другая;;Школа №979;55.603377;37.745925;OpenStreetMap, корпус;w98247341
osm-300-shkola-832;Школа №832;нет;Другая;;Школа №832;55.605501;37.704876;OpenStreetMap, корпус;w98330543
osm-301-shkola-1771;Школа №1771;нет;Другая;;Школа №1771 (начальная);55.606203;37.727105;OpenStreetMap, корпус;w98343467
osm-302-shkola-733;Школа № 733;нет;Другая;;Школа № 733;55.769474;37.712877;OpenStreetMap, корпус;w99510199
osm-303-shkola-871;Школа №871;нет;Другая;;Школа №871;55.617443;37.735692;OpenStreetMap, корпус;w99598008
osm-304-tsentr-obrazovaniya-1433;Центр образования №1433;нет;Другая;;Центр образования №1433;55.619360;37.735851;OpenStreetMap, корпус;w99598020
osm-305-shkola-390;Школа №390;нет;Другая;;Школа №390;55.817714;37.715940;OpenStreetMap, корпус;w101264120
osm-306-shkola-2093;Школа № 2093;нет;Другая;;Школа № 2093;55.750324;37.803856;OpenStreetMap, корпус;w101502964
osm-307-shkola-787;Школа №787;нет;Другая;;Школа №787;55.746452;37.810692;OpenStreetMap, корпус;w101696226
osm-308-shkola-982;Школа №982;нет;Другая;;Школа №982;55.640653;37.674725;OpenStreetMap, корпус;w102714130
osm-309-tsentr-obrazovaniya-1470;Центр образования №1470;нет;Другая;;Центр образования №1470;55.814123;37.644964;OpenStreetMap, корпус;r1245766
osm-310-shkola-975;Школа №975;нет;Другая;;Школа №975;55.640110;37.774100;OpenStreetMap, корпус;w103134505
osm-311-shkola-945;Школа №945;нет;Другая;;Школа №945;55.615331;37.736712;OpenStreetMap, корпус;w103858738
osm-312-shkola-1536;Школа № 1536;нет;Другая;;Школа № 1536. Корпус школьного образования № 3;55.684033;37.546057;OpenStreetMap, корпус;w104635222
osm-312-shkola-1536;Школа № 1536;нет;Другая;;Школа № 1536. Корпус школьного образования № 1;55.680056;37.539330;OpenStreetMap, корпус;w548236327
osm-313-pravoslavnaya-gimnaziya-saburo;Православная гимназия Сабурово;нет;Другая;;Православная гимназия Сабурово;55.606230;37.738927;OpenStreetMap, корпус;w105199600
osm-314-tsentr-obrazovaniya-1452-bogor;Центр образования №1452 Богородский;нет;Другая;;Центр образования №1452 Богородский;55.807078;37.708859;OpenStreetMap, корпус;w105704716
osm-315-gimnaziya-ellada;"Гимназия ""Эллада""";нет;Другая;;"Гимназия ""Эллада""";55.643348;37.671492;OpenStreetMap, корпус;w105897910
osm-316-shkola-2017;Школа № 2017;нет;Другая;;Школа № 2017;55.636205;37.717847;OpenStreetMap, корпус;w105917632
osm-317-shkola-309;Школа №309;нет;Другая;;Школа №309;55.863153;37.679466;OpenStreetMap, корпус;r1516929
osm-318-gimnaziya-1587;Гимназия №1587;нет;Другая;;Гимназия №1587;55.635269;37.767498;OpenStreetMap, корпус;w106549299
osm-319-shkola-998;Школа №998;нет;Другая;;Школа №998;55.640549;37.766357;OpenStreetMap, корпус;w106577838
osm-320-shkola-999;Школа №999;нет;Другая;;Школа №999;55.639712;37.764058;OpenStreetMap, корпус;w107101977
osm-321-nachalnaya-shkola-992;Начальная школа №992;нет;Другая;;Начальная школа №992;55.639193;37.762415;OpenStreetMap, корпус;w107101982
osm-322-shkola-104;Школа № 104;нет;Другая;;Школа № 104;55.684076;37.564601;OpenStreetMap, корпус;w108715365
osm-323-nachalnaya-shkola;Начальная школа;нет;Другая;;Начальная школа;55.662740;37.849805;OpenStreetMap, корпус;w108891951
osm-324-shkola;Школа;нет;Другая;;Школа;55.822085;37.877668;OpenStreetMap, корпус;w335902688
osm-325-nachalnaya-shkola;Начальная школа;нет;Другая;;Начальная школа;55.891383;37.394713;OpenStreetMap, корпус;w967607462
osm-326-shkola-1232;Школа №1232;нет;Другая;;Школа № 1232;55.742997;37.538726;OpenStreetMap, корпус;w109308297
osm-326-shkola-1232;Школа №1232;нет;Другая;;Школа №1232;55.750193;37.561428;OpenStreetMap, корпус;r8224251
osm-327-shkola-1269;Школа №1269;нет;Другая;;Школа №1269;55.755085;37.786771;OpenStreetMap, корпус;w109562529
osm-328-shkola-450;Школа №450;нет;Другая;;Школа №450;55.753981;37.786329;OpenStreetMap, корпус;w109562536
osm-329-shkola-74;Школа №74;нет;Другая;;Школа №74;55.727616;37.523302;OpenStreetMap, корпус;w110298846
osm-330-spetsshkola-1111;Спецшкола 1111;нет;Другая;;Спецшкола 1111;55.680152;37.605777;OpenStreetMap, корпус;w111088773
osm-331-elizavetinskaya-gimnaziya;Елизаветинская гимназия;нет;Другая;;Елизаветинская гимназия;55.737356;37.623989;OpenStreetMap, корпус;w111136360
osm-332-shkola-1623;Школа №1623;нет;Другая;;Школа №1623;55.627614;37.613852;OpenStreetMap, корпус;w111543362
osm-332-shkola-1623;Школа №1623;нет;Другая;;Школа №1623;55.625177;37.614022;OpenStreetMap, корпус;w498299188
osm-333-shkola-1099;Школа №1099;нет;Другая;;Школа №1099;55.874275;37.723947;OpenStreetMap, корпус;w112427703
osm-334-shkola-534-korpus-2;Школа №534 корпус 2;нет;Другая;;Школа № 534 Корпус 1;55.628197;37.738085;OpenStreetMap, корпус;w112586645
osm-334-shkola-534-korpus-2;Школа №534 корпус 2;нет;Другая;;Школа № 534 Корпус 3;55.628358;37.747404;OpenStreetMap, корпус;w112594627
osm-334-shkola-534-korpus-2;Школа №534 корпус 2;нет;Другая;;Школа №534 корпус 2;55.623676;37.734436;OpenStreetMap, корпус;w139537401
osm-335-shkola-89;Школа №89;нет;Другая;;Школа №89;55.810614;37.394347;OpenStreetMap, корпус;w113673149
osm-336-shkola-1005;Школа №1005;нет;Другая;;Школа №1005;55.807266;37.452385;OpenStreetMap, корпус;w113776912
osm-337-shkola-129;Школа №129;нет;Другая;;Школа №129;55.807864;37.397827;OpenStreetMap, корпус;w113778107
osm-338-shkola-86;Школа №86;нет;Другая;;Школа №86;55.807663;37.401970;OpenStreetMap, корпус;w113778108
osm-339-shkola-705;Школа № 705;нет;Другая;;Школа № 705. Корпус 1;55.802693;37.394831;OpenStreetMap, корпус;w113778336
osm-339-shkola-705;Школа № 705;нет;Другая;;Школа № 705. Корпус 2;55.801964;37.398347;OpenStreetMap, корпус;r17929850
osm-340-kadetskaya-shkola-1700;Кадетская школа №1700;нет;Другая;;Кадетская школа №1700;55.797209;37.396521;OpenStreetMap, корпус;w113778409
osm-341-shkola-659;Школа №659;нет;Другая;;Школа №659;55.740262;37.420492;OpenStreetMap, корпус;w114315887
osm-342-chastnaya-shkola-mumi-troll-ml;"Частная школа ""Муми-Тролль"" (младшая школа)";нет;Другая;;"Частная школа ""Муми-Тролль"" (младшая школа)";55.886128;37.359140;OpenStreetMap, корпус;w114916519
osm-343-shkola-633;Школа №633;нет;Другая;;Школа №633;55.754620;37.827056;OpenStreetMap, корпус;r5686625
osm-344-kadetskaya-shkola-1784;Кадетская школа № 1784;нет;Другая;;Кадетская школа № 1784 имени генерала армии В.А. Матросова;55.784907;37.574283;OpenStreetMap, корпус;w115646586
osm-344-kadetskaya-shkola-1784;Кадетская школа № 1784;нет;Другая;;Кадетская школа № 1784;55.780277;37.568195;OpenStreetMap, корпус;r7103213
osm-345-shkola-352;Школа №352;нет;Другая;;Школа №352;55.832229;37.664069;OpenStreetMap, корпус;w119072133
osm-346-shkola-426;Школа №426;нет;Другая;;Школа №426;55.624485;37.719216;OpenStreetMap, корпус;r1650088
osm-347-shkola-166;Школа №166;нет;Другая;;Школа №166;55.903676;37.584329;OpenStreetMap, корпус;w122100436
osm-348-shkola-302;Школа №302;нет;Другая;;Школа №302;55.880620;37.579467;OpenStreetMap, корпус;r5713481
osm-349-shkola-1168;Школа №1168;нет;Другая;;Школа №1168;55.849014;37.409266;OpenStreetMap, корпус;w122804844
osm-350-shkola-1416;Школа №1416;нет;Другая;;ГБОУ Школа № 1416 корпус № 2;55.892423;37.580997;OpenStreetMap, корпус;w124797791
osm-350-shkola-1416;Школа №1416;нет;Другая;;ГБОУ Школа № 1416 корпус № 1;55.895441;37.581435;OpenStreetMap, корпус;w125204844
osm-350-shkola-1416;Школа №1416;нет;Другая;;Школа №1416;55.893564;37.581304;OpenStreetMap, корпус;w125204845
osm-351-shkola-1253;Школа 1253;нет;Другая;;Школа 1253;55.765598;37.506496;OpenStreetMap, корпус;w126880529
osm-351-shkola-1253;Школа 1253;нет;Другая;;Школа № 1253. Начальная и средняя школа;55.763314;37.511639;OpenStreetMap, корпус;r20199344
osm-352-shkola-180;Школа №180;нет;Другая;;Школа №180;55.889582;37.610625;OpenStreetMap, корпус;w128056568
osm-353-shkola-225;Школа №225;нет;Другая;;Школа №225;55.824626;37.515322;OpenStreetMap, корпус;w128263509
osm-354-shkola-619;Школа №619;нет;Другая;;Школа №619;55.807667;37.788577;OpenStreetMap, корпус;w128754879
osm-355-shkola-462;Школа №462;нет;Другая;;Школа №462;55.715747;37.673301;OpenStreetMap, корпус;w129584044
osm-356-shkola-internat-9;Школа-интернат №9;нет;Другая;;Школа-интернат №9;55.695187;37.752385;OpenStreetMap, корпус;w129691146
osm-357-gimnaziya-9;Гимназия № 9;нет;Другая;;Гимназия № 9;55.897554;37.453940;OpenStreetMap, корпус;w190430436
osm-358-shkola-9;Школа №9;нет;Другая;;Школа №9;55.947596;37.511520;OpenStreetMap, корпус;w111986551
osm-359-shkola-9;Школа № 9;нет;Другая;;Школа № 9;55.678821;37.250280;OpenStreetMap, корпус;r11062272
osm-360-tsentr-obrazovaniya-1441-bronn;Центр образования №1441«Бронная слобода»;нет;Другая;;Центр образования №1441«Бронная слобода»;55.762145;37.597321;OpenStreetMap, корпус;r1751600
osm-361-shkola-1216;Школа №1216;нет;Другая;;Школа №1216;55.735002;37.672405;OpenStreetMap, корпус;w130278483
osm-362-shkola-313;Школа №313;нет;Другая;;Школа №313;55.879522;37.703921;OpenStreetMap, корпус;w130998381
osm-363-shkola-16;Школа № 16;нет;Другая;;Школа № 16;55.695621;37.328289;OpenStreetMap, корпус;w131069518
osm-364-gimnaziya-16;Гимназия №16;нет;Другая;;Гимназия №16;55.890634;37.476476;OpenStreetMap, корпус;w161416892
osm-365-shkola-16;Школа №16;нет;Другая;;Школа №16;55.816675;37.366667;OpenStreetMap, корпус;w376003126
osm-366-shkola-16;Школа № 16;нет;Другая;;Школа № 16;55.959784;37.522833;OpenStreetMap, корпус;w421765099
osm-367-shkola-1929;Школа №1929;нет;Другая;;Школа №1929;55.635430;37.743300;OpenStreetMap, корпус;r1763003
osm-368-svyato-vladimirskaya-shkola;Свято-Владимирская школа;нет;Другая;;Свято-Владимирская школа;55.753682;37.640627;OpenStreetMap, корпус;w131751466
osm-369-shkola-245;Школа №245;нет;Другая;;Школа №245;55.890966;37.613045;OpenStreetMap, корпус;w132725687
osm-370-ano-shkola-premer;"АНО ""Школа ""Премьер""";нет;Другая;;"АНО ""Школа ""Премьер""";55.619742;37.725728;OpenStreetMap, корпус;w134901767
osm-371-shkola-939;Школа №939;нет;Другая;;Школа №939;55.613618;37.723664;OpenStreetMap, корпус;w134901782
osm-371-shkola-939;Школа №939;нет;Другая;;Школа №939;55.622280;37.724076;OpenStreetMap, корпус;w711306807
osm-371-shkola-939;Школа №939;нет;Другая;;Школа №939;55.616180;37.726201;OpenStreetMap, корпус;r11086454
osm-372-litsey-15;Лицей №15;нет;Другая;;Лицей №15;55.901635;37.409405;OpenStreetMap, корпус;w134988944
osm-373-shkola-15;Школа №15;нет;Другая;;Школа №15;55.828873;37.293208;OpenStreetMap, корпус;r13468549
osm-374-shkola-149-imeni-geroya-sovets;Школа № 149 имени Героя Советского Союза Ю;нет;Другая;;Школа № 149 имени Героя Советского Союза Ю. Н. Зыкова;55.805705;37.500950;OpenStreetMap, корпус;r1819043
osm-375-shkola-1631-imeni-geroya-sovet;Школа № 1631 имени Героя Советского Союза В;нет;Другая;;Школа № 1631 имени Героя Советского Союза В.П. Кислякова. Учебный корпус № 668;55.896518;37.532351;OpenStreetMap, корпус;w135398212
osm-375-shkola-1631-imeni-geroya-sovet;Школа № 1631 имени Героя Советского Союза В;нет;Другая;;Школа № 1631 имени Героя Советского Союза В.П. Кислякова. Учебный корпус № 1631;55.892120;37.539580;OpenStreetMap, корпус;r7190748
osm-376-shkola-960;Школа №960;нет;Другая;;Школа №960;55.888428;37.607517;OpenStreetMap, корпус;w135854616
osm-377-shkola-255;Школа №255;нет;Другая;;Школа №255 (бывшая №195);55.894872;37.605697;OpenStreetMap, корпус;w136884285
osm-378-shkola-308;Школа №308;нет;Другая;;Школа №308;55.807240;37.642406;OpenStreetMap, корпус;w140563396
osm-379-shkola-524;Школа № 524;нет;Другая;;Школа № 524;55.646249;37.584482;OpenStreetMap, корпус;w141040653
osm-380-shkola-318;Школа №318;нет;Другая;;Школа №318;55.814606;37.723730;OpenStreetMap, корпус;w141643616
osm-381-shkola-362;Школа №362;нет;Другая;;Школа №362;55.813838;37.728621;OpenStreetMap, корпус;w141643636
osm-382-shkola-222;Школа №222;нет;Другая;;Школа №222 (Корпус 2);55.886137;37.561027;OpenStreetMap, корпус;w143013486
osm-382-shkola-222;Школа №222;нет;Другая;;Школа №222;55.881880;37.561703;OpenStreetMap, корпус;w241360759
osm-383-shkola-847;Школа №847;нет;Другая;;Школа №847;55.882172;37.522305;OpenStreetMap, корпус;w144131944
osm-384-shkola-683;Школа №683;нет;Другая;;Школа №683;55.889524;37.524624;OpenStreetMap, корпус;w144131946
osm-385-shkola-444;Школа № 444;нет;Другая;;Школа № 444. Корпус школьного образования;55.783874;37.706044;OpenStreetMap, корпус;w147003347
osm-386-shkola-272;Школа №272;нет;Другая;;Школа №272;55.868682;37.561098;OpenStreetMap, корпус;w148698553
osm-387-gbou-shkola-1420-korpus-12;ГБОУ Школа 1420, Корпус № 12;нет;Другая;;ГБОУ Школа 1420, Корпус № 12;55.700164;37.787211;OpenStreetMap, корпус;w150185126
osm-388-shkola-12;Школа №12;нет;Другая;;Школа №12;55.884784;37.743277;OpenStreetMap, корпус;r2893419
osm-389-shkola-12;Школа № 12;нет;Другая;;Школа № 12;55.730534;37.532559;OpenStreetMap, корпус;w353198792
osm-390-shkola-12;Школа №12;нет;Другая;;Школа №12;55.806073;37.324646;OpenStreetMap, корпус;r3320130
osm-391-litsey-12;Лицей №12;нет;Другая;;Лицей №12;55.890553;37.420965;OpenStreetMap, корпус;r8273116
osm-392-shkola-12;Школа №12;нет;Другая;;Школа №12;55.672909;37.260204;OpenStreetMap, корпус;w1088109481
osm-393-shkola-708;Школа №708;нет;Другая;;Школа №708;55.803389;37.767501;OpenStreetMap, корпус;w150881647
osm-394-shkola-365;Школа №365;нет;Другая;;Школа №365;55.817378;37.728764;OpenStreetMap, корпус;w153236806
osm-395-shkola-442;Школа №442;нет;Другая;;Школа №442;55.815501;37.722361;OpenStreetMap, корпус;w154000076
osm-396-shkola-374;Школа №374;нет;Другая;;Школа №374;55.816556;37.697893;OpenStreetMap, корпус;w155653757
osm-397-shkola-samson;"Школа ""Самсон""";нет;Другая;;"Школа ""Самсон""";55.683813;37.676786;OpenStreetMap, корпус;w157140955
osm-398-shkola-1314;Школа №1314;нет;Другая;;Школа №1314;55.712986;37.789198;OpenStreetMap, корпус;r2102794
osm-399-shkola-867;Школа №867;нет;Другая;;Школа №867;55.637176;37.755408;OpenStreetMap, корпус;r240274
osm-400-shkola-997;Школа №997;нет;Другая;;Школа №997;55.636768;37.753895;OpenStreetMap, корпус;r240273
osm-401-tsentr-obrazovaniya-1865;Центр образования №1865;нет;Другая;;Центр образования №1865;55.783579;37.512459;OpenStreetMap, корпус;w157600516
osm-402-shkola-684;Школа №684;нет;Другая;;Школа №684;55.807891;37.515930;OpenStreetMap, корпус;w157617101
osm-403-shkola-1884;Школа №1884;нет;Другая;;Школа №1884;55.867493;37.529415;OpenStreetMap, корпус;w158029421
osm-404-shkola-574;школа №574;нет;Другая;;школа №574;55.678938;37.654463;OpenStreetMap, корпус;w160199979
osm-405-tsentr-obrazovaniya-1417;Центр образования №1417;нет;Другая;;Центр образования №1417;55.671699;37.793569;OpenStreetMap, корпус;w160282325
osm-406-shkola-2099;Школа № 2099;нет;Другая;;Школа № 2099. Здание 1;55.817529;37.493171;OpenStreetMap, корпус;w161413502
osm-406-shkola-2099;Школа № 2099;нет;Другая;;Школа № 2099. Здание 2;55.819794;37.491188;OpenStreetMap, корпус;r16145301
osm-407-shkola-gorod-colntsa;"Школа ""Город Cолнца""";нет;Другая;;"Школа ""Город Cолнца""";55.906053;37.625509;OpenStreetMap, корпус;w161698430
osm-408-shkola-935;Школа №935;нет;Другая;;Школа №935;55.582711;37.688890;OpenStreetMap, корпус;w161863172
osm-409-shkola-996;Школа № 996;нет;Другая;;Школа № 996;55.627052;37.723636;OpenStreetMap, корпус;r2396447
osm-410-shkola-internat-105;Школа-интернат №105;нет;Другая;;Школа-интернат №105;55.716747;37.740292;OpenStreetMap, корпус;r2248444
osm-411-shkola-445;Школа №445;нет;Другая;;Школа №445;55.793548;37.781369;OpenStreetMap, корпус;w168840466
osm-412-shkola-1114;Школа №1114;нет;Другая;;Школа №1114;55.764701;37.490679;OpenStreetMap, корпус;r2307305
osm-413-shkola-696;Школа №696;нет;Другая;;Школа №696;55.764702;37.484136;OpenStreetMap, корпус;w172805534
osm-414-shkola-1124;Школа 1124;нет;Другая;;Школа 1124;55.640058;37.336802;OpenStreetMap, корпус;w173489807
osm-415-shkola-1933;Школа № 1933;нет;Другая;;Школа № 1933;55.646468;37.349875;OpenStreetMap, корпус;w173489810
osm-416-shkola-1376;Школа № 1376;нет;Другая;;Школа № 1376;55.648688;37.340725;OpenStreetMap, корпус;w173489812
osm-417-shkola-407;Школа №407;нет;Другая;;Школа №407;55.723943;37.812176;OpenStreetMap, корпус;w176751812
osm-418-shkola-813;Школа №813;нет;Другая;;Школа №813;55.719975;37.813726;OpenStreetMap, корпус;w176751813
osm-419-svyato-georgievskaya-gimnaziya;Свято-Георгиевская гимназия;нет;Другая;;Свято-Георгиевская гимназия;55.820078;37.322747;OpenStreetMap, корпус;w178314930
osm-420-shkola-1032;Школа №1032;нет;Другая;;Школа №1032;55.796022;37.731006;OpenStreetMap, корпус;w178441147
osm-421-shkola-219;Школа №219;нет;Другая;;Школа №219;55.900900;37.582094;OpenStreetMap, корпус;w179116510
osm-422-chastnaya-nachalnaya-shkola-ga;Частная начальная школа «Галилей»;нет;Другая;;Частная начальная школа «Галилей»;55.806484;37.689382;OpenStreetMap, корпус;w179615797
osm-423-spetsshkola-991;Спецшкола №991;нет;Другая;;Спецшкола №991;55.619489;37.739508;OpenStreetMap, корпус;r2425833
osm-424-shkola-378;Школа №378;нет;Другая;;Школа №378;55.794948;37.696337;OpenStreetMap, корпус;w185426891
osm-425-tsentr-obrazovaniya-1426;Центр образования №1426;нет;Другая;;Центр образования №1426;55.596532;37.659963;OpenStreetMap, корпус;w187244540
osm-426-shkola-1035;Школа №1035;нет;Другая;;Школа №1035;55.820222;37.754162;OpenStreetMap, корпус;w188330084
osm-427-shkola-373;Школа №373;нет;Другая;;Школа №373;55.828721;37.757252;OpenStreetMap, корпус;w188434483
osm-428-gimnaziya-1572;Гимназия №1572;нет;Другая;;Гимназия №1572;55.786782;37.610161;OpenStreetMap, корпус;w189136645
osm-429-sosh-198;СОШ № 198;нет;Другая;;СОШ № 198;55.706566;37.583568;OpenStreetMap, корпус;w189725485
osm-430-shkola-589;Школа № 589;нет;Другая;;Школа № 589;55.718246;37.393755;OpenStreetMap, корпус;w191705018
osm-431-shkola-1266;Школа № 1266;нет;Другая;;Школа № 1266;55.704841;37.578319;OpenStreetMap, корпус;r2631945
osm-432-gbou-sosh-480;ГБОУ СОШ 480;нет;Другая;;ГБОУ СОШ 480;55.734170;37.677657;OpenStreetMap, корпус;w196889682
osm-433-shkola-internat-35;Школа-интернат №35;нет;Другая;;Школа-интернат №35;55.787230;37.602768;OpenStreetMap, корпус;w196952681
osm-434-tsentr-obrazovaniya-1421;Центр образования №1421;нет;Другая;;Центр образования №1421;55.713637;37.753027;OpenStreetMap, корпус;r2699560
osm-435-gimnaziya-mgups;Гимназия МГУПС;нет;Другая;;Гимназия МГУПС;55.803227;37.645266;OpenStreetMap, корпус;w201014765
osm-436-shkola-259;Школа №259;нет;Другая;;Школа №259;55.795250;37.600537;OpenStreetMap, корпус;w202195837
osm-437-shkola-363;Школа №363;нет;Другая;;Школа №363 (начальные классы);55.808856;37.712045;OpenStreetMap, корпус;r2752454
osm-438-shkola-edvays;"Школа ""Эдвайс""";нет;Другая;;"Школа ""Эдвайс""";55.815293;37.791073;OpenStreetMap, корпус;w205878083
osm-439-kibershkola;КиберШкола;нет;Другая;;КиберШкола;55.807033;37.786580;OpenStreetMap, корпус;r14275411
osm-440-shkola-829;Школа №829;нет;Другая;;Школа №829;55.858884;37.410119;OpenStreetMap, корпус;w207305883
osm-441-shkola-1956;Школа №1956;нет;Другая;;Школа №1956;55.802962;37.610502;OpenStreetMap, корпус;w207606311
osm-442-shkola-920;Школа №920;нет;Другая;;Школа №920;55.746927;37.778104;OpenStreetMap, корпус;w216065798
osm-443-shkola-660;Школа №660;нет;Другая;;Школа №660;55.867317;37.534243;OpenStreetMap, корпус;w216252169
osm-444-shkola-1121;Школа №1121;нет;Другая;;Школа №1121;55.875475;37.541642;OpenStreetMap, корпус;r6751351
osm-445-litsey-1594;Лицей №1594;нет;Другая;;Лицей №1594;55.864232;37.540581;OpenStreetMap, корпус;w216268349
osm-446-shkola-662;Школа №662;нет;Другая;;Школа №662;55.874322;37.520685;OpenStreetMap, корпус;w216269282
osm-447-litsey-1550;Лицей №1550;нет;Другая;;Лицей №1550;55.782654;37.559747;OpenStreetMap, корпус;w217369344
osm-447-litsey-1550;Лицей №1550;нет;Другая;;Лицей №1550, подр №2;55.785370;37.558626;OpenStreetMap, корпус;r14989885
osm-448-shkola-1066;Школа №1066;нет;Другая;;Школа №1066;55.575511;37.574250;OpenStreetMap, корпус;w221522083
osm-449-shkola-274;Школа №274;нет;Другая;;Школа №274;55.884124;37.648179;OpenStreetMap, корпус;w227488072
osm-450-litsey-1523;Лицей №1523;нет;Другая;;Лицей №1523;55.677141;37.681463;OpenStreetMap, корпус;r3049425
osm-451-progimnaziya-1882;Прогимназия №1882;нет;Другая;;Прогимназия №1882;55.705885;37.812290;OpenStreetMap, корпус;w230787749
osm-452-shkola-1213;Школа № 1213;нет;Другая;;Школа № 1213;55.843991;37.565385;OpenStreetMap, корпус;r3164563
osm-452-shkola-1213;Школа № 1213;нет;Другая;;Школа № 1213. Корпус № 2;55.842467;37.573637;OpenStreetMap, корпус;w241375900
osm-452-shkola-1213;Школа № 1213;нет;Другая;;Школа № 1213;55.839783;37.576187;OpenStreetMap, корпус;w1257008884
osm-453-gbou-sosh-shkola-1010-korpus-3;ГБОУ СОШ Школа №1010 Корпус №3;нет;Другая;;ГБОУ СОШ Школа №1010 Корпус №3;55.770920;37.478798;OpenStreetMap, корпус;r1285674
osm-454-shkola-267;Школа № 267;нет;Другая;;Школа № 267;55.871971;37.609323;OpenStreetMap, корпус;w239870094
osm-455-shkola-1678;Школа №1678;нет;Другая;;Школа №1678;55.891714;37.560310;OpenStreetMap, корпус;w241361187
osm-455-shkola-1678;Школа №1678;нет;Другая;;Школа №1678;55.881603;37.555395;OpenStreetMap, корпус;w241361651
osm-456-shkola-1084;Школа №1084;нет;Другая;;Школа №1084;55.698680;37.840389;OpenStreetMap, корпус;r3324791
osm-457-progimnaziya-1728;Прогимназия №1728;нет;Другая;;Прогимназия №1728;55.642513;37.408379;OpenStreetMap, корпус;w246723264
osm-458-gimnaziya-1597;Гимназия №1597;нет;Другая;;Гимназия №1597;55.709069;37.816305;OpenStreetMap, корпус;w246898126
osm-459-shkola-1909;Школа №1909;нет;Другая;;Школа №1909;55.686454;37.861561;OpenStreetMap, корпус;w247016213
osm-460-shkola-1011;Школа № 1011;нет;Другая;;Школа № 1011;55.646163;37.401620;OpenStreetMap, корпус;w247099214
osm-461-shkola-1003;Школа №1003;нет;Другая;;Школа №1003;55.652487;37.413328;OpenStreetMap, корпус;w247887301
osm-462-shkola-1096;Школа №1096;нет;Другая;;Школа №1096;55.866428;37.698540;OpenStreetMap, корпус;w248420121
osm-463-shkola-1009;Школа №1009;нет;Другая;;Школа №1009;55.645341;37.409226;OpenStreetMap, корпус;w255238883
osm-464-shkola-1380;Школа №1380;нет;Другая;;Школа №1380;55.884516;37.651695;OpenStreetMap, корпус;r3428541
osm-465-shkola-1455;Школа №1455;нет;Другая;;Школа №1455;55.651058;37.367117;OpenStreetMap, корпус;w258766989
osm-466-shkola-una;Школа «УНА»;нет;Другая;;Школа «УНА»;55.878332;37.649371;OpenStreetMap, корпус;w259550332
osm-467-shkola-237;Школа №237;нет;Другая;;Школа №237;55.795844;37.612202;OpenStreetMap, корпус;w260452178
osm-468-shkola-1119;Школа № 1119;нет;Другая;;Школа № 1119;55.689045;37.497342;OpenStreetMap, корпус;w264644428
osm-469-shkola-1014;Школа №1014;нет;Другая;;Школа №1014;55.640021;37.362252;OpenStreetMap, корпус;w270083455
osm-470-shkola-1015;Школа №1015;нет;Другая;;Школа №1015;55.639314;37.363530;OpenStreetMap, корпус;w270083456
osm-471-tsentr-obrazovaniya-1436;Центр образования №1436;нет;Другая;;Центр образования №1436;55.634402;37.381086;OpenStreetMap, корпус;w270187583
osm-472-shkola-1493;Школа #1493;нет;Другая;;Школа #1493;55.653663;37.749450;OpenStreetMap, корпус;w282238821
osm-473-shkola-858;Школа №858;нет;Другая;;Школа №858;55.615794;37.602119;OpenStreetMap, корпус;w283341336
osm-474-np-tso-litsey-stolichnyy;"НП ЦО ""Лицей ""Столичный""";нет;Другая;;"НП ЦО ""Лицей ""Столичный""";55.617000;37.588421;OpenStreetMap, корпус;w284401169
osm-475-pravoslavnaya-gimnaziya-radone;"Православная гимназия ""Радонеж""";нет;Другая;;"Православная гимназия ""Радонеж""";55.599114;37.513579;OpenStreetMap, корпус;w287553005
osm-476-shkola-vybor;"Школа ""Выбор""";нет;Другая;;"Школа ""Выбор""";55.657893;37.610210;OpenStreetMap, корпус;w288601028
osm-477-shkola-1212;Школа № 1212;нет;Другая;;Школа № 1212. Корпус школьного образования №2;55.599318;37.517533;OpenStreetMap, корпус;w288604118
osm-477-shkola-1212;Школа № 1212;нет;Другая;;Школа № 1212. Корпус школьного образования №1;55.598115;37.516988;OpenStreetMap, корпус;w288604121
osm-477-shkola-1212;Школа № 1212;нет;Другая;;Школа № 1212. Корпус школьного образования №4;55.604043;37.528586;OpenStreetMap, корпус;w289860985
osm-477-shkola-1212;Школа № 1212;нет;Другая;;Школа № 1212. Корпус школьного образования №3;55.601527;37.526771;OpenStreetMap, корпус;w290495398
osm-478-shkola-2042;Школа № 2042;нет;Другая;;Школа № 2042;55.656725;37.588682;OpenStreetMap, корпус;w288938260
osm-479-shkola-556;Школа №556;нет;Другая;;Школа №556. Корпус школьного образования;55.617224;37.585222;OpenStreetMap, корпус;w293518110
osm-479-shkola-556;Школа №556;нет;Другая;;Школа №556. Корпус начального образования;55.620671;37.585700;OpenStreetMap, корпус;w399595402
osm-480-gbou-shkola-1476-korpus-1;ГБОУ Школа №1476, корпус №1;нет;Другая;;ГБОУ Школа №1476, корпус №1;55.777077;37.831581;OpenStreetMap, корпус;w294746097
osm-480-gbou-shkola-1476-korpus-1;ГБОУ Школа №1476, корпус №1;нет;Другая;;ГБОУ Школа №1476, корпус №2;55.776039;37.826522;OpenStreetMap, корпус;w294746098
osm-481-shkola-726;Школа №726;нет;Другая;;Школа №726;55.817762;37.507201;OpenStreetMap, корпус;w296766987
osm-482-tsentr-obrazovaniya-1685;Центр образования №1685;нет;Другая;;Центр образования №1685;55.748778;37.651025;OpenStreetMap, корпус;w296899004
osm-483-shkola-1220;Школа №1220;нет;Другая;;Школа № 1220;55.817391;37.627212;OpenStreetMap, корпус;w302728535
osm-483-shkola-1220;Школа №1220;нет;Другая;;Школа №1220;55.817193;37.621387;OpenStreetMap, корпус;r9068415
osm-484-shkola-1264;Школа №1264;нет;Другая;;Школа №1264;55.674954;37.528855;OpenStreetMap, корпус;w304943996
osm-485-shkola-1361;Школа №1361;нет;Другая;;Школа №1361;55.674998;37.536440;OpenStreetMap, корпус;r8769465
osm-486-shkola-29;Школа №29;нет;Другая;;Школа №29;55.900380;37.478103;OpenStreetMap, корпус;w315425344
osm-486-shkola-29;Школа №29;нет;Другая;;Школа №29;55.899867;37.480449;OpenStreetMap, корпус;w995308493
osm-487-kadetskaya-shkola-1702;Кадетская школа №1702;нет;Другая;;Кадетская школа №1702;55.864923;37.515435;OpenStreetMap, корпус;r4245553
osm-488-shkola-672;Школа №672;нет;Другая;;Школа №672;55.749585;37.782209;OpenStreetMap, корпус;w320747994
osm-489-tsentr-obrazovaniya-1877-lyubl;"Центр образования №1877 ""Люблино""";нет;Другая;;"Центр образования №1877 ""Люблино""";55.668675;37.746194;OpenStreetMap, корпус;w330589926
osm-490-shkola-958;Школа №958;нет;Другая;;Школа №958;55.868843;37.609097;OpenStreetMap, корпус;w334253493
osm-491-gimnaziya-43;Гимназия №43;нет;Другая;;Гимназия №43;55.690002;37.868244;OpenStreetMap, корпус;w335330377
osm-492-srednyaya-obscheobrazovatelnay;Средняя общеобразовательная школа №31;нет;Другая;;Средняя общеобразовательная школа №31;55.821933;37.877376;OpenStreetMap, корпус;w335902689
osm-493-shkola-31;Школа № 31;нет;Другая;;Школа № 31;55.910295;37.706027;OpenStreetMap, корпус;r5721009
osm-494-shkola-31;Школа №31;нет;Другая;;Школа №31;55.905664;37.402254;OpenStreetMap, корпус;w450344230
osm-494-shkola-31;Школа №31;нет;Другая;;Школа №31;55.905160;37.395932;OpenStreetMap, корпус;w502403425
osm-495-tsentr-obrazovaniya-1490;Центр образования №1490;нет;Другая;;Центр образования №1490;55.903258;37.553996;OpenStreetMap, корпус;w338055299
osm-496-spetsshkola-486;Спецшкола №486;нет;Другая;;Спецшкола №486;55.741757;37.658619;OpenStreetMap, корпус;r4831993
osm-497-shkola-498;Школа №498;нет;Другая;;Школа №498;55.737829;37.652038;OpenStreetMap, корпус;r4834971
osm-497-shkola-498;Школа №498;нет;Другая;;Школа № 498. Школьный корпус Марксистская улица, дом 9, корпус 2;55.736517;37.668080;OpenStreetMap, корпус;r8897320
osm-497-shkola-498;Школа №498;нет;Другая;;Школа № 498. Школьный корпус Большой Факельный переулок, дом 23;55.741276;37.668079;OpenStreetMap, корпус;r8897322
osm-498-shkola-54;Школа №54;нет;Другая;;Школа №54;55.723771;37.570351;OpenStreetMap, корпус;w343922114
osm-499-tsentr-obrazovaniya-lichnost;"Центр образования ""Личность""";нет;Другая;;"Центр образования ""Личность""";55.719327;37.789303;OpenStreetMap, корпус;w345118620
osm-500-shkola-im-hinksona;Школа им. Хинксона;нет;Другая;;Школа им. Хинксона;55.674892;37.576726;OpenStreetMap, корпус;w355662159
osm-501-shkola-494-im;Школа №494 им;нет;Другая;;Школа №494 им. А. Н. Рожкова;55.704728;37.655968;OpenStreetMap, корпус;w361018891
osm-502-tsentr-obrazovaniya-628;Центр образования № 628;нет;Другая;;Центр образования № 628;55.667847;37.608885;OpenStreetMap, корпус;w363405576
osm-503-shkola-635;Школа №635;нет;Другая;;Школа №635;55.757169;37.792579;OpenStreetMap, корпус;r5713482
osm-504-shkola-881;Школа №881;нет;Другая;;Школа №881;55.602049;37.583949;OpenStreetMap, корпус;w367879924
osm-505-valdorfskaya-semeynaya-initsia;Вальдорфская семейная инициатива «Школа под солнцем»;нет;Другая;;Вальдорфская семейная инициатива «Школа под солнцем»;55.628665;37.453521;OpenStreetMap, корпус;w371930812
osm-506-shkola-1076;Школа №1076;нет;Другая;;Школа №1076;55.813194;37.818255;OpenStreetMap, корпус;w374629533
osm-507-shkola-1097;Школа №1097;нет;Другая;;Школа №1097;55.866003;37.657463;OpenStreetMap, корпус;r5699016
osm-508-shkola-461;Школа № 461;нет;Другая;;Школа № 461;55.702640;37.769203;OpenStreetMap, корпус;w385816697
osm-509-shkola-760-im;Школа №760 им;нет;Другая;;Школа №760 им. А. П. Маресьева. Школьное отделение;55.877678;37.714967;OpenStreetMap, корпус;w394363818
osm-509-shkola-760-im;Школа №760 им;нет;Другая;;Школа №760 им. А. П. Маресьева. Школьное отделение;55.877357;37.711323;OpenStreetMap, корпус;w394589999
osm-509-shkola-760-im;Школа №760 им;нет;Другая;;Школа №760 им. А. П. Маресьева. Школьное отделение;55.881102;37.720302;OpenStreetMap, корпус;r11356961
osm-510-shkola-samoopredeleniya-734-im;Школа самоопределения № 734 имени А. Н. Тубельского (корпус №1);нет;Другая;;Школа самоопределения № 734 имени А. Н. Тубельского (корпус №1);55.801313;37.823903;OpenStreetMap, корпус;w396444375
osm-511-horoshevskaya-progimnaziya;Хорошёвская прогимназия;нет;Другая;;Хорошёвская прогимназия;55.783776;37.465853;OpenStreetMap, корпус;w399065542
osm-512-shkola-1190;Школа №1190;нет;Другая;;Школа № 1190;55.847285;37.369282;OpenStreetMap, корпус;w399226854
osm-512-shkola-1190;Школа №1190;нет;Другая;;Школа №1190;55.847324;37.364753;OpenStreetMap, корпус;r9288165
osm-513-finansovo-ekonomicheskaya-shko;Финансово-экономическая школа;нет;Другая;;Финансово-экономическая школа;55.824253;37.582113;OpenStreetMap, корпус;w400616531
osm-514-shkola-932;Школа №932;нет;Другая;;Школа №932;55.599751;37.585666;OpenStreetMap, корпус;w404896629
osm-515-shkola-409;Школа №409;нет;Другая;;Школа №409;55.746084;37.819034;OpenStreetMap, корпус;w405119704
osm-516-shkola-741;Школа №741;нет;Другая;;Школа №741;55.795403;37.801707;OpenStreetMap, корпус;w425202129
osm-517-nachalnaya-shkola-1826;Начальная школа №1826;нет;Другая;;Начальная школа №1826;55.866688;37.567525;OpenStreetMap, корпус;r6322610
osm-518-shkola-511;Школа №511;нет;Другая;;Школа №511;55.645895;37.663290;OpenStreetMap, корпус;w436009599
osm-519-shkola-1133;Школа № 1133;нет;Другая;;Школа № 1133. Школа развития;55.751649;37.417898;OpenStreetMap, корпус;r6528322
osm-519-shkola-1133;Школа № 1133;нет;Другая;;Школа № 1133. Школа успеха;55.750606;37.418900;OpenStreetMap, корпус;r6528321
osm-520-shkola-32;Школа № 32;нет;Другая;;Школа № 32, корпус 1;55.915462;37.716423;OpenStreetMap, корпус;w442785966
osm-520-shkola-32;Школа № 32;нет;Другая;;Школа № 32, корпус 2;55.917009;37.718630;OpenStreetMap, корпус;w862867459
osm-521-shkola-32-lider;"Школа №32 ""Лидер""";нет;Другая;;"Школа №32 ""Лидер""";55.915570;37.418487;OpenStreetMap, корпус;w1097531807
osm-522-shkola-32;Школа №32;нет;Другая;;Школа №32;55.786676;37.847568;OpenStreetMap, корпус;r15009909
osm-523-shkola-33;Школа №33;нет;Другая;;Школа №33;55.804325;37.845098;OpenStreetMap, корпус;w447976276
osm-524-shkola-717;Школа №717;нет;Другая;;Школа №717;55.817380;37.504959;OpenStreetMap, корпус;w450366849
osm-525-shkola-1323;Школа № 1323;нет;Другая;;Школа № 1323;55.743071;37.625791;OpenStreetMap, корпус;r6696799
osm-526-shkola-28;Школа №28;нет;Другая;;Школа №28;55.907233;37.457799;OpenStreetMap, корпус;w453976883
osm-527-shkola-849;Школа №849;нет;Другая;;Школа №849;55.875355;37.539696;OpenStreetMap, корпус;r6751350
osm-528-spetsshkola-30;Спецшкола №30;нет;Другая;;Спецшкола №30;55.737091;37.571436;OpenStreetMap, корпус;r6758021
osm-529-shkola-internat-30-im-k-a-mika;Школа-интернат №30 им. К. А. Микаэльяна;нет;Другая;;Школа-интернат №30 им. К. А. Микаэльяна;55.799587;37.692041;OpenStreetMap, корпус;r11331272
osm-530-shkola-30;Школа № 30;нет;Другая;;Школа № 30;55.953523;37.444105;OpenStreetMap, корпус;r14445238
osm-531-shkola-1716-evrika-ogonek;"Школа №1716 ""Эврика-Огонёк""";нет;Другая;;"Школа №1716 ""Эврика-Огонёк""";55.665483;37.774368;OpenStreetMap, корпус;w459574973
osm-532-tsentr-obrazovaniya-1989;Центр образования №1989;нет;Другая;;Центр образования №1989;55.663706;37.776100;OpenStreetMap, корпус;w459586029
osm-533-shkola-2011;Школа №2011;нет;Другая;;Школа №2011;55.667712;37.788870;OpenStreetMap, корпус;w459837877
osm-534-shkola-1186;Школа №1186;нет;Другая;;Школа №1186;55.671997;37.767353;OpenStreetMap, корпус;w460010094
osm-535-shkola-572;Школа №572;нет;Другая;;Школа №572;55.680141;37.769958;OpenStreetMap, корпус;w460240932
osm-535-shkola-572;Школа №572;нет;Другая;;Школа № 572, Отделение № 9;55.677505;37.771035;OpenStreetMap, корпус;w476412270
osm-536-shkola-1904;Школа №1904;нет;Другая;;Школа №1904;55.649666;37.747524;OpenStreetMap, корпус;w461109423
osm-537-shkola-1159;Школа № 1159;нет;Другая;;Школа № 1159 (ДО);55.862666;37.515973;OpenStreetMap, корпус;w468860751
osm-537-shkola-1159;Школа № 1159;нет;Другая;;ГБОУ г. Москвы Школа № 1159;55.862505;37.510041;OpenStreetMap, корпус;w558785509
osm-537-shkola-1159;Школа № 1159;нет;Другая;;Школа № 1159;55.859449;37.522389;OpenStreetMap, корпус;r18657239
osm-538-shkola-767;Школа №767;нет;Другая;;Школа №767;55.821187;37.794818;OpenStreetMap, корпус;r7013096
osm-539-shkola-37;Школа №37;нет;Другая;;Школа №37. Корпус школьного образования;55.702703;37.502434;OpenStreetMap, корпус;w479152965
osm-539-shkola-37;Школа №37;нет;Другая;;Школа №37. Корпус школьного образования;55.696486;37.490743;OpenStreetMap, корпус;r12980864
osm-540-shkola-63;Школа № 63;нет;Другая;;Школа № 63;55.756115;37.412393;OpenStreetMap, корпус;r7117134
osm-541-shkola-393;Школа №393;нет;Другая;;Школа №393;55.677524;37.761001;OpenStreetMap, корпус;w490122227
osm-542-nou-shkola-apogey;"НОУ Школа ""Апогей""";нет;Другая;;"НОУ Школа ""Апогей""";55.679346;37.753213;OpenStreetMap, корпус;w492713772
osm-543-internat-tretiy-moskovskiy-kad;"Интeрнат ""Третий Московский кадетский корпус имени Александра Невского""";нет;Другая;;"Интeрнат ""Третий Московский кадетский корпус имени Александра Невского""";55.732888;37.652302;OpenStreetMap, корпус;r7295266
osm-544-shkola-553;Школа № 553;нет;Другая;;Школа № 553;55.724289;37.623634;OpenStreetMap, корпус;w497088018
osm-545-shkola-340;Школа № 340;нет;Другая;;Школа № 340;55.758873;37.536719;OpenStreetMap, корпус;r7325096
osm-546-shkola-1221;Школа №1221;нет;Другая;;Школа №1221;55.740739;37.678870;OpenStreetMap, корпус;r7334651
osm-547-shkola-1291-s-uglublennym-izuc;Школа №1291 с углублённым изучением английского языка;нет;Другая;;Школа №1291 с углублённым изучением английского языка;55.887266;37.537348;OpenStreetMap, корпус;r7405010
osm-548-shkola-440;Школа №440;нет;Другая;;Школа №440 (Гимназия № 1811 «Восточное Измайлово»);55.789705;37.812726;OpenStreetMap, корпус;w524737858
osm-549-tsentr-obrazovaniya-1480;Центр образования №1480;нет;Другая;;Центр образования №1480;55.764591;37.666136;OpenStreetMap, корпус;r7658484
osm-549-tsentr-obrazovaniya-1480;Центр образования №1480;нет;Другая;;Центр образования №1480;55.767301;37.671087;OpenStreetMap, корпус;r15450200
osm-550-shkola-19;Школа № 19;нет;Другая;;Школа № 19;55.819653;37.372184;OpenStreetMap, корпус;r7769356
osm-551-gimnaziya-19;Гимназия № 19;нет;Другая;;Гимназия № 19;55.914929;37.862193;OpenStreetMap, корпус;w857501629
osm-552-shkola-750;Школа №750;нет;Другая;;Школа №750;55.864720;37.696101;OpenStreetMap, корпус;w547624723
osm-553-shkola-933;Школа №933;нет;Другая;;Школа №933;55.582159;37.651068;OpenStreetMap, корпус;w549546857
osm-553-shkola-933;Школа №933;нет;Другая;;Школа №933;55.583750;37.649465;OpenStreetMap, корпус;w709580266
osm-554-chastnaya-shkola-bnot-menahem;"Частная школа ""Бнот Менахем""";нет;Другая;;"Частная школа ""Бнот Менахем""";55.766464;37.642943;OpenStreetMap, корпус;r8016230
osm-555-shkola-727;Школа №727;нет;Другая;;Школа №727;55.847170;37.516630;OpenStreetMap, корпус;w576198916
osm-556-shkola-418;Школа №418;нет;Другая;;Школа №418;55.763278;37.835088;OpenStreetMap, корпус;w582948076
osm-557-gbou-shkola-1373-korpus-1;ГБОУ Школа №1373, корпус №1;нет;Другая;;ГБОУ Школа №1373, корпус №1;55.781279;37.836425;OpenStreetMap, корпус;w584929556
osm-557-gbou-shkola-1373-korpus-1;ГБОУ Школа №1373, корпус №1;нет;Другая;;ГБОУ Школа №1373, корпус №2;55.778435;37.823666;OpenStreetMap, корпус;r8748581
osm-558-shkola-541;Школа 541;нет;Другая;;Школа 541;55.675372;37.601717;OpenStreetMap, корпус;w586790386
osm-559-progimnaziya-1661;Прогимназия №1661;нет;Другая;;Прогимназия №1661;55.873838;37.530825;OpenStreetMap, корпус;r8361042
osm-560-gbou-shkola-514-zdanie-2;ГБОУ школа № 514, здание № 2;нет;Другая;;ГБОУ школа № 514, здание № 2;55.681084;37.706131;OpenStreetMap, корпус;w596360354
osm-560-gbou-shkola-514-zdanie-2;ГБОУ школа № 514, здание № 2;нет;Другая;;ГБОУ школа № 514, здание № 1;55.677583;37.700150;OpenStreetMap, корпус;w641355975
osm-561-shkola-252;Школа № 252;нет;Другая;;Школа № 252;55.814810;37.594509;OpenStreetMap, корпус;w624186249
osm-562-shkola-1164;Школа № 1164;нет;Другая;;Школа № 1164. Учебный корпус «Менделеев»;55.805989;37.576182;OpenStreetMap, корпус;r8709255
osm-562-shkola-1164;Школа № 1164;нет;Другая;;Школа № 1164;55.797339;37.574322;OpenStreetMap, корпус;r11163001
osm-563-shkola-1239;Школа № 1239;нет;Другая;;Школа № 1239;55.760647;37.588370;OpenStreetMap, корпус;r8801933
osm-564-shkola-810;Школа №810;нет;Другая;;Школа №810;55.724440;37.805559;OpenStreetMap, корпус;w650087440
osm-565-shkola-731;Школа №731;нет;Другая;;Школа №731;55.786967;37.362141;OpenStreetMap, корпус;r9060035
osm-566-shkola-304;Школа №304;нет;Другая;;Школа №304;55.818589;37.633900;OpenStreetMap, корпус;r9070447
osm-567-pirogovskaya-shkola;Пироговская школа;нет;Другая;;Пироговская школа;55.735329;37.611177;OpenStreetMap, корпус;r9072849
osm-568-pushkinskaya-gimnaziya-na-pres;Пушкинская гимназия на Пресне;нет;Другая;;Пушкинская гимназия на Пресне;55.758625;37.570652;OpenStreetMap, корпус;r7103024
osm-569-shkola-110;Школа № 110;нет;Другая;;Школа № 110;55.759288;37.596762;OpenStreetMap, корпус;r9332123
osm-570-shkola-590;Школа №590;нет;Другая;;Школа №590;55.740669;37.495962;OpenStreetMap, корпус;r9453295
osm-571-shkola-1262;Школа № 1262;нет;Другая;;Школа № 1262;55.730568;37.620495;OpenStreetMap, корпус;r7839822
osm-572-litsey-1511;Лицей № 1511;нет;Другая;;Лицей № 1511;55.648617;37.651927;OpenStreetMap, корпус;r9569040
osm-573-moskovskiy-kadetskiy-korpus-po;Московский кадетский корпус полиции;нет;Другая;;Московский кадетский корпус полиции;55.844340;37.544520;OpenStreetMap, корпус;w704357047
osm-574-shkola-36;Школа №36;нет;Другая;;Школа №36;55.721274;37.819910;OpenStreetMap, корпус;r9865165
osm-575-shkola-1502-energiya;"Школа №1502 ""Энергия""";нет;Другая;;"Школа №1502 ""Энергия""";55.791892;37.713259;OpenStreetMap, корпус;w709206068
osm-575-shkola-1502-energiya;"Школа №1502 ""Энергия""";нет;Другая;;"Лицей №1502. Корпус ""Гамма""";55.798173;37.707340;OpenStreetMap, корпус;r11679771
osm-576-tsentr-obrazovaniya-264;Центр образования № 264;нет;Другая;;Центр образования № 264;55.851925;37.615877;OpenStreetMap, корпус;r9865159
osm-577-shkola-959;Школа №959;нет;Другая;;Школа №959;55.860617;37.608772;OpenStreetMap, корпус;w709227304
osm-578-shkola-240;Школа №240;нет;Другая;;Школа №240;55.865569;37.621810;OpenStreetMap, корпус;r9866095
osm-579-tsentr-obrazovaniya-1482;Центр образования №1482;нет;Другая;;Центр образования №1482;55.867255;37.635328;OpenStreetMap, корпус;w709265696
osm-580-chu-sosh-nadezhda;"ЧУ СОШ ""Надежда""";нет;Другая;;"ЧУ СОШ ""Надежда""";55.884295;37.609369;OpenStreetMap, корпус;w709548479
osm-581-pravoslavnyy-tsentr-obrazovani;Православный центр образования Святителя Николая Чудотворца;нет;Другая;;Православный центр образования Святителя Николая Чудотворца;55.578050;37.657395;OpenStreetMap, корпус;w709580247
osm-582-shkola-652;Школа №652;нет;Другая;;Школа №652;55.610738;37.581349;OpenStreetMap, корпус;w711304805
osm-583-shkola-123;Школа №123;нет;Другая;;Школа №123;55.757952;37.602231;OpenStreetMap, корпус;r8178929
osm-584-shkola-58;Школа №58;нет;Другая;;Школа №58;55.794040;37.398778;OpenStreetMap, корпус;w717610539
osm-585-shkola-548-tsaritsyno;Школа № 548 «Царицыно»;нет;Другая;;Школа № 548 «Царицыно». Корпус школьного образования «ЗилАрт»;55.701202;37.638785;OpenStreetMap, корпус;w723104569
osm-586-moskovskaya-ekonomicheskaya-sh;Московская экономическая школа;нет;Другая;;Московская экономическая школа;55.760867;37.566200;OpenStreetMap, корпус;r10377236
osm-587-tsentr-obrazovaniya-1460;Центр образования №1460;нет;Другая;;Центр образования №1460;55.691370;37.851604;OpenStreetMap, корпус;w781625164
osm-588-shkola-568;Школа № 568;нет;Другая;;Школа № 568;55.675682;37.595523;OpenStreetMap, корпус;w785862762
osm-589-shkola-438;Школа №438;нет;Другая;;Школа №438;55.616103;37.724067;OpenStreetMap, корпус;r11086455
osm-590-shkola-lidery;"Школа ""Лидеры""";нет;Другая;;"Школа ""Лидеры""";55.728268;37.333713;OpenStreetMap, корпус;r7234462
osm-591-shkola-439-intellekt;"Школа №439 ""Интеллект""";нет;Другая;;"Школа №439 ""Интеллект"" (корпус начального образования №2)";55.738828;37.740861;OpenStreetMap, корпус;r11207186
osm-591-shkola-439-intellekt;"Школа №439 ""Интеллект""";нет;Другая;;"Школа №439 ""Интеллект"" (корпус №1)";55.731191;37.745325;OpenStreetMap, корпус;w1262490343
osm-592-shkola-457;Школа №457;нет;Другая;;Школа №457;55.745104;37.676950;OpenStreetMap, корпус;r11342614
osm-593-shkola-46;Школа № 46;нет;Другая;;Школа № 46;55.657821;37.510322;OpenStreetMap, корпус;r11655326
osm-594-sportshkola-46;Спортшкола № 46;нет;Другая;;Спортшкола № 46;55.606936;37.677575;OpenStreetMap, корпус;r5851694
osm-595-progimnaziya-1774;Прогимназия №1774;нет;Другая;;Прогимназия №1774;55.819861;37.511065;OpenStreetMap, корпус;w851409274
osm-596-petrovskaya-shkola;Петровская школа;нет;Другая;;Петровская школа;55.797458;37.563365;OpenStreetMap, корпус;r11750181
osm-597-shkola-1297;Школа № 1297;нет;Другая;;Школа № 1297;55.787567;37.637204;OpenStreetMap, корпус;r11951886
osm-597-shkola-1297;Школа № 1297;нет;Другая;;Школа № 1297 для детей с особыми образовательными потребностями;55.789324;37.637789;OpenStreetMap, корпус;r17138480
osm-598-gimnaziya;Гимназия;нет;Другая;;Гимназия;55.773022;37.847980;OpenStreetMap, корпус;w878883402
osm-599-shkola-venda;"Школа ""Венда""";нет;Другая;;"Школа ""Венда""";55.815629;37.615591;OpenStreetMap, корпус;r12102755
osm-600-srednyaya-obscheobrazovatelnay;"Средняя общеобразовательная школа ""Мозаика""";нет;Другая;;"Средняя общеобразовательная школа ""Мозаика""";55.872854;37.405883;OpenStreetMap, корпус;r12213760
osm-601-shkola-1621-drevo-zhizni;Школа № 1621 Древо Жизни;нет;Другая;;Школа № 1621 Древо Жизни;55.764838;37.649421;OpenStreetMap, корпус;r10617155
osm-602-gimnaziya-svet;Гимназия Свет;нет;Другая;;Гимназия Свет;55.801882;37.555768;OpenStreetMap, корпус;r12380321
osm-603-shkola-517;Школа №517;нет;Другая;;Школа №517;55.667864;37.595111;OpenStreetMap, корпус;w961154002
osm-604-shkola-1525;Школа № 1525;нет;Другая;;Школа № 1525;55.784628;37.670075;OpenStreetMap, корпус;r4719459
osm-605-shkola-1694-yasenevo;Школа № 1694 «Ясенево»;нет;Другая;;Школа № 1694 «Ясенево». Здание 1;55.612946;37.545020;OpenStreetMap, корпус;w966197845
osm-605-shkola-1694-yasenevo;Школа № 1694 «Ясенево»;нет;Другая;;Школа № 1694 «Ясенево». Здание 3;55.615170;37.547953;OpenStreetMap, корпус;r8907712
osm-605-shkola-1694-yasenevo;Школа № 1694 «Ясенево»;нет;Другая;;Школа № 1694 «Ясенево». Здание 2;55.614289;37.547601;OpenStreetMap, корпус;r8907713
osm-606-shkola-547;Школа № 547;нет;Другая;;Школа № 547;55.591328;37.460102;OpenStreetMap, корпус;r12689325
osm-607-shkola-20;Школа № 20;нет;Другая;;Школа № 20;55.874819;37.398840;OpenStreetMap, корпус;r11211867
osm-608-shkola-1307-troparevo;Школа № 1307 Тропарёво;нет;Другая;;Школа Тропарево. Корпус школьного образования;55.653491;37.469459;OpenStreetMap, корпус;r13179804
osm-608-shkola-1307-troparevo;Школа № 1307 Тропарёво;нет;Другая;;Школа № 1307 Тропарёво;55.656635;37.469319;OpenStreetMap, корпус;w1415317102
osm-609-shkola-1247;Школа № 1247;нет;Другая;;Школа № 1247;55.771059;37.687913;OpenStreetMap, корпус;w991278392
osm-610-shkola-324-zhar-ptitsa;Школа № 324 «Жар-птица»;нет;Другая;;Школа № 324 «Жар-птица». Корпус школьного образования «Журавушка»;55.674728;37.493089;OpenStreetMap, корпус;r13347424
osm-610-shkola-324-zhar-ptitsa;Школа № 324 «Жар-птица»;нет;Другая;;Школа № 324 «Жар-птица». Корпус школьного образования «Жар-птица»;55.672913;37.492801;OpenStreetMap, корпус;r13719712
osm-611-shkola-538-imeni-s;Школа № 538 имени С;нет;Другая;;Школа № 538 имени С.В. Гришина. Корпус школьного образования;55.649981;37.572243;OpenStreetMap, корпус;r13495477
osm-611-shkola-538-imeni-s;Школа № 538 имени С;нет;Другая;;Школа № 538 имени С.В. Гришина. Корпус школьного образования;55.652030;37.576243;OpenStreetMap, корпус;r13496928
osm-611-shkola-538-imeni-s;Школа № 538 имени С;нет;Другая;;Школа № 538 имени С.В. Гришина. Главный корпус школьного образования;55.652555;37.577081;OpenStreetMap, корпус;r13496929
osm-612-shkola-2055;Школа № 2055;нет;Другая;;Школа № 2055. Учебный корпус;55.762848;37.546731;OpenStreetMap, корпус;w1029616464
osm-613-tsentr-obrazovaniya-1699;Центр образования № 1699;нет;Другая;;Центр образования № 1699;55.734946;37.745721;OpenStreetMap, корпус;w1033315598
osm-614-shkola-1699;Школа №1699;нет;Другая;;Школа №1699;55.728572;37.482203;OpenStreetMap, корпус;r17865577
osm-615-chastnaya-shkola-akademicheska;Частная школа «Академическая гимназия»;нет;Другая;;Частная школа «Академическая гимназия»;55.812761;37.682917;OpenStreetMap, корпус;r11805313
osm-616-shkola-pri-posolstve-indii;Школа при посольстве Индии;нет;Другая;;Школа при посольстве Индии;55.746740;37.563282;OpenStreetMap, корпус;r13874935
osm-617-shkola-522;Школа №522;нет;Другая;;Школа №522;55.682323;37.596779;OpenStreetMap, корпус;r13983628
osm-618-obrazovatelnyy-tsentr-vershina;Образовательный центр «Вершина»;нет;Другая;;Образовательный центр «Вершина»;55.875413;37.391123;OpenStreetMap, корпус;r11211866
osm-619-shkola-1148;Школа №1148;нет;Другая;;Школа №1148;55.678179;37.742346;OpenStreetMap, корпус;w1095562111
osm-620-nou-shkola-intellekt;"НОУ Школа ""Интеллект""";нет;Другая;;"НОУ Школа ""Интеллект""";55.680163;37.748152;OpenStreetMap, корпус;w1095562112
osm-621-shkola-687;Школа №687;нет;Другая;;Школа №687;55.701296;37.740966;OpenStreetMap, корпус;w1095563382
osm-622-sportshkola-64;Спортшкола № 64;нет;Другая;;Спортшкола № 64;55.700979;37.781060;OpenStreetMap, корпус;w1096326152
osm-623-shkola-333;Школа № 333;нет;Другая;;Школа № 333;55.703761;37.760216;OpenStreetMap, корпус;w1096326154
osm-624-shkola-120;Школа № 120;нет;Другая;;Школа № 120;55.688086;37.550994;OpenStreetMap, корпус;r14606511
osm-625-shkola-338;Школа №338;нет;Другая;;Школа №338;55.675280;37.741524;OpenStreetMap, корпус;w1097355893
osm-626-shkola-482;Школа №482;нет;Другая;;Школа №482;55.701815;37.736320;OpenStreetMap, корпус;w1097358480
osm-627-shkola-1469;Школа № 1469;нет;Другая;;Школа № 1469;55.702201;37.753957;OpenStreetMap, корпус;w1097447006
osm-628-shkola-480-im;Школа №480 им;нет;Другая;;Школа №480 им. В.В. Талалихина;55.735291;37.684553;OpenStreetMap, корпус;w1097701062
osm-629-zarechenskaya-srednyaya-obsche;Зареченская средняя общеобразовательная школа;нет;Другая;;Зареченская средняя общеобразовательная школа;55.691395;37.399530;OpenStreetMap, корпус;r18283558
osm-630-shkola-968;Школа № 968;нет;Другая;;Школа № 968;55.826385;37.585012;OpenStreetMap, корпус;w1120376460
osm-631-shkola-1690;Школа № 1690;нет;Другая;;Школа № 1690;55.792526;37.725250;OpenStreetMap, корпус;r15013450
osm-632-tsentr-obrazovaniya-345;Центр образования №345;нет;Другая;;Центр образования №345;55.773145;37.672634;OpenStreetMap, корпус;r14956586
osm-633-baumanskaya-inzhenernaya-shkol;Бауманская инженерная школа № 1580. Корпус 3;нет;Другая;;Бауманская инженерная школа № 1580. Корпус 3;55.713720;37.595396;OpenStreetMap, корпус;r15543373
osm-634-baumanskaya-inzhenernaya-shkol;Бауманская инженерная школа № 1580;нет;Другая;;Бауманская инженерная школа № 1580;55.750311;37.701831;OpenStreetMap, корпус;w1198830522
osm-635-litsey-1586;Лицей № 1586;нет;Другая;;Школа № 1586. Учебный корпус № 1;55.709483;37.513557;OpenStreetMap, корпус;w1152214665
osm-635-litsey-1586;Лицей № 1586;нет;Другая;;Лицей № 1586. Корпус 2;55.714148;37.514718;OpenStreetMap, корпус;w1508082265
osm-636-frantsuzskiy-litsey-im-a-dyuma;Французский лицей им. А. Дюма при посольстве Франции;нет;Другая;;Французский лицей им. А. Дюма при посольстве Франции;55.763086;37.631614;OpenStreetMap, корпус;r15671999
osm-637-shkola-1271;Школа № 1271;нет;Другая;;Школа № 1271;55.742181;37.648874;OpenStreetMap, корпус;r15700997
osm-638-shkola-466;Школа №466;нет;Другая;;Школа №466;55.698758;37.758184;OpenStreetMap, корпус;r15710121
osm-639-kadetskiy-korpus-sledstvennogo;Кадетский корпус Следственного комитета РФ им. Александра Невского;нет;Другая;;Кадетский корпус Следственного комитета РФ им. Александра Невского;55.697763;37.758151;OpenStreetMap, корпус;r15710120
osm-640-shkola-koreyskogo-posolstva;Школа корейского посольства;нет;Другая;;Школа корейского посольства;55.719355;37.404291;OpenStreetMap, корпус;r16119405
osm-641-shkola-1041;Школа № 1041;нет;Другая;;Школа № 1041;55.677861;37.720181;OpenStreetMap, корпус;w1198908692
osm-642-tsentr-obrazovaniya-1447;Центр образования №1447;нет;Другая;;Центр образования №1447;55.779783;37.588046;OpenStreetMap, корпус;r1407665
osm-643-shkola-1203;Школа № 1203;нет;Другая;;Школа № 1203;55.768816;37.688036;OpenStreetMap, корпус;r16257777
osm-644-shkola-samoletum;Школа «Самолетум»;нет;Другая;;Школа «Самолетум»;55.800158;37.376893;OpenStreetMap, корпус;w1204648165
osm-645-tatyaninskaya-shkola;Татьянинская школа;нет;Другая;;Татьянинская школа;55.733946;37.748132;OpenStreetMap, корпус;r16542182
osm-646-shkola-1388;Школа № 1388;нет;Другая;;Школа № 1388;55.775977;37.604795;OpenStreetMap, корпус;r16409205
osm-647-ulyanovskaya-srednyaya-obscheo;Ульяновская средняя общеобразовательная школа;нет;Другая;;Ульяновская средняя общеобразовательная школа;55.860221;37.388958;OpenStreetMap, корпус;r16613487
osm-648-frantsuzskiy-litsey-im-aleksan;Французский лицей им. Александра Дюма;нет;Другая;;Французский лицей им. Александра Дюма;55.733666;37.615734;OpenStreetMap, корпус;r16617553
osm-649-kadetskaya-shkola-1785;Кадетская школа №1785;нет;Другая;;Кадетская школа №1785;55.735810;37.691374;OpenStreetMap, корпус;w1268336549
osm-650-pravoslavnaya-svyato-petrovska;Православная Свято-Петровская школа;нет;Другая;;Православная Свято-Петровская школа;55.751085;37.650801;OpenStreetMap, корпус;r9223416
osm-651-nemchinovskiy-litsey;Немчиновский лицей;нет;Другая;;Немчиновский лицей;55.724471;37.359267;OpenStreetMap, корпус;r17589512
osm-651-nemchinovskiy-litsey;Немчиновский лицей;нет;Другая;;Немчиновский лицей;55.703018;37.361133;OpenStreetMap, корпус;r17654966
osm-652-chastnaya-shkola-vozmozhnost;"Частная школа ""Возможность""";нет;Другая;;"Частная школа ""Возможность""";55.659949;37.870597;OpenStreetMap, корпус;w1284419401
osm-653-shkola-1260;Школа № 1260;нет;Другая;;Школа № 1260;55.699790;37.556910;OpenStreetMap, корпус;r3498403
osm-654-shkola-463-im;Школа № 463 им;нет;Другая;;Школа № 463 им. Д. Н. Медведева;55.722088;37.661737;OpenStreetMap, корпус;w1285516011
osm-655-shkola-a-status;"Школа ""А-Статус""";нет;Другая;;"Школа ""А-Статус""";55.683838;37.385439;OpenStreetMap, корпус;r17984718
osm-656-shkola-215;Школа № 215;нет;Другая;;Школа № 215;55.836154;37.527198;OpenStreetMap, корпус;r18133893
osm-657-shkola-745;Школа №745;нет;Другая;;Школа №745;55.865221;37.587807;OpenStreetMap, корпус;r18396247
osm-658-shkolnoe-otdelenie-obrazovatel;"Школьное отделение образовательного центра ""Созвездие""";нет;Другая;;"Школьное отделение образовательного центра ""Созвездие""";55.823541;37.330270;OpenStreetMap, корпус;r18494118
osm-659-shkola-1043;Школа №1043;нет;Другая;;Школа №1043;55.647219;37.748784;OpenStreetMap, корпус;r1836516
osm-660-shkola-yuvenes-nachalnye-klass;"Школа ""Ювенес"". Начальные классы";нет;Другая;;"Школа ""Ювенес"". Начальные классы";55.806394;37.482742;OpenStreetMap, корпус;r18697164
osm-661-obrazovatelnyy-tsentr-polet;"Образовательный центр ""Полёт""";нет;Другая;;"Образовательный центр ""Полёт""";55.813991;37.371965;OpenStreetMap, корпус;r18260767
osm-662-shkola-298;Школа №298;нет;Другая;;Школа №298;55.872381;37.680364;OpenStreetMap, корпус;r1757154
osm-663-moskovskaya-mezhdunarodnaya-sh;"Московская международная школа. Подразделение ""Планета Солнце""";нет;Другая;;"Московская международная школа. Подразделение ""Планета Солнце""";55.762648;37.786758;OpenStreetMap, корпус;w1408677854
osm-664-internat-56;Интернат № 56;нет;Другая;;Интернат № 56;55.670923;37.596180;OpenStreetMap, корпус;w1415578190
osm-665-shkola-493;Школа №493;нет;Другая;;Школа №493;55.657759;37.698572;OpenStreetMap, корпус;w1417948706
osm-666-shkola-1344;Школа №1344;нет;Другая;;Школа №1344;55.695381;37.800132;OpenStreetMap, корпус;w1423559916
osm-667-shkola-2030;Школа № 2030;нет;Другая;;Школа № 2030;55.749818;37.455895;OpenStreetMap, корпус;r19860459
osm-668-novaya-gimnaziya;Новая гимназия;нет;Другая;;Новая гимназия;55.861691;37.375001;OpenStreetMap, корпус;r19917472
osm-669-shkola-1371-krylatskoe;"Школа № 1371 ""Крылатское""";нет;Другая;;"Школа № 1371 ""Крылатское"". Школьный корпус";55.801139;37.346312;OpenStreetMap, корпус;r19982211
osm-670-litsey-1791;Лицей 1791;нет;Другая;;Лицей 1791;55.571657;37.482345;OpenStreetMap, корпус;w1468152488
osm-671-shkola-88;Школа № 88;нет;Другая;;Школа № 88;55.736932;37.681422;OpenStreetMap, корпус;w1474395357
osm-672-shkola-518;Школа № 518;нет;Другая;;Школа № 518;55.743785;37.637301;OpenStreetMap, корпус;r14124596
osm-673-mezhdunarodnaya-shkola-kontsep;Международная школа «Концепт»;нет;Другая;;Международная школа «Концепт»;55.797211;37.772016;OpenStreetMap, корпус;r20744009
osm-674-shkola-1275;Школа №1275;нет;Другая;;Школа №1275;55.783829;37.607018;OpenStreetMap, корпус;r21039369
osm-675-mou-izmaylovskaya-srednyaya-sh;МОУ Измайловская средняя школа;нет;Другая;;МОУ Измайловская средняя школа;55.565550;37.639202;OpenStreetMap, корпус;w1539598400
osm-676-usovskaya-nachalnaya-shkola;Усовская начальная школа;нет;Другая;;Усовская начальная школа;55.737056;37.208606;OpenStreetMap, корпус;n2941191027
osm-677-sosh-gorki-h;"СОШ ""Горки-Х""";нет;Другая;;"СОШ ""Горки-Х""";55.702996;37.019895;OpenStreetMap, корпус;n4160687160
osm-678-shkola-velikih-otkrytiy;Школа Великих Открытий;нет;Другая;;Школа Великих Открытий;55.733539;37.245373;OpenStreetMap, корпус;n8775414224
osm-679-tsentr-obrazovaniya;Центр Образования;нет;Другая;;Центр Образования;55.951361;37.502700;OpenStreetMap, корпус;w111861289
osm-680-ilinskaya-srednyaya-obscheobra;Ильинская средняя общеобразовательная школа;нет;Другая;;Ильинская средняя общеобразовательная школа;55.764302;37.222888;OpenStreetMap, корпус;w150602264
osm-680-ilinskaya-srednyaya-obscheobra;Ильинская средняя общеобразовательная школа;нет;Другая;;Ильинская средняя общеобразовательная школа;55.765664;37.241038;OpenStreetMap, корпус;w1204648166
osm-681-shkola-istok;"Школа ""Исток""";нет;Другая;;"Школа ""Исток""";55.833658;37.310100;OpenStreetMap, корпус;w179166122
osm-682-shkola-imeni-a-n-kosygina;Школа имени А. Н. Косыгина;нет;Другая;;Школа имени А. Н. Косыгина;55.785905;37.294211;OpenStreetMap, корпус;w216816684
osm-683-shkola-imeni-a-s-popova;Школа имени А.С. Попова;нет;Другая;;Школа имени А.С. Попова;55.679456;37.191605;OpenStreetMap, корпус;w242467581
osm-684-litsey;Лицей;нет;Другая;;Лицей;55.868359;37.099006;OpenStreetMap, корпус;w257995224
osm-685-dolgoprudnenskaya-gimnaziya;Долгопрудненская гимназия;нет;Другая;;Долгопрудненская гимназия;55.933019;37.496663;OpenStreetMap, корпус;w304067316
osm-686-pravoslavnaya-shkola-rozhdestv;"Православная школа ""Рождество""";нет;Другая;;"Православная школа ""Рождество""";55.853963;37.048181;OpenStreetMap, корпус;w396298663
osm-687-progimnaziya-snegiri;"Прогимназия ""Снегири""";нет;Другая;;"Прогимназия ""Снегири""";55.856009;37.033065;OpenStreetMap, корпус;w405982730
osm-688-gorkovskaya-shkola;Горковская школа;нет;Другая;;Горковская школа;55.725136;37.160220;OpenStreetMap, корпус;w428808445
osm-689-opalihovskaya-gimnaziya;Опалиховская гимназия;нет;Другая;;Опалиховская гимназия;55.824067;37.261929;OpenStreetMap, корпус;r6681809
osm-689-opalihovskaya-gimnaziya;Опалиховская гимназия;нет;Другая;;Опалиховская гимназия;55.813833;37.204868;OpenStreetMap, корпус;r19585953
osm-689-opalihovskaya-gimnaziya;Опалиховская гимназия;нет;Другая;;Опалиховская гимназия. Здание 3;55.817784;37.245430;OpenStreetMap, корпус;r15708211
osm-690-barvihinskaya-srednyaya-obsche;Барвихинская средняя общеобразовательная школа;нет;Другая;;Барвихинская средняя общеобразовательная школа;55.720761;37.275993;OpenStreetMap, корпус;w460056241
osm-691-litsey-kovcheg-xxi;"Лицей ""Ковчег-XXI""";нет;Другая;;"Лицей ""Ковчег-XXI""";55.787703;37.207202;OpenStreetMap, корпус;w483021290
osm-691-litsey-kovcheg-xxi;"Лицей ""Ковчег-XXI""";нет;Другая;;"Лицей ""Ковчег-XXI""";55.787778;37.222508;OpenStreetMap, корпус;r14347715
osm-692-nazarevskaya-srednyaya-obscheo;Назарьевская средняя общеобразовательная школа;нет;Другая;;Назарьевская средняя общеобразовательная школа;55.674969;37.043173;OpenStreetMap, корпус;w486690157
osm-693-mbou-obrazovatelnyy-tsentr-soz;"МБОУ Образовательный центр ""Созвездие""";нет;Другая;;"МБОУ Образовательный центр ""Созвездие""";55.825701;37.308440;OpenStreetMap, корпус;r7894281
osm-694-shkola-perspektiva;"Школа ""Перспектива""";нет;Другая;;"Школа ""Перспектива""";55.680597;37.201609;OpenStreetMap, корпус;w591590617
osm-695-pavlovskaya-srednyaya-obscheob;Павловская средняя общеобразовательная школа;нет;Другая;;Павловская средняя общеобразовательная школа;55.815861;37.091457;OpenStreetMap, корпус;r9253364
osm-695-pavlovskaya-srednyaya-obscheob;Павловская средняя общеобразовательная школа;нет;Другая;;Павловская средняя общеобразовательная школа. Корпус 2;55.837795;37.128060;OpenStreetMap, корпус;r12478128
osm-695-pavlovskaya-srednyaya-obscheob;Павловская средняя общеобразовательная школа;нет;Другая;;Павловская средняя общеобразовательная школа;55.812565;37.087887;OpenStreetMap, корпус;r15770112
osm-696-angelovskaya-srednyaya-shkola;Ангеловская средняя школа;нет;Другая;;Ангеловская средняя школа;55.862739;37.314195;OpenStreetMap, корпус;r21216543
osm-697-shkola-mir-znaniy;"Школа ""Мир знаний""";нет;Другая;;"Школа ""Мир знаний""";55.747854;37.192284;OpenStreetMap, корпус;w783714156
osm-698-anoo-gumanitarnaya-shkola;"АНОО ""Гуманитарная школа""";нет;Другая;;"АНОО ""Гуманитарная школа""";55.857660;37.126762;OpenStreetMap, корпус;r12828511
osm-699-opalihovskaya-srednyaya-obsche;Опалиховская средняя общеобразовательная школа. Основное здание;нет;Другая;;Опалиховская средняя общеобразовательная школа. Основное здание;55.833223;37.253207;OpenStreetMap, корпус;r2503619
osm-699-opalihovskaya-srednyaya-obsche;Опалиховская средняя общеобразовательная школа. Основное здание;нет;Другая;;"Опалиховская средняя общеобразовательная школа. Корпус ""Серебрица""";55.828575;37.239273;OpenStreetMap, корпус;r2503731
osm-700-nikolo-uryupinskaya-srednyaya-;Николо-Урюпинская средняя школа;нет;Другая;;Николо-Урюпинская средняя школа;55.798954;37.201447;OpenStreetMap, корпус;r6616755
osm-701-mbou-obrazovatelnyy-tsentr-bag;МБОУ образовательный центр Багратион;нет;Другая;;МБОУ образовательный центр Багратион;55.658668;37.226236;OpenStreetMap, корпус;w1145073897
osm-702-petrovo-dalnevskaya-srednyaya-;Петрово-Дальневская средняя общеобразовательная школа;нет;Другая;;Петрово-Дальневская средняя общеобразовательная школа;55.747039;37.169697;OpenStreetMap, корпус;r15630956
osm-703-litsey-im-v-i-dolgih;Лицей им. В. И. Долгих;нет;Другая;;Лицей им. В. И. Долгих;55.802641;37.065517;OpenStreetMap, корпус;r15765839
osm-704-ilinskaya-shkola;Ильинская школа;нет;Другая;;Ильинская школа;55.773138;37.240075;OpenStreetMap, корпус;w1207794638
osm-705-obrazovatelnyy-tsentr-saburovo;"Образовательный центр ""Сабурово"". Учебное здание";нет;Другая;;"Образовательный центр ""Сабурово"". Учебное здание";55.870053;37.250948;OpenStreetMap, корпус;r19585954
osm-706-shkola-dinastiya;"Школа ""Династия""";нет;Другая;;"Школа ""Династия""";55.816111;37.049771;OpenStreetMap, корпус;r16807445
osm-707-rozhdestvenskaya-srednyaya-obs;Рождественская средняя общеобразовательная школа;нет;Другая;;Рождественская средняя общеобразовательная школа;55.855282;37.045548;OpenStreetMap, корпус;r16834171
osm-708-obrazovatelnyy-tsentr-logos;"Образовательный центр ""Логос""";нет;Другая;;"Образовательный центр ""Логос""";55.656474;37.275061;OpenStreetMap, корпус;w1356507824
osm-709-obscheobrazovatelnaya-shkola;Общеобразовательная школа;нет;Другая;;Общеобразовательная школа;55.835792;37.283538;OpenStreetMap, корпус;r6530095
osm-710-obrazovatelnyy-tsentr-otrada-o;"Образовательный центр ""Отрада"". Основное здание";нет;Другая;;"Образовательный центр ""Отрада"". Основное здание";55.871538;37.312016;OpenStreetMap, корпус;r19057634
osm-711-anoo-fizteh-litsey-imeni-p-l-k;АНОО «Физтех-лицей» имени П.Л. Капицы;нет;Другая;;АНОО «Физтех-лицей» имени П.Л. Капицы;55.930237;37.499608;OpenStreetMap, корпус;r4262141
osm-712-pokrovskaya-srednyaya-obscheob;Покровская средняя общеобразовательная школа;нет;Другая;;Покровская средняя общеобразовательная школа;55.813096;37.007058;OpenStreetMap, корпус;r19280458
osm-713-shkola-lider;"Школа ""Лидер""";нет;Другая;;"Школа ""Лидер""";55.828574;36.991395;OpenStreetMap, корпус;r19714800
osm-714-mezhdunarodnaya-angliyskaya-sh;Международная Английская Школа;нет;Другая;;Международная Английская Школа;55.740074;37.115769;OpenStreetMap, корпус;r6170070
